id,name,english,source
0,Unused Slot 0,Unused Slot 0,mh3g-id-res-game-array+placeholder
1,No Item,No Item,mh3g-id-res-game-array+placeholder
2,Book of Combos 1,Book of Combos 1,mh3g-id-res-game-array+mh3u-legacy-display-list
3,Book of Combos 2,Book of Combos 2,mh3g-id-res-game-array+mh3u-legacy-display-list
4,Book of Combos 3,Book of Combos 3,mh3g-id-res-game-array+mh3u-legacy-display-list
5,Book of Combos 4,Book of Combos 4,mh3g-id-res-game-array+mh3u-legacy-display-list
6,Book of Combos 5,Book of Combos 5,mh3g-id-res-game-array+mh3u-legacy-display-list
7,Organizer Guide,Organizer Guide,mh3g-id-res-game-array+mh3u-legacy-display-list
8,Pack Rat Guide,Pack Rat Guide,mh3g-id-res-game-array+mh3u-legacy-display-list
9,Potion,Potion,mh3g-id-res-game-array+mh3u-legacy-display-list
10,Mega Potion,Mega Potion,mh3g-id-res-game-array+mh3u-legacy-display-list
11,Nutrients,Nutrients,mh3g-id-res-game-array+mh3u-legacy-display-list
12,Mega Nutrients,Mega Nutrients,mh3g-id-res-game-array+mh3u-legacy-display-list
13,Antidote,Antidote,mh3g-id-res-game-array+mh3u-legacy-display-list
14,Immunizer,Immunizer,mh3g-id-res-game-array+mh3u-legacy-display-list
15,Dash Juice,Dash Juice,mh3g-id-res-game-array+mh3u-legacy-display-list
16,Mega Dash Juice,Mega Dash Juice,mh3g-id-res-game-array+mh3u-legacy-display-list
17,Demondrug,Demondrug,mh3g-id-res-game-array+mh3u-legacy-display-list
18,Mega Demondrug,Mega Demondrug,mh3g-id-res-game-array+mh3u-legacy-display-list
19,Might Pill,Might Pill,mh3g-id-res-game-array+mh3u-legacy-display-list
20,Armorskin,Armorskin,mh3g-id-res-game-array+mh3u-legacy-display-list
21,Mega Armorskin,Mega Armorskin,mh3g-id-res-game-array+mh3u-legacy-display-list
22,Adamant Pill,Adamant Pill,mh3g-id-res-game-array+mh3u-legacy-display-list
23,Cool Drink,Cool Drink,mh3g-id-res-game-array+mh3u-legacy-display-list
24,Hot Drink,Hot Drink,mh3g-id-res-game-array+mh3u-legacy-display-list
25,Cleanser,Cleanser,mh3g-id-res-game-array+mh3u-legacy-display-list
26,Psychoserum,Psychoserum,mh3g-id-res-game-array+mh3u-legacy-display-list
27,Herbal Medicine,Herbal Medicine,mh3g-id-res-game-array+mh3u-legacy-display-list
28,Max Potion,Max Potion,mh3g-id-res-game-array+mh3u-legacy-display-list
29,Ancient Potion,Ancient Potion,mh3g-id-res-game-array+mh3u-legacy-display-list
30,Catalyst,Catalyst,mh3g-id-res-game-array+mh3u-legacy-display-list
31,Energy Drink,Energy Drink,mh3g-id-res-game-array+mh3u-legacy-display-list
32,Air Philter,Air Philter,mh3g-id-res-game-array+mh3u-legacy-display-list
33,Mega Air Philter,Mega Air Philter,mh3g-id-res-game-array+mh3u-legacy-display-list
34,Gunpowder,Gunpowder,mh3g-id-res-game-array+mh3u-legacy-display-list
35,Lifecrystals,Lifecrystals,mh3g-id-res-game-array+mh3u-legacy-display-list
36,Lifepowder,Lifepowder,mh3g-id-res-game-array+mh3u-legacy-display-list
37,Mystery Charm,Mystery Charm,mh3g-id-res-game-array+mh3u-legacy-display-list
38,Shining Charm,Shining Charm,mh3g-id-res-game-array+mh3u-legacy-display-list
39,Timeworn Charm,Timeworn Charm,mh3g-id-res-game-array+mh3u-legacy-display-list
40,Enduring Charm,Enduring Charm,mh3g-id-res-game-array+mh3u-legacy-display-list
41,Powercharm,Powercharm,mh3g-id-res-game-array+mh3u-legacy-display-list
42,Powertalon,Powertalon,mh3g-id-res-game-array+mh3u-legacy-display-list
43,Armorcharm,Armorcharm,mh3g-id-res-game-array+mh3u-legacy-display-list
44,Armortalon,Armortalon,mh3g-id-res-game-array+mh3u-legacy-display-list
45,Tranquilizer,Tranquilizer,mh3g-id-res-game-array+mh3u-legacy-display-list
46,Raw Meat,Raw Meat,mh3g-id-res-game-array+mh3u-legacy-display-list
47,Poisoned Meat,Poisoned Meat,mh3g-id-res-game-array+mh3u-legacy-display-list
48,Tinged Meat,Tinged Meat,mh3g-id-res-game-array+mh3u-legacy-display-list
49,Durgged Meat,Durgged Meat,mh3g-id-res-game-array+mh3u-legacy-display-list
50,Rare Steak,Rare Steak,mh3g-id-res-game-array+mh3u-legacy-display-list
51,Well-done Steak,Well-done Steak,mh3g-id-res-game-array+mh3u-legacy-display-list
52,Burnt Meat,Burnt Meat,mh3g-id-res-game-array+mh3u-legacy-display-list
53,Hot Meat,Hot Meat,mh3g-id-res-game-array+mh3u-legacy-display-list
54,Chilled Meat,Chilled Meat,mh3g-id-res-game-array+mh3u-legacy-display-list
55,Pink Liver,Pink Liver,mh3g-id-res-game-array+mh3u-legacy-display-list
56,Ethnic Wyvrnmeat,Ethnic Wyvrnmeat,mh3g-id-res-game-array+mh3u-legacy-display-list
57,Boomerang,Boomerang,mh3g-id-res-game-array+mh3u-legacy-display-list
58,Throwing Knife,Throwing Knife,mh3g-id-res-game-array+mh3u-legacy-display-list
59,Poison Knife,Poison Knife,mh3g-id-res-game-array+mh3u-legacy-display-list
60,Slee Knife,Slee Knife,mh3g-id-res-game-array+mh3u-legacy-display-list
61,Paralysis Knife,Paralysis Knife,mh3g-id-res-game-array+mh3u-legacy-display-list
62,Tranq Knife,Tranq Knife,mh3g-id-res-game-array+mh3u-legacy-display-list
63,Bomb Casing,Bomb Casing,mh3g-id-res-game-array+mh3u-legacy-display-list
64,Paintball,Paintball,mh3g-id-res-game-array+mh3u-legacy-display-list
65,Flash Bomb,Flash Bomb,mh3g-id-res-game-array+mh3u-legacy-display-list
66,Sonic Bomb,Sonic Bomb,mh3g-id-res-game-array+mh3u-legacy-display-list
67,Dung,Dung,mh3g-id-res-game-array+mh3u-legacy-display-list
68,Super-sized Dung,Super-sized Dung,mh3g-id-res-game-array+mh3u-legacy-display-list
69,Fertile Mud,Fertile Mud,mh3g-id-res-game-array+mh3u-legacy-display-list
70,Dung Bomb,Dung Bomb,mh3g-id-res-game-array+mh3u-legacy-display-list
71,Smoke Bomb,Smoke Bomb,mh3g-id-res-game-array+mh3u-legacy-display-list
72,Poison Smoke Bmb,Poison Smoke Bmb,mh3g-id-res-game-array+mh3u-legacy-display-list
73,Farcaster,Farcaster,mh3g-id-res-game-array+mh3u-legacy-display-list
74,Tranq Bomb,Tranq Bomb,mh3g-id-res-game-array+mh3u-legacy-display-list
75,Oxygen Supply,Oxygen Supply,mh3g-id-res-game-array+mh3u-legacy-display-list
76,Spider Web,Spider Web,mh3g-id-res-game-array+mh3u-legacy-display-list
77,Net,Net,mh3g-id-res-game-array+mh3u-legacy-display-list
78,Trap Tool,Trap Tool,mh3g-id-res-game-array+mh3u-legacy-display-list
79,Pitfall Trap,Pitfall Trap,mh3g-id-res-game-array+mh3u-legacy-display-list
80,Shock Trap,Shock Trap,mh3g-id-res-game-array+mh3u-legacy-display-list
81,Small Barrel,Small Barrel,mh3g-id-res-game-array+mh3u-legacy-display-list
82,Large Barrel,Large Barrel,mh3g-id-res-game-array+mh3u-legacy-display-list
83,Barrel Bomb S,Barrel Bomb S,mh3g-id-res-game-array+mh3u-legacy-display-list
84,Barrel Bomb S +,Barrel Bomb S +,mh3g-id-res-game-array+mh3u-legacy-display-list
85,Barrel Bomb L,Barrel Bomb L,mh3g-id-res-game-array+mh3u-legacy-display-list
86,Barrel Bomb L +,Barrel Bomb L +,mh3g-id-res-game-array+mh3u-legacy-display-list
87,Bounce Bomb,Bounce Bomb,mh3g-id-res-game-array+mh3u-legacy-display-list
88,Bounce Bomb +,Bounce Bomb +,mh3g-id-res-game-array+mh3u-legacy-display-list
89,Felvine Bomb,Felvine Bomb,mh3g-id-res-game-array+mh3u-legacy-display-list
90,Huskberry,Huskberry,mh3g-id-res-game-array+mh3u-legacy-display-list
91,Bone Husk S,Bone Husk S,mh3g-id-res-game-array+mh3u-legacy-display-list
92,Bone Husk L,Bone Husk L,mh3g-id-res-game-array+mh3u-legacy-display-list
93,Normal S Lv1,Normal S Lv1,mh3g-id-res-game-array+mh3u-legacy-display-list
94,Normal S Lv2,Normal S Lv2,mh3g-id-res-game-array+mh3u-legacy-display-list
95,NOrmal S Lv3,NOrmal S Lv3,mh3g-id-res-game-array+mh3u-legacy-display-list
96,Pierce S Lv1,Pierce S Lv1,mh3g-id-res-game-array+mh3u-legacy-display-list
97,Pierce S Lv2,Pierce S Lv2,mh3g-id-res-game-array+mh3u-legacy-display-list
98,Pierce S Lv3,Pierce S Lv3,mh3g-id-res-game-array+mh3u-legacy-display-list
99,Pellet S Lv1,Pellet S Lv1,mh3g-id-res-game-array+mh3u-legacy-display-list
100,Pellet S Lv2,Pellet S Lv2,mh3g-id-res-game-array+mh3u-legacy-display-list
101,Pellet S Lv3,Pellet S Lv3,mh3g-id-res-game-array+mh3u-legacy-display-list
102,Crag S Lv1,Crag S Lv1,mh3g-id-res-game-array+mh3u-legacy-display-list
103,Crag S Lv2,Crag S Lv2,mh3g-id-res-game-array+mh3u-legacy-display-list
104,Crag S Lv3,Crag S Lv3,mh3g-id-res-game-array+mh3u-legacy-display-list
105,Clust S Lv1,Clust S Lv1,mh3g-id-res-game-array+mh3u-legacy-display-list
106,Clust S Lv2,Clust S Lv2,mh3g-id-res-game-array+mh3u-legacy-display-list
107,Clust S Lv3,Clust S Lv3,mh3g-id-res-game-array+mh3u-legacy-display-list
108,Flaming S,Flaming S,mh3g-id-res-game-array+mh3u-legacy-display-list
109,Water S,Water S,mh3g-id-res-game-array+mh3u-legacy-display-list
110,Thunder S,Thunder S,mh3g-id-res-game-array+mh3u-legacy-display-list
111,Freeze S,Freeze S,mh3g-id-res-game-array+mh3u-legacy-display-list
112,Draong S,Draong S,mh3g-id-res-game-array+mh3u-legacy-display-list
113,Recov S Lv1,Recov S Lv1,mh3g-id-res-game-array+mh3u-legacy-display-list
114,Recov S Lv2,Recov S Lv2,mh3g-id-res-game-array+mh3u-legacy-display-list
115,Poison S Lv1,Poison S Lv1,mh3g-id-res-game-array+mh3u-legacy-display-list
116,Poison S Lv2,Poison S Lv2,mh3g-id-res-game-array+mh3u-legacy-display-list
117,Para S Lv1,Para S Lv1,mh3g-id-res-game-array+mh3u-legacy-display-list
118,Para S Lv2,Para S Lv2,mh3g-id-res-game-array+mh3u-legacy-display-list
119,Sleep S Lv1,Sleep S Lv1,mh3g-id-res-game-array+mh3u-legacy-display-list
120,Sleep S Lv2,Sleep S Lv2,mh3g-id-res-game-array+mh3u-legacy-display-list
121,Tranq S,Tranq S,mh3g-id-res-game-array+mh3u-legacy-display-list
122,Paint S,Paint S,mh3g-id-res-game-array+mh3u-legacy-display-list
123,Demon S,Demon S,mh3g-id-res-game-array+mh3u-legacy-display-list
124,DUMMY 124,DUMMY 124,mh3g-id-res-game-array+placeholder
125,Armor S,Armor S,mh3g-id-res-game-array+mh3u-legacy-display-list
126,DUMMY 126,DUMMY 126,mh3g-id-res-game-array+placeholder
127,Sub S Lv1,Sub S Lv1,mh3g-id-res-game-array+mh3u-legacy-display-list
128,Sub S Lv2,Sub S Lv2,mh3g-id-res-game-array+mh3u-legacy-display-list
129,Exhaust S Lv1,Exhaust S Lv1,mh3g-id-res-game-array+mh3u-legacy-display-list
130,Exhaust S Lv2,Exhaust S Lv2,mh3g-id-res-game-array+mh3u-legacy-display-list
131,Slicing S,Slicing S,mh3g-id-res-game-array+mh3u-legacy-display-list
132,DUMMY 132,DUMMY 132,mh3g-id-res-game-array+placeholder
133,DUMMY 133,DUMMY 133,mh3g-id-res-game-array+placeholder
134,WyvernFire,WyvernFire,mh3g-id-res-game-array+mh3u-legacy-display-list
135,UW Ballista Ammo,UW Ballista Ammo,mh3g-id-res-game-array+mh3u-legacy-display-list
136,(No Coating),(No Coating),mh3g-id-res-game-array+mh3u-legacy-display-list
137,Empty Phial,Empty Phial,mh3g-id-res-game-array+mh3u-legacy-display-list
138,Power Coating,Power Coating,mh3g-id-res-game-array+mh3u-legacy-display-list
139,C. Range Coating,C. Range Coating,mh3g-id-res-game-array+mh3u-legacy-display-list
140,Poison Coating,Poison Coating,mh3g-id-res-game-array+mh3u-legacy-display-list
141,Para Coating,Para Coating,mh3g-id-res-game-array+mh3u-legacy-display-list
142,Sleep Coating,Sleep Coating,mh3g-id-res-game-array+mh3u-legacy-display-list
143,Exhaust Coating,Exhaust Coating,mh3g-id-res-game-array+mh3u-legacy-display-list
144,Paint Coating,Paint Coating,mh3g-id-res-game-array+mh3u-legacy-display-list
145,DUMMY 145,DUMMY 145,mh3g-id-res-game-array+placeholder
146,Worm,Worm,mh3g-id-res-game-array+mh3u-legacy-display-list
147,DUMMY 147,DUMMY 147,mh3g-id-res-game-array+placeholder
148,Mega Fishing Fly,Mega Fishing Fly,mh3g-id-res-game-array+mh3u-legacy-display-list
149,Frog,Frog,mh3g-id-res-game-array+mh3u-legacy-display-list
150,Whetfish Bait,Whetfish Bait,mh3g-id-res-game-array+mh3u-legacy-display-list
151,Shushifish Bait,Shushifish Bait,mh3g-id-res-game-array+mh3u-legacy-display-list
152,Tuna Bait,Tuna Bait,mh3g-id-res-game-array+mh3u-legacy-display-list
153,DUMMY 153,DUMMY 153,mh3g-id-res-game-array+placeholder
154,Goldenfish Bait,Goldenfish Bait,mh3g-id-res-game-array+mh3u-legacy-display-list
155,Burst Bait,Burst Bait,mh3g-id-res-game-array+mh3u-legacy-display-list
156,DUMMY 156,DUMMY 156,mh3g-id-res-game-array+placeholder
157,Old Pickaxe,Old Pickaxe,mh3g-id-res-game-array+mh3u-legacy-display-list
158,Iron Pickaxe,Iron Pickaxe,mh3g-id-res-game-array+mh3u-legacy-display-list
159,Mega Pickaxe,Mega Pickaxe,mh3g-id-res-game-array+mh3u-legacy-display-list
160,Old Bug Net,Old Bug Net,mh3g-id-res-game-array+mh3u-legacy-display-list
161,Bug Net,Bug Net,mh3g-id-res-game-array+mh3u-legacy-display-list
162,Mega Bug Net,Mega Bug Net,mh3g-id-res-game-array+mh3u-legacy-display-list
163,Fishing Harpoon,Fishing Harpoon,mh3g-id-res-game-array+mh3u-legacy-display-list
164,Mega Harpoon,Mega Harpoon,mh3g-id-res-game-array+mh3u-legacy-display-list
165,BBQ Spit,BBQ Spit,mh3g-id-res-game-array+mh3u-legacy-display-list
166,Double BBQ Spit,Double BBQ Spit,mh3g-id-res-game-array+mh3u-legacy-display-list
167,Whetstone,Whetstone,mh3g-id-res-game-array+mh3u-legacy-display-list
168,Binoculars,Binoculars,mh3g-id-res-game-array+mh3u-legacy-display-list
169,Carbage,Carbage,mh3g-id-res-game-array+mh3u-legacy-display-list
170,Field Horn,Field Horn,mh3g-id-res-game-array+mh3u-legacy-display-list
171,Health Horn,Health Horn,mh3g-id-res-game-array+mh3u-legacy-display-list
172,Antidote Horn,Antidote Horn,mh3g-id-res-game-array+mh3u-legacy-display-list
173,Demon Horn,Demon Horn,mh3g-id-res-game-array+mh3u-legacy-display-list
174,Armor Horn,Armor Horn,mh3g-id-res-game-array+mh3u-legacy-display-list
175,Honey,Honey,mh3g-id-res-game-array+mh3u-legacy-display-list
176,Herb,Herb,mh3g-id-res-game-array+mh3u-legacy-display-list
177,Antidote Herb,Antidote Herb,mh3g-id-res-game-array+mh3u-legacy-display-list
178,Fire Herb,Fire Herb,mh3g-id-res-game-array+mh3u-legacy-display-list
179,DUMMY 179,DUMMY 179,mh3g-id-res-game-array+placeholder
180,Ivy,Ivy,mh3g-id-res-game-array+mh3u-legacy-display-list
181,Sleep Herb,Sleep Herb,mh3g-id-res-game-array+mh3u-legacy-display-list
182,Sap Plant,Sap Plant,mh3g-id-res-game-array+mh3u-legacy-display-list
183,Felvine,Felvine,mh3g-id-res-game-array+mh3u-legacy-display-list
184,Cactus Flower,Cactus Flower,mh3g-id-res-game-array+mh3u-legacy-display-list
185,Airweed,Airweed,mh3g-id-res-game-array+mh3u-legacy-display-list
186,Hot Pepper,Hot Pepper,mh3g-id-res-game-array+mh3u-legacy-display-list
187,DUMMY 187,DUMMY 187,mh3g-id-res-game-array+placeholder
188,Blue Mushroom,Blue Mushroom,mh3g-id-res-game-array+mh3u-legacy-display-list
189,Nitroshroom,Nitroshroom,mh3g-id-res-game-array+mh3u-legacy-display-list
190,Parashroom,Parashroom,mh3g-id-res-game-array+mh3u-legacy-display-list
191,Toadstool,Toadstool,mh3g-id-res-game-array+mh3u-legacy-display-list
192,Exciteshroom,Exciteshroom,mh3g-id-res-game-array+mh3u-legacy-display-list
193,DUMMY 193,DUMMY 193,mh3g-id-res-game-array+placeholder
194,Dragon Toadstool,Dragon Toadstool,mh3g-id-res-game-array+mh3u-legacy-display-list
195,Bindshroom,Bindshroom,mh3g-id-res-game-array+mh3u-legacy-display-list
196,Paintberry,Paintberry,mh3g-id-res-game-array+mh3u-legacy-display-list
197,Might Seed,Might Seed,mh3g-id-res-game-array+mh3u-legacy-display-list
198,Adamant Seed,Adamant Seed,mh3g-id-res-game-array+mh3u-legacy-display-list
199,Dragonfell Berry,Dragonfell Berry,mh3g-id-res-game-array+mh3u-legacy-display-list
200,Scatternut,Scatternut,mh3g-id-res-game-array+mh3u-legacy-display-list
201,Needleberry,Needleberry,mh3g-id-res-game-array+mh3u-legacy-display-list
202,DUMMY 202,DUMMY 202,mh3g-id-res-game-array+placeholder
203,Bomberry,Bomberry,mh3g-id-res-game-array+mh3u-legacy-display-list
204,DUMMY 204,DUMMY 204,mh3g-id-res-game-array+placeholder
205,DUMMY 205,DUMMY 205,mh3g-id-res-game-array+placeholder
206,DUMMY 206,DUMMY 206,mh3g-id-res-game-array+placeholder
207,DUMMY 207,DUMMY 207,mh3g-id-res-game-array+placeholder
208,Nulberry,Nulberry,mh3g-id-res-game-array+mh3u-legacy-display-list
209,Bumblepumpkin,Bumblepumpkin,mh3g-id-res-game-array+mh3u-legacy-display-list
210,Broken Shell,Broken Shell,mh3g-id-res-game-array+mh3u-legacy-display-list
211,Black Pearl,Black Pearl,mh3g-id-res-game-array+mh3u-legacy-display-list
212,Jumbo Pearl,Jumbo Pearl,mh3g-id-res-game-array+mh3u-legacy-display-list
213,Stone,Stone,mh3g-id-res-game-array+mh3u-legacy-display-list
214,Iron Ore,Iron Ore,mh3g-id-res-game-array+mh3u-legacy-display-list
215,Earth Crystal,Earth Crystal,mh3g-id-res-game-array+mh3u-legacy-display-list
216,Machalite Ore,Machalite Ore,mh3g-id-res-game-array+mh3u-legacy-display-list
217,Dragonite Ore,Dragonite Ore,mh3g-id-res-game-array+mh3u-legacy-display-list
218,Pelagicite Ore,Pelagicite Ore,mh3g-id-res-game-array+mh3u-legacy-display-list
219,DUMMY 219,DUMMY 219,mh3g-id-res-game-array+placeholder
220,DUMMY 220,DUMMY 220,mh3g-id-res-game-array+placeholder
221,DUMMY 221,DUMMY 221,mh3g-id-res-game-array+placeholder
222,Carbalite Ore,Carbalite Ore,mh3g-id-res-game-array+mh3u-legacy-display-list
223,Eltalite Ore,Eltalite Ore,mh3g-id-res-game-array+mh3u-legacy-display-list
224,Fucium Ore,Fucium Ore,mh3g-id-res-game-array+mh3u-legacy-display-list
225,Meldspar Ore,Meldspar Ore,mh3g-id-res-game-array+mh3u-legacy-display-list
226,Bathycite Ore,Bathycite Ore,mh3g-id-res-game-array+mh3u-legacy-display-list
227,Lava Nugget,Lava Nugget,mh3g-id-res-game-array+mh3u-legacy-display-list
228,Firestone,Firestone,mh3g-id-res-game-array+mh3u-legacy-display-list
229,Firecell Stone,Firecell Stone,mh3g-id-res-game-array+mh3u-legacy-display-list
230,Allfire Stone,Allfire Stone,mh3g-id-res-game-array+mh3u-legacy-display-list
231,Lightcrystal,Lightcrystal,mh3g-id-res-game-array+mh3u-legacy-display-list
232,Isisium,Isisium,mh3g-id-res-game-array+mh3u-legacy-display-list
233,DUMMY 233,DUMMY 233,mh3g-id-res-game-array+placeholder
234,Gracium,Gracium,mh3g-id-res-game-array+mh3u-legacy-display-list
235,Antiseptic Stone,Antiseptic Stone,mh3g-id-res-game-array+mh3u-legacy-display-list
236,Ice Crystal,Ice Crystal,mh3g-id-res-game-array+mh3u-legacy-display-list
237,Armor Stone,Armor Stone,mh3g-id-res-game-array+mh3u-legacy-display-list
238,Armor Sphere,Armor Sphere,mh3g-id-res-game-array+mh3u-legacy-display-list
239,Armor Sphere +,Armor Sphere +,mh3g-id-res-game-array+mh3u-legacy-display-list
240,Adv Armor Sphere,Adv Armor Sphere,mh3g-id-res-game-array+mh3u-legacy-display-list
241,Hrd Armor Sphere,Hrd Armor Sphere,mh3g-id-res-game-array+mh3u-legacy-display-list
242,Hvy Armor Sphere,Hvy Armor Sphere,mh3g-id-res-game-array+mh3u-legacy-display-list
243,DUMMY 243,DUMMY 243,mh3g-id-res-game-array+placeholder
244,Tru Armor Sphere,Tru Armor Sphere,mh3g-id-res-game-array+mh3u-legacy-display-list
245,Whetfish,Whetfish,mh3g-id-res-game-array+mh3u-legacy-display-list
246,Sushifish,Sushifish,mh3g-id-res-game-array+mh3u-legacy-display-list
247,Sleepyfish,Sleepyfish,mh3g-id-res-game-array+mh3u-legacy-display-list
248,Pin Tuna,Pin Tuna,mh3g-id-res-game-array+mh3u-legacy-display-list
249,Popfish,Popfish,mh3g-id-res-game-array+mh3u-legacy-display-list
250,Scatterfish,Scatterfish,mh3g-id-res-game-array+mh3u-legacy-display-list
251,Burst Arowana,Burst Arowana,mh3g-id-res-game-array+mh3u-legacy-display-list
252,Bomb Arowana,Bomb Arowana,mh3g-id-res-game-array+mh3u-legacy-display-list
253,Glutton Tuna,Glutton Tuna,mh3g-id-res-game-array+mh3u-legacy-display-list
254,Small Goldenfish,Small Goldenfish,mh3g-id-res-game-array+mh3u-legacy-display-list
255,Wanchovy,Wanchovy,mh3g-id-res-game-array+mh3u-legacy-display-list
256,DUMMY 256,DUMMY 256,mh3g-id-res-game-array+placeholder
257,Blue Cutthroat,Blue Cutthroat,mh3g-id-res-game-array+mh3u-legacy-display-list
258,Humspun Conch,Humspun Conch,mh3g-id-res-game-array+mh3u-legacy-display-list
259,DUMMY 259,DUMMY 259,mh3g-id-res-game-array+placeholder
260,Insect Husk,Insect Husk,mh3g-id-res-game-array+mh3u-legacy-display-list
261,Yambug,Yambug,mh3g-id-res-game-array+mh3u-legacy-display-list
262,Bughopper,Bughopper,mh3g-id-res-game-array+mh3u-legacy-display-list
263,DUMMY 263,DUMMY 263,mh3g-id-res-game-array+placeholder
264,Stinkhopper,Stinkhopper,mh3g-id-res-game-array+mh3u-legacy-display-list
265,Snakebee Larva,Snakebee Larva,mh3g-id-res-game-array+mh3u-legacy-display-list
266,Godbug,Godbug,mh3g-id-res-game-array+mh3u-legacy-display-list
267,Bitterbug,Bitterbug,mh3g-id-res-game-array+mh3u-legacy-display-list
268,Flashbug,Flashbug,mh3g-id-res-game-array+mh3u-legacy-display-list
269,Thunderbug,Thunderbug,mh3g-id-res-game-array+mh3u-legacy-display-list
270,Fulgurbug,Fulgurbug,mh3g-id-res-game-array+mh3u-legacy-display-list
271,Carpenterbug,Carpenterbug,mh3g-id-res-game-array+mh3u-legacy-display-list
272,Killer Beetle,Killer Beetle,mh3g-id-res-game-array+mh3u-legacy-display-list
273,Hercudrome,Hercudrome,mh3g-id-res-game-array+mh3u-legacy-display-list
274,DUMMY 274,DUMMY 274,mh3g-id-res-game-array+placeholder
275,King Scarab,King Scarab,mh3g-id-res-game-array+mh3u-legacy-display-list
276,Rare Scarab,Rare Scarab,mh3g-id-res-game-array+mh3u-legacy-display-list
277,DUMMY 277,DUMMY 277,mh3g-id-res-game-array+placeholder
278,Flutterfly,Flutterfly,mh3g-id-res-game-array+mh3u-legacy-display-list
279,DUMMY 279,DUMMY 279,mh3g-id-res-game-array+placeholder
280,Bomb Sac,Bomb Sac,mh3g-id-res-game-array+mh3u-legacy-display-list
281,Screamer,Screamer,mh3g-id-res-game-array+mh3u-legacy-display-list
282,Poison Sac,Poison Sac,mh3g-id-res-game-array+mh3u-legacy-display-list
283,Toxin Sac,Toxin Sac,mh3g-id-res-game-array+mh3u-legacy-display-list
284,DUMMY 284,DUMMY 284,mh3g-id-res-game-array+placeholder
285,Paralysis Sac,Paralysis Sac,mh3g-id-res-game-array+mh3u-legacy-display-list
286,Omniplegia Sac,Omniplegia Sac,mh3g-id-res-game-array+mh3u-legacy-display-list
287,Sleep Sac,Sleep Sac,mh3g-id-res-game-array+mh3u-legacy-display-list
288,Coma Sec,Coma Sec,mh3g-id-res-game-array+mh3u-legacy-display-list
289,Flame Sac,Flame Sac,mh3g-id-res-game-array+mh3u-legacy-display-list
290,Inferno Sac,Inferno Sac,mh3g-id-res-game-array+mh3u-legacy-display-list
291,Conflagrant Sac,Conflagrant Sac,mh3g-id-res-game-array+mh3u-legacy-display-list
292,Aqua Sac,Aqua Sac,mh3g-id-res-game-array+mh3u-legacy-display-list
293,Torrent Sac,Torrent Sac,mh3g-id-res-game-array+mh3u-legacy-display-list
294,DUMMY 294,DUMMY 294,mh3g-id-res-game-array+placeholder
295,Thunder Sac,Thunder Sac,mh3g-id-res-game-array+mh3u-legacy-display-list
296,Lightning Sac,Lightning Sac,mh3g-id-res-game-array+mh3u-legacy-display-list
297,Frost Sac,Frost Sac,mh3g-id-res-game-array+mh3u-legacy-display-list
298,Freezer Sac,Freezer Sac,mh3g-id-res-game-array+mh3u-legacy-display-list
299,Dash Extract,Dash Extract,mh3g-id-res-game-array+mh3u-legacy-display-list
300,Pale Extract,Pale Extract,mh3g-id-res-game-array+mh3u-legacy-display-list
301,Monster Bone S,Monster Bone S,mh3g-id-res-game-array+mh3u-legacy-display-list
302,Monster Bone M,Monster Bone M,mh3g-id-res-game-array+mh3u-legacy-display-list
303,Monster Bone L,Monster Bone L,mh3g-id-res-game-array+mh3u-legacy-display-list
304,Mystery Bone,Mystery Bone,mh3g-id-res-game-array+mh3u-legacy-display-list
305,Unknown Skull,Unknown Skull,mh3g-id-res-game-array+mh3u-legacy-display-list
306,Bone,Bone,mh3g-id-res-game-array+mh3u-legacy-display-list
307,Avian Shoutbone,Avian Shoutbone,mh3g-id-res-game-array+mh3u-legacy-display-list
308,DUMMY 308,DUMMY 308,mh3g-id-res-game-array+placeholder
309,Monster Bone +,Monster Bone +,mh3g-id-res-game-array+mh3u-legacy-display-list
310,Monster Keenbone,Monster Keenbone,mh3g-id-res-game-array+mh3u-legacy-display-list
311,Monster hardbone,Monster hardbone,mh3g-id-res-game-array+mh3u-legacy-display-list
312,Monster slogbne,Monster slogbne,mh3g-id-res-game-array+mh3u-legacy-display-list
313,Avian Finebone,Avian Finebone,mh3g-id-res-game-array+mh3u-legacy-display-list
314,Jumbo Bone,Jumbo Bone,mh3g-id-res-game-array+mh3u-legacy-display-list
315,Stoutbone,Stoutbone,mh3g-id-res-game-array+mh3u-legacy-display-list
316,Dragonbone Relic,Dragonbone Relic,mh3g-id-res-game-array+mh3u-legacy-display-list
317,Wyvern Fang,Wyvern Fang,mh3g-id-res-game-array+mh3u-legacy-display-list
318,Wyvern Claw,Wyvern Claw,mh3g-id-res-game-array+mh3u-legacy-display-list
319,Wyvern Stone,Wyvern Stone,mh3g-id-res-game-array+mh3u-legacy-display-list
320,Lrg Wyvern Stone,Lrg Wyvern Stone,mh3g-id-res-game-array+mh3u-legacy-display-list
321,Bird Wyvern Gem,Bird Wyvern Gem,mh3g-id-res-game-array+mh3u-legacy-display-list
322,Fey Wyvern Gem,Fey Wyvern Gem,mh3g-id-res-game-array+mh3u-legacy-display-list
323,ElderDragonBlood,ElderDragonBlood,mh3g-id-res-game-array+mh3u-legacy-display-list
324,DUMMY 324,DUMMY 324,mh3g-id-res-game-array+placeholder
325,Azure Dragongem,Azure Dragongem,mh3g-id-res-game-array+mh3u-legacy-display-list
326,Azure Drgnsphire,Azure Drgnsphire,mh3g-id-res-game-array+mh3u-legacy-display-list
327,Beautiful Scale,Beautiful Scale,mh3g-id-res-game-array+mh3u-legacy-display-list
328,Shining Starfish,Shining Starfish,mh3g-id-res-game-array+mh3u-legacy-display-list
329,Armorfish Morsel,Armorfish Morsel,mh3g-id-res-game-array+mh3u-legacy-display-list
330,Fine Pelt,Fine Pelt,mh3g-id-res-game-array+mh3u-legacy-display-list
331,Power Paddle,Power Paddle,mh3g-id-res-game-array+mh3u-legacy-display-list
332,Curved Fang,Curved Fang,mh3g-id-res-game-array+mh3u-legacy-display-list
333,Dragonbone Piece,Dragonbone Piece,mh3g-id-res-game-array+mh3u-legacy-display-list
334,Abalone Piece,Abalone Piece,mh3g-id-res-game-array+mh3u-legacy-display-list
335,Fossil Piece,Fossil Piece,mh3g-id-res-game-array+mh3u-legacy-display-list
336,Stunning Quill,Stunning Quill,mh3g-id-res-game-array+mh3u-legacy-display-list
337,Saturnian,Saturnian,mh3g-id-res-game-array+mh3u-legacy-display-list
338,Mystic Narwhal,Mystic Narwhal,mh3g-id-res-game-array+mh3u-legacy-display-list
339,Perfect Paddle,Perfect Paddle,mh3g-id-res-game-array+mh3u-legacy-display-list
340,Moonlight Fang,Moonlight Fang,mh3g-id-res-game-array+mh3u-legacy-display-list
341,Glittering Scale,Glittering Scale,mh3g-id-res-game-array+mh3u-legacy-display-list
342,Giant Skull,Giant Skull,mh3g-id-res-game-array+mh3u-legacy-display-list
343,Atlantis Crab,Atlantis Crab,mh3g-id-res-game-array+mh3u-legacy-display-list
344,Queen Needle,Queen Needle,mh3g-id-res-game-array+mh3u-legacy-display-list
345,Ancient Skin Oil,Ancient Skin Oil,mh3g-id-res-game-array+mh3u-legacy-display-list
346,Flamboyant Quill,Flamboyant Quill,mh3g-id-res-game-array+mh3u-legacy-display-list
347,Eldest Saturnian,Eldest Saturnian,mh3g-id-res-game-array+mh3u-legacy-display-list
348,Queen's Spirit,Queen's Spirit,mh3g-id-res-game-array+mh3u-legacy-display-list
349,Vermilion Scale,Vermilion Scale,mh3g-id-res-game-array+mh3u-legacy-display-list
350,Sea-King's Scale,Sea-King's Scale,mh3g-id-res-game-array+mh3u-legacy-display-list
351,Odd Egg,Odd Egg,mh3g-id-res-game-array+mh3u-legacy-display-list
352,Saturnian Trap,Saturnian Trap,mh3g-id-res-game-array+mh3u-legacy-display-list
353,BugMaker! Pro,BugMaker! Pro,mh3g-id-res-game-array+mh3u-legacy-display-list
354,Funky Pheromones,Funky Pheromones,mh3g-id-res-game-array+mh3u-legacy-display-list
355,Shroom Germ,Shroom Germ,mh3g-id-res-game-array+mh3u-legacy-display-list
356,Shroom Germ +,Shroom Germ +,mh3g-id-res-game-array+mh3u-legacy-display-list
357,Bizzy Bees,Bizzy Bees,mh3g-id-res-game-array+mh3u-legacy-display-list
358,Fish Finder,Fish Finder,mh3g-id-res-game-array+mh3u-legacy-display-list
359,Treasure Tracker,Treasure Tracker,mh3g-id-res-game-array+mh3u-legacy-display-list
360,Spare Spear,Spare Spear,mh3g-id-res-game-array+mh3u-legacy-display-list
361,Pittance Fang,Pittance Fang,mh3g-id-res-game-array+mh3u-legacy-display-list
362,Fortune Fang,Fortune Fang,mh3g-id-res-game-array+mh3u-legacy-display-list
363,Gold Needle,Gold Needle,mh3g-id-res-game-array+mh3u-legacy-display-list
364,Wyverngold,Wyverngold,mh3g-id-res-game-array+mh3u-legacy-display-list
365,Pirate Booty,Pirate Booty,mh3g-id-res-game-array+mh3u-legacy-display-list
366,Steel Egg,Steel Egg,mh3g-id-res-game-array+mh3u-legacy-display-list
367,Silver Egg,Silver Egg,mh3g-id-res-game-array+mh3u-legacy-display-list
368,Golden Egg,Golden Egg,mh3g-id-res-game-array+mh3u-legacy-display-list
369,Kelbi Horn Objet,Kelbi Horn Objet,mh3g-id-res-game-array+mh3u-legacy-display-list
370,Twstd Horn Objet,Twstd Horn Objet,mh3g-id-res-game-array+mh3u-legacy-display-list
371,MohranFang Objet,MohranFang Objet,mh3g-id-res-game-array+mh3u-legacy-display-list
372,Poogie,Poogie,mh3g-id-res-game-array+mh3u-legacy-display-list
373,Eggie Poogie,Eggie Poogie,mh3g-id-res-game-array+mh3u-legacy-display-list
374,Rath Poogie,Rath Poogie,mh3g-id-res-game-array+mh3u-legacy-display-list
375,Sandstone Plant,Sandstone Plant,mh3g-id-res-game-array+mh3u-legacy-display-list
376,Marshland Plant,Marshland Plant,mh3g-id-res-game-array+mh3u-legacy-display-list
377,Snowflake Plant,Snowflake Plant,mh3g-id-res-game-array+mh3u-legacy-display-list
378,Primshroom Lamp,Primshroom Lamp,mh3g-id-res-game-array+mh3u-legacy-display-list
379,Qurupeco Lamp,Qurupeco Lamp,mh3g-id-res-game-array+mh3u-legacy-display-list
380,Sirensea Lamp,Sirensea Lamp,mh3g-id-res-game-array+mh3u-legacy-display-list
381,Oceanic Fountain,Oceanic Fountain,mh3g-id-res-game-array+mh3u-legacy-display-list
382,Bubbly Fountain,Bubbly Fountain,mh3g-id-res-game-array+mh3u-legacy-display-list
383,Magma Fountain,Magma Fountain,mh3g-id-res-game-array+mh3u-legacy-display-list
384,Iron Figure,Iron Figure,mh3g-id-res-game-array+mh3u-legacy-display-list
385,Machalite Figure,Machalite Figure,mh3g-id-res-game-array+mh3u-legacy-display-list
386,Dragonite Figure,Dragonite Figure,mh3g-id-res-game-array+mh3u-legacy-display-list
387,Model Sandskiff,Model Sandskiff,mh3g-id-res-game-array+mh3u-legacy-display-list
388,Model Airship,Model Airship,mh3g-id-res-game-array+mh3u-legacy-display-list
389,Model Poogieship,Model Poogieship,mh3g-id-res-game-array+mh3u-legacy-display-list
390,Guildie (Red),Guildie (Red),mh3g-id-res-game-array+mh3u-legacy-display-list
391,Guildie (Green),Guildie (Green),mh3g-id-res-game-array+mh3u-legacy-display-list
392,Guildie (Blue),Guildie (Blue),mh3g-id-res-game-array+mh3u-legacy-display-list
393,Great Poogi,Great Poogi,mh3g-id-res-game-array+mh3u-legacy-display-list
394,Incomplete Crown,Incomplete Crown,mh3g-id-res-game-array+mh3u-legacy-display-list
395,Crown's Gemstone,Crown's Gemstone,mh3g-id-res-game-array+mh3u-legacy-display-list
396,Dazzling Crown,Dazzling Crown,mh3g-id-res-game-array+mh3u-legacy-display-list
397,Prize Gold Sword,Prize Gold Sword,mh3g-id-res-game-array+mh3u-legacy-display-list
398,Golden Medallion,Golden Medallion,mh3g-id-res-game-array+mh3u-legacy-display-list
399,Kelbi Horn,Kelbi Horn,mh3g-id-res-game-array+mh3u-legacy-display-list
400,Blue Kelbi Horn,Blue Kelbi Horn,mh3g-id-res-game-array+mh3u-legacy-display-list
401,Warm Pelt,Warm Pelt,mh3g-id-res-game-array+mh3u-legacy-display-list
402,High-qualty Pelt,High-qualty Pelt,mh3g-id-res-game-array+mh3u-legacy-display-list
403,Gargwa Feather,Gargwa Feather,mh3g-id-res-game-array+mh3u-legacy-display-list
404,DUMMY 404,DUMMY 404,mh3g-id-res-game-array+placeholder
405,DUMMY 405,DUMMY 405,mh3g-id-res-game-array+placeholder
406,Anteka Antler,Anteka Antler,mh3g-id-res-game-array+mh3u-legacy-display-list
407,DUMMY 407,DUMMY 407,mh3g-id-res-game-array+placeholder
408,Bnahabra Shell,Bnahabra Shell,mh3g-id-res-game-array+mh3u-legacy-display-list
409,DUMMY 409,DUMMY 409,mh3g-id-res-game-array+placeholder
410,Bnaha Carapace,Bnaha Carapace,mh3g-id-res-game-array+mh3u-legacy-display-list
411,Bnahabra Wing,Bnahabra Wing,mh3g-id-res-game-array+mh3u-legacy-display-list
412,DUMMY 412,DUMMY 412,mh3g-id-res-game-array+placeholder
413,Bnahabra Cutwing,Bnahabra Cutwing,mh3g-id-res-game-array+mh3u-legacy-display-list
414,Bnahabra Spine,Bnahabra Spine,mh3g-id-res-game-array+mh3u-legacy-display-list
415,Altaroth Jaw,Altaroth Jaw,mh3g-id-res-game-array+mh3u-legacy-display-list
416,DUMMY 416,DUMMY 416,mh3g-id-res-game-array+placeholder
417,Altaroth Stomach,Altaroth Stomach,mh3g-id-res-game-array+mh3u-legacy-display-list
418,Prized Stomach,Prized Stomach,mh3g-id-res-game-array+mh3u-legacy-display-list
419,Quality Sac,Quality Sac,mh3g-id-res-game-array+mh3u-legacy-display-list
420,Bullfango Pelt,Bullfango Pelt,mh3g-id-res-game-array+mh3u-legacy-display-list
421,DUMMY 421,DUMMY 421,mh3g-id-res-game-array+placeholder
422,Bullfango Head,Bullfango Head,mh3g-id-res-game-array+mh3u-legacy-display-list
423,Monster Fluid,Monster Fluid,mh3g-id-res-game-array+mh3u-legacy-display-list
424,Monster Broth,Monster Broth,mh3g-id-res-game-array+mh3u-legacy-display-list
425,Rhenoplos Shell,Rhenoplos Shell,mh3g-id-res-game-array+mh3u-legacy-display-list
426,Rhenoplos Bone,Rhenoplos Bone,mh3g-id-res-game-array+mh3u-legacy-display-list
427,Rhenoplos Scalp,Rhenoplos Scalp,mh3g-id-res-game-array+mh3u-legacy-display-list
428,DUMMY 428,DUMMY 428,mh3g-id-res-game-array+placeholder
429,Rheno Carapace,Rheno Carapace,mh3g-id-res-game-array+mh3u-legacy-display-list
430,DUMMY 430,DUMMY 430,mh3g-id-res-game-array+placeholder
431,Slagtoth Hide+,Slagtoth Hide+,mh3g-id-res-game-array+mh3u-legacy-display-list
432,DUMMY 432,DUMMY 432,mh3g-id-res-game-array+placeholder
433,Big Fin,Big Fin,mh3g-id-res-game-array+mh3u-legacy-display-list
434,DUMMY 434,DUMMY 434,mh3g-id-res-game-array+placeholder
435,Quality Fin,Quality Fin,mh3g-id-res-game-array+mh3u-legacy-display-list
436,Giant Fin,Giant Fin,mh3g-id-res-game-array+mh3u-legacy-display-list
437,Sharpened Fang,Sharpened Fang,mh3g-id-res-game-array+mh3u-legacy-display-list
438,Velvety Hide,Velvety Hide,mh3g-id-res-game-array+mh3u-legacy-display-list
439,Sharqskin,Sharqskin,mh3g-id-res-game-array+mh3u-legacy-display-list
440,Jaggi Scale,Jaggi Scale,mh3g-id-res-game-array+mh3u-legacy-display-list
441,Jaggi Scale +,Jaggi Scale +,mh3g-id-res-game-array+mh3u-legacy-display-list
442,DUMMY 442,DUMMY 442,mh3g-id-res-game-array+placeholder
443,Jaggi Hide,Jaggi Hide,mh3g-id-res-game-array+mh3u-legacy-display-list
444,DUMMY 444,DUMMY 444,mh3g-id-res-game-array+placeholder
445,DUMMY 445,DUMMY 445,mh3g-id-res-game-array+placeholder
446,Bird Wyvern Fang,Bird Wyvern Fang,mh3g-id-res-game-array+mh3u-legacy-display-list
447,G. Jaggi Hide,G. Jaggi Hide,mh3g-id-res-game-array+mh3u-legacy-display-list
448,G. Jaggi Hide +,G. Jaggi Hide +,mh3g-id-res-game-array+mh3u-legacy-display-list
449,Great Jaggi Piel,Great Jaggi Piel,mh3g-id-res-game-array+mh3u-legacy-display-list
450,G. Jaggi Claw,G. Jaggi Claw,mh3g-id-res-game-array+mh3u-legacy-display-list
451,G. Jaggi Claw +,G. Jaggi Claw +,mh3g-id-res-game-array+mh3u-legacy-display-list
452,DUMMY 452,DUMMY 452,mh3g-id-res-game-array+placeholder
453,King's Frill,King's Frill,mh3g-id-res-game-array+mh3u-legacy-display-list
454,Imperial Frill,Imperial Frill,mh3g-id-res-game-array+mh3u-legacy-display-list
455,Great Jaggi Head,Great Jaggi Head,mh3g-id-res-game-array+mh3u-legacy-display-list
456,DUMMY 456,DUMMY 456,mh3g-id-res-game-array+placeholder
457,Baggi Hide,Baggi Hide,mh3g-id-res-game-array+mh3u-legacy-display-list
458,Baggi Scale,Baggi Scale,mh3g-id-res-game-array+mh3u-legacy-display-list
459,Baggi Scale +,Baggi Scale +,mh3g-id-res-game-array+mh3u-legacy-display-list
460,DUMMY 460,DUMMY 460,mh3g-id-res-game-array+placeholder
461,G. Baggi Hide,G. Baggi Hide,mh3g-id-res-game-array+mh3u-legacy-display-list
462,G. Baggi Hide +,G. Baggi Hide +,mh3g-id-res-game-array+mh3u-legacy-display-list
463,Great Baggi Piel,Great Baggi Piel,mh3g-id-res-game-array+mh3u-legacy-display-list
464,G. Baggi Claw,G. Baggi Claw,mh3g-id-res-game-array+mh3u-legacy-display-list
465,G. Baggi Claw +,G. Baggi Claw +,mh3g-id-res-game-array+mh3u-legacy-display-list
466,DUMMY 466,DUMMY 466,mh3g-id-res-game-array+placeholder
467,King's Crest,King's Crest,mh3g-id-res-game-array+mh3u-legacy-display-list
468,Imperial Crest,Imperial Crest,mh3g-id-res-game-array+mh3u-legacy-display-list
469,Wroggi Scale,Wroggi Scale,mh3g-id-res-game-array+mh3u-legacy-display-list
470,Wroggi Scale +,Wroggi Scale +,mh3g-id-res-game-array+mh3u-legacy-display-list
471,DUMMY 471,DUMMY 471,mh3g-id-res-game-array+placeholder
472,Wroggi Hide,Wroggi Hide,mh3g-id-res-game-array+mh3u-legacy-display-list
473,Wroggi Fang,Wroggi Fang,mh3g-id-res-game-array+mh3u-legacy-display-list
474,G. Wroggi Hide,G. Wroggi Hide,mh3g-id-res-game-array+mh3u-legacy-display-list
475,G. Wroggi Piel,G. Wroggi Piel,mh3g-id-res-game-array+mh3u-legacy-display-list
476,G. Wroggi Hide +,G. Wroggi Hide +,mh3g-id-res-game-array+mh3u-legacy-display-list
477,G. Wroggi Brace,G. Wroggi Brace,mh3g-id-res-game-array+mh3u-legacy-display-list
478,DUMMY 478,DUMMY 478,mh3g-id-res-game-array+placeholder
479,G. Wroggi Brace +,G. Wroggi Brace +,mh3g-id-res-game-array+mh3u-legacy-display-list
480,King's Beak,King's Beak,mh3g-id-res-game-array+mh3u-legacy-display-list
481,Imperial Beak,Imperial Beak,mh3g-id-res-game-array+mh3u-legacy-display-list
482,Qurupeco Scale,Qurupeco Scale,mh3g-id-res-game-array+mh3u-legacy-display-list
483,Qurupeco Scale +,Qurupeco Scale +,mh3g-id-res-game-array+mh3u-legacy-display-list
484,Qurupeco Shard,Qurupeco Shard,mh3g-id-res-game-array+mh3u-legacy-display-list
485,Qurupeco Feather,Qurupeco Feather,mh3g-id-res-game-array+mh3u-legacy-display-list
486,Lustrous Feather,Lustrous Feather,mh3g-id-res-game-array+mh3u-legacy-display-list
487,Qurupeco Wing,Qurupeco Wing,mh3g-id-res-game-array+mh3u-legacy-display-list
488,Peco Fellwing,Peco Fellwing,mh3g-id-res-game-array+mh3u-legacy-display-list
489,Vivid Fellwing,Vivid Fellwing,mh3g-id-res-game-array+mh3u-legacy-display-list
490,Strange Beak,Strange Beak,mh3g-id-res-game-array+mh3u-legacy-display-list
491,Wonderful Beak,Wonderful Beak,mh3g-id-res-game-array+mh3u-legacy-display-list
492,Alluring Beak,Alluring Beak,mh3g-id-res-game-array+mh3u-legacy-display-list
493,Flintstone,Flintstone,mh3g-id-res-game-array+mh3u-legacy-display-list
494,Quality Flint,Quality Flint,mh3g-id-res-game-array+mh3u-legacy-display-list
495,C. Peco Scale +,C. Peco Scale +,mh3g-id-res-game-array+mh3u-legacy-display-list
496,C. Peco Shard,C. Peco Shard,mh3g-id-res-game-array+mh3u-legacy-display-list
497,C. Peco Wing,C. Peco Wing,mh3g-id-res-game-array+mh3u-legacy-display-list
498,C. Peco Fellwing,C. Peco Fellwing,mh3g-id-res-game-array+mh3u-legacy-display-list
499,Voltstone,Voltstone,mh3g-id-res-game-array+mh3u-legacy-display-list
500,High Voltstone,High Voltstone,mh3g-id-res-game-array+mh3u-legacy-display-list
501,Hydro Hide,Hydro Hide,mh3g-id-res-game-array+mh3u-legacy-display-list
502,Hydro Hide +,Hydro Hide +,mh3g-id-res-game-array+mh3u-legacy-display-list
503,DUMMY 503,DUMMY 503,mh3g-id-res-game-array+placeholder
504,Immature Sponge,Immature Sponge,mh3g-id-res-game-array+mh3u-legacy-display-list
505,Quality Sponge,Quality Sponge,mh3g-id-res-game-array+mh3u-legacy-display-list
506,Spongy Hide,Spongy Hide,mh3g-id-res-game-array+mh3u-legacy-display-list
507,Spongy Hide +,Spongy Hide +,mh3g-id-res-game-array+mh3u-legacy-display-list
508,Spongy Piel,Spongy Piel,mh3g-id-res-game-array+mh3u-legacy-display-list
509,R. Ludroth Scale,R. Ludroth Scale,mh3g-id-res-game-array+mh3u-legacy-display-list
510,R. Ludroth Scale +,R. Ludroth Scale +,mh3g-id-res-game-array+mh3u-legacy-display-list
511,R. Ludroth Shard,R. Ludroth Shard,mh3g-id-res-game-array+mh3u-legacy-display-list
512,R. Ludroth Claw,R. Ludroth Claw,mh3g-id-res-game-array+mh3u-legacy-display-list
513,R. Ludroth Claw +,R. Ludroth Claw +,mh3g-id-res-game-array+mh3u-legacy-display-list
514,R. Ludroth Talon,R. Ludroth Talon,mh3g-id-res-game-array+mh3u-legacy-display-list
515,R. Ludroth Crest,R. Ludroth Crest,mh3g-id-res-game-array+mh3u-legacy-display-list
516,R. Ludroth Crest +,R. Ludroth Crest +,mh3g-id-res-game-array+mh3u-legacy-display-list
517,Chic Crest,Chic Crest,mh3g-id-res-game-array+mh3u-legacy-display-list
518,R. Ludroth Tail,R. Ludroth Tail,mh3g-id-res-game-array+mh3u-legacy-display-list
519,Plum Spongy Hide,Plum Spongy Hide,mh3g-id-res-game-array+mh3u-legacy-display-list
520,Plum Spongy Piel,Plum Spongy Piel,mh3g-id-res-game-array+mh3u-legacy-display-list
521,P. Ludroth Scale +,P. Ludroth Scale +,mh3g-id-res-game-array+mh3u-legacy-display-list
522,P. Ludroth Shard,P. Ludroth Shard,mh3g-id-res-game-array+mh3u-legacy-display-list
523,P. Ludroth Claw +,P. Ludroth Claw +,mh3g-id-res-game-array+mh3u-legacy-display-list
524,P. Ludroth Talon,P. Ludroth Talon,mh3g-id-res-game-array+mh3u-legacy-display-list
525,Barroth Shell,Barroth Shell,mh3g-id-res-game-array+mh3u-legacy-display-list
526,Barroth Carapace,Barroth Carapace,mh3g-id-res-game-array+mh3u-legacy-display-list
527,Barroth Cortex,Barroth Cortex,mh3g-id-res-game-array+mh3u-legacy-display-list
528,Barroth Ridge,Barroth Ridge,mh3g-id-res-game-array+mh3u-legacy-display-list
529,Barroth Ridge +,Barroth Ridge +,mh3g-id-res-game-array+mh3u-legacy-display-list
530,Barroth Chine,Barroth Chine,mh3g-id-res-game-array+mh3u-legacy-display-list
531,Barroth Claw,Barroth Claw,mh3g-id-res-game-array+mh3u-legacy-display-list
532,Barroth Claw +,Barroth Claw +,mh3g-id-res-game-array+mh3u-legacy-display-list
533,Barroth Talon,Barroth Talon,mh3g-id-res-game-array+mh3u-legacy-display-list
534,Barroth Scalp,Barroth Scalp,mh3g-id-res-game-array+mh3u-legacy-display-list
535,Barroth Crown,Barroth Crown,mh3g-id-res-game-array+mh3u-legacy-display-list
536,Barroth Tail,Barroth Tail,mh3g-id-res-game-array+mh3u-legacy-display-list
537,J. Barr Carapace,J. Barr Carapace,mh3g-id-res-game-array+mh3u-legacy-display-list
538,J. Barroth Cortex,J. Barroth Cortex,mh3g-id-res-game-array+mh3u-legacy-display-list
539,J. Barroth Ridge +,J. Barroth Ridge +,mh3g-id-res-game-array+mh3u-legacy-display-list
540,J. Barroth Chine,J. Barroth Chine,mh3g-id-res-game-array+mh3u-legacy-display-list
541,J. Barroth Claw +,J. Barroth Claw +,mh3g-id-res-game-array+mh3u-legacy-display-list
542,J. Barroth Talon,J. Barroth Talon,mh3g-id-res-game-array+mh3u-legacy-display-list
543,J. Barroth Scale,J. Barroth Scale,mh3g-id-res-game-array+mh3u-legacy-display-list
544,J. Barroth Crown,J. Barroth Crown,mh3g-id-res-game-array+mh3u-legacy-display-list
545,J. Barroth Tail,J. Barroth Tail,mh3g-id-res-game-array+mh3u-legacy-display-list
546,J. Barroth Lash,J. Barroth Lash,mh3g-id-res-game-array+mh3u-legacy-display-list
547,Frozen Glob,Frozen Glob,mh3g-id-res-game-array+mh3u-legacy-display-list
548,DUMMY 548,DUMMY 548,mh3g-id-res-game-array+placeholder
549,Gobul Hide,Gobul Hide,mh3g-id-res-game-array+mh3u-legacy-display-list
550,Gobul Hide +,Gobul Hide +,mh3g-id-res-game-array+mh3u-legacy-display-list
551,Gobul Piel,Gobul Piel,mh3g-id-res-game-array+mh3u-legacy-display-list
552,Gobul Fin,Gobul Fin,mh3g-id-res-game-array+mh3u-legacy-display-list
553,Gobul Fin +,Gobul Fin +,mh3g-id-res-game-array+mh3u-legacy-display-list
554,Fine Gobul Fin,Fine Gobul Fin,mh3g-id-res-game-array+mh3u-legacy-display-list
555,Gobul Spike,Gobul Spike,mh3g-id-res-game-array+mh3u-legacy-display-list
556,Gobul Spike +,Gobul Spike +,mh3g-id-res-game-array+mh3u-legacy-display-list
557,Gobul Surspike,Gobul Surspike,mh3g-id-res-game-array+mh3u-legacy-display-list
558,Gobul Whisker,Gobul Whisker,mh3g-id-res-game-array+mh3u-legacy-display-list
559,Gobul Kingwhiskr,Gobul Kingwhiskr,mh3g-id-res-game-array+mh3u-legacy-display-list
560,Gobul Lantern,Gobul Lantern,mh3g-id-res-game-array+mh3u-legacy-display-list
561,Gobul Lantern +,Gobul Lantern +,mh3g-id-res-game-array+mh3u-legacy-display-list
562,Gobul Beacon,Gobul Beacon,mh3g-id-res-game-array+mh3u-legacy-display-list
563,Rathian Scale,Rathian Scale,mh3g-id-res-game-array+mh3u-legacy-display-list
564,Rathian Scale +,Rathian Scale +,mh3g-id-res-game-array+mh3u-legacy-display-list
565,Rathian Shard,Rathian Shard,mh3g-id-res-game-array+mh3u-legacy-display-list
566,Rathian Shell,Rathian Shell,mh3g-id-res-game-array+mh3u-legacy-display-list
567,Rathian Carapace,Rathian Carapace,mh3g-id-res-game-array+mh3u-legacy-display-list
568,Rathian Cortex,Rathian Cortex,mh3g-id-res-game-array+mh3u-legacy-display-list
569,Rathian Webbing,Rathian Webbing,mh3g-id-res-game-array+mh3u-legacy-display-list
570,Rathian Spike,Rathian Spike,mh3g-id-res-game-array+mh3u-legacy-display-list
571,Rathian Spike +,Rathian Spike +,mh3g-id-res-game-array+mh3u-legacy-display-list
572,Rathian Surspike,Rathian Surspike,mh3g-id-res-game-array+mh3u-legacy-display-list
573,Rathian Plate,Rathian Plate,mh3g-id-res-game-array+mh3u-legacy-display-list
574,Rathian Mantle,Rathian Mantle,mh3g-id-res-game-array+mh3u-legacy-display-list
575,Rathian Ruby,Rathian Ruby,mh3g-id-res-game-array+mh3u-legacy-display-list
576,DUMMY 576,DUMMY 576,mh3g-id-res-game-array+placeholder
577,P. Rathian Scale +,P. Rathian Scale +,mh3g-id-res-game-array+mh3u-legacy-display-list
578,P. Rathian Shard,P. Rathian Shard,mh3g-id-res-game-array+mh3u-legacy-display-list
579,P. Rath Carapace,P. Rath Carapace,mh3g-id-res-game-array+mh3u-legacy-display-list
580,P. Rathian Cortex,P. Rathian Cortex,mh3g-id-res-game-array+mh3u-legacy-display-list
581,G. Rathian Shard,G. Rathian Shard,mh3g-id-res-game-array+mh3u-legacy-display-list
582,G. Rathian Cortex,G. Rathian Cortex,mh3g-id-res-game-array+mh3u-legacy-display-list
583,G. Rath Surspike,G. Rath Surspike,mh3g-id-res-game-array+mh3u-legacy-display-list
584,Rathalos Scale,Rathalos Scale,mh3g-id-res-game-array+mh3u-legacy-display-list
585,Rathalos Scale +,Rathalos Scale +,mh3g-id-res-game-array+mh3u-legacy-display-list
586,Rathalos Shard,Rathalos Shard,mh3g-id-res-game-array+mh3u-legacy-display-list
587,Rathalos Shell,Rathalos Shell,mh3g-id-res-game-array+mh3u-legacy-display-list
588,Rathalos Carapace,Rathalos Carapace,mh3g-id-res-game-array+mh3u-legacy-display-list
589,Rathalos Cortex,Rathalos Cortex,mh3g-id-res-game-array+mh3u-legacy-display-list
590,Rathalos Webbing,Rathalos Webbing,mh3g-id-res-game-array+mh3u-legacy-display-list
591,Rathalos Fellwing,Rathalos Fellwing,mh3g-id-res-game-array+mh3u-legacy-display-list
592,Rathalos Tail,Rathalos Tail,mh3g-id-res-game-array+mh3u-legacy-display-list
593,Rathalos Lash,Rathalos Lash,mh3g-id-res-game-array+mh3u-legacy-display-list
594,Rathalos Plate,Rathalos Plate,mh3g-id-res-game-array+mh3u-legacy-display-list
595,Rathalos Mantle,Rathalos Mantle,mh3g-id-res-game-array+mh3u-legacy-display-list
596,Rathalos Ruby,Rathalos Ruby,mh3g-id-res-game-array+mh3u-legacy-display-list
597,Rath Talon,Rath Talon,mh3g-id-res-game-array+mh3u-legacy-display-list
598,Rath Ripper,Rath Ripper,mh3g-id-res-game-array+mh3u-legacy-display-list
599,Rath Marrow,Rath Marrow,mh3g-id-res-game-array+mh3u-legacy-display-list
600,Rath Medulla,Rath Medulla,mh3g-id-res-game-array+mh3u-legacy-display-list
601,Rath Gleem,Rath Gleem,mh3g-id-res-game-array+mh3u-legacy-display-list
602,A. Rath Scale +,A. Rath Scale +,mh3g-id-res-game-array+mh3u-legacy-display-list
603,A. Rathalos Shard,A. Rathalos Shard,mh3g-id-res-game-array+mh3u-legacy-display-list
604,A. Rath Carapace,A. Rath Carapace,mh3g-id-res-game-array+mh3u-legacy-display-list
605,A. Rath Cortex,A. Rath Cortex,mh3g-id-res-game-array+mh3u-legacy-display-list
606,A. Rathalos Tail,A. Rathalos Tail,mh3g-id-res-game-array+mh3u-legacy-display-list
607,A. Rathalos Lash,A. Rathalos Lash,mh3g-id-res-game-array+mh3u-legacy-display-list
608,A. Rathalos Wing,A. Rathalos Wing,mh3g-id-res-game-array+mh3u-legacy-display-list
609,S. Rathalos Shard,S. Rathalos Shard,mh3g-id-res-game-array+mh3u-legacy-display-list
610,S. Rath Cortex,S. Rath Cortex,mh3g-id-res-game-array+mh3u-legacy-display-list
611,S. Rathalos Lash,S. Rathalos Lash,mh3g-id-res-game-array+mh3u-legacy-display-list
612,DUMMY 612,DUMMY 612,mh3g-id-res-game-array+placeholder
613,DUMMY 613,DUMMY 613,mh3g-id-res-game-array+placeholder
614,DUMMY 614,DUMMY 614,mh3g-id-res-game-array+placeholder
615,Gigginox Hide,Gigginox Hide,mh3g-id-res-game-array+mh3u-legacy-display-list
616,Gigginox Hide +,Gigginox Hide +,mh3g-id-res-game-array+mh3u-legacy-display-list
617,Gigginox Piel,Gigginox Piel,mh3g-id-res-game-array+mh3u-legacy-display-list
618,Uncanny Hide,Uncanny Hide,mh3g-id-res-game-array+mh3u-legacy-display-list
619,Uncanny Hide +,Uncanny Hide +,mh3g-id-res-game-array+mh3u-legacy-display-list
620,Gigginox Claw,Gigginox Claw,mh3g-id-res-game-array+mh3u-legacy-display-list
621,Gigginox Claw +,Gigginox Claw +,mh3g-id-res-game-array+mh3u-legacy-display-list
622,Gigginox Talon,Gigginox Talon,mh3g-id-res-game-array+mh3u-legacy-display-list
623,DUMMY 623,DUMMY 623,mh3g-id-res-game-array+placeholder
624,DUMMY 624,DUMMY 624,mh3g-id-res-game-array+placeholder
625,Fearsome Maw,Fearsome Maw,mh3g-id-res-game-array+mh3u-legacy-display-list
626,Venom Gland,Venom Gland,mh3g-id-res-game-array+mh3u-legacy-display-list
627,Grim Venom Gland,Grim Venom Gland,mh3g-id-res-game-array+mh3u-legacy-display-list
628,Foul Venom Gland,Foul Venom Gland,mh3g-id-res-game-array+mh3u-legacy-display-list
629,B. Giggi Hide +,B. Giggi Hide +,mh3g-id-res-game-array+mh3u-legacy-display-list
630,B. Giggi Piel,B. Giggi Piel,mh3g-id-res-game-array+mh3u-legacy-display-list
631,B. Giggi Claw +,B. Giggi Claw +,mh3g-id-res-game-array+mh3u-legacy-display-list
632,B. Giggi Talon,B. Giggi Talon,mh3g-id-res-game-array+mh3u-legacy-display-list
633,Lagiacrus Scale,Lagiacrus Scale,mh3g-id-res-game-array+mh3u-legacy-display-list
634,Lagiacrus Scale +,Lagiacrus Scale +,mh3g-id-res-game-array+mh3u-legacy-display-list
635,Lagiacrus Shard,Lagiacrus Shard,mh3g-id-res-game-array+mh3u-legacy-display-list
636,Shell Shocker,Shell Shocker,mh3g-id-res-game-array+mh3u-legacy-display-list
637,Shell Shocker +,Shell Shocker +,mh3g-id-res-game-array+mh3u-legacy-display-list
638,Deathly Shocker,Deathly Shocker,mh3g-id-res-game-array+mh3u-legacy-display-list
639,Lagiacrus Hide,Lagiacrus Hide,mh3g-id-res-game-array+mh3u-legacy-display-list
640,Lagiacrus Hide +,Lagiacrus Hide +,mh3g-id-res-game-array+mh3u-legacy-display-list
641,Lagiacrus Claw,Lagiacrus Claw,mh3g-id-res-game-array+mh3u-legacy-display-list
642,Lagiacrus Claw +,Lagiacrus Claw +,mh3g-id-res-game-array+mh3u-legacy-display-list
643,Lagiacrus Talon,Lagiacrus Talon,mh3g-id-res-game-array+mh3u-legacy-display-list
644,Lagiacrus Talon,Lagiacrus Talon,mh3g-id-res-game-array+mh3u-legacy-display-list
645,Lagiacrus Flail,Lagiacrus Flail,mh3g-id-res-game-array+mh3u-legacy-display-list
646,Lagiacrus Horn,Lagiacrus Horn,mh3g-id-res-game-array+mh3u-legacy-display-list
647,Lagiacrus Horn +,Lagiacrus Horn +,mh3g-id-res-game-array+mh3u-legacy-display-list
648,Lagia Sapphire,Lagia Sapphire,mh3g-id-res-game-array+mh3u-legacy-display-list
649,Lagiacrus Mantle,Lagiacrus Mantle,mh3g-id-res-game-array+mh3u-legacy-display-list
650,Lagiacrus Plate,Lagiacrus Plate,mh3g-id-res-game-array+mh3u-legacy-display-list
651,I. Lagi Scale +,I. Lagi Scale +,mh3g-id-res-game-array+mh3u-legacy-display-list
652,I. Lagi Shard,I. Lagi Shard,mh3g-id-res-game-array+mh3u-legacy-display-list
653,I. Lagi Shocker +,I. Lagi Shocker +,mh3g-id-res-game-array+mh3u-legacy-display-list
654,I. Lagi D-Shocker,I. Lagi D-Shocker,mh3g-id-res-game-array+mh3u-legacy-display-list
655,I. Lagi Hide +,I. Lagi Hide +,mh3g-id-res-game-array+mh3u-legacy-display-list
656,I. Lagi Piel,I. Lagi Piel,mh3g-id-res-game-array+mh3u-legacy-display-list
657,DUMMY 657,DUMMY 657,mh3g-id-res-game-array+placeholder
658,DUMMY 658,DUMMY 658,mh3g-id-res-game-array+placeholder
659,DUMMY 659,DUMMY 659,mh3g-id-res-game-array+placeholder
660,DUMMY 660,DUMMY 660,mh3g-id-res-game-array+placeholder
661,I. Lagi Horn +,I. Lagi Horn +,mh3g-id-res-game-array+mh3u-legacy-display-list
662,I. Lagi Hardhorn,I. Lagi Hardhorn,mh3g-id-res-game-array+mh3u-legacy-display-list
663,DUMMY 663,DUMMY 663,mh3g-id-res-game-array+placeholder
664,DUMMY 664,DUMMY 664,mh3g-id-res-game-array+placeholder
665,DUMMY 665,DUMMY 665,mh3g-id-res-game-array+placeholder
666,A. Lagi Shard,A. Lagi Shard,mh3g-id-res-game-array+mh3u-legacy-display-list
667,A. Lagi D-Shocker,A. Lagi D-Shocker,mh3g-id-res-game-array+mh3u-legacy-display-list
668,A. Lagi Piel,A. Lagi Piel,mh3g-id-res-game-array+mh3u-legacy-display-list
669,DUMMY 669,DUMMY 669,mh3g-id-res-game-array+placeholder
670,DUMMY 670,DUMMY 670,mh3g-id-res-game-array+placeholder
671,A. Lagi Hardhorn,A. Lagi Hardhorn,mh3g-id-res-game-array+mh3u-legacy-display-list
672,A. Lagi Dynamo,A. Lagi Dynamo,mh3g-id-res-game-array+mh3u-legacy-display-list
673,Barioth Shell,Barioth Shell,mh3g-id-res-game-array+mh3u-legacy-display-list
674,Barioth Carapace,Barioth Carapace,mh3g-id-res-game-array+mh3u-legacy-display-list
675,Barioth Cortex,Barioth Cortex,mh3g-id-res-game-array+mh3u-legacy-display-list
676,Barioth Pelt,Barioth Pelt,mh3g-id-res-game-array+mh3u-legacy-display-list
677,Barioth Pelt +,Barioth Pelt +,mh3g-id-res-game-array+mh3u-legacy-display-list
678,Barioth Fur,Barioth Fur,mh3g-id-res-game-array+mh3u-legacy-display-list
679,Barioth Claw,Barioth Claw,mh3g-id-res-game-array+mh3u-legacy-display-list
680,Barioth Claw +,Barioth Claw +,mh3g-id-res-game-array+mh3u-legacy-display-list
681,Barioth Talon,Barioth Talon,mh3g-id-res-game-array+mh3u-legacy-display-list
682,Barioth Spike,Barioth Spike,mh3g-id-res-game-array+mh3u-legacy-display-list
683,DUMMY 683,DUMMY 683,mh3g-id-res-game-array+placeholder
684,Barioth Tail,Barioth Tail,mh3g-id-res-game-array+mh3u-legacy-display-list
685,Barioth Lash,Barioth Lash,mh3g-id-res-game-array+mh3u-legacy-display-list
686,Amber Tusks,Amber Tusks,mh3g-id-res-game-array+mh3u-legacy-display-list
687,Amber Tusks +,Amber Tusks +,mh3g-id-res-game-array+mh3u-legacy-display-list
688,Hvy Amber Tusks,Hvy Amber Tusks,mh3g-id-res-game-array+mh3u-legacy-display-list
689,S. Bari Carapace,S. Bari Carapace,mh3g-id-res-game-array+mh3u-legacy-display-list
690,S. Barioth Cortex,S. Barioth Cortex,mh3g-id-res-game-array+mh3u-legacy-display-list
691,S. Barioth Pelt +,S. Barioth Pelt +,mh3g-id-res-game-array+mh3u-legacy-display-list
692,S. Barioth Fur,S. Barioth Fur,mh3g-id-res-game-array+mh3u-legacy-display-list
693,S. Barioth Claw +,S. Barioth Claw +,mh3g-id-res-game-array+mh3u-legacy-display-list
694,S. Barioth Talon,S. Barioth Talon,mh3g-id-res-game-array+mh3u-legacy-display-list
695,S. Barioth Tail,S. Barioth Tail,mh3g-id-res-game-array+mh3u-legacy-display-list
696,S. Barioth Lash,S. Barioth Lash,mh3g-id-res-game-array+mh3u-legacy-display-list
697,Indigo Tusks +,Indigo Tusks +,mh3g-id-res-game-array+mh3u-legacy-display-list
698,Hvy Indigo Tusks,Hvy Indigo Tusks,mh3g-id-res-game-array+mh3u-legacy-display-list
699,Rugged Pleura,Rugged Pleura,mh3g-id-res-game-array+mh3u-legacy-display-list
700,Rugged Pleura +,Rugged Pleura +,mh3g-id-res-game-array+mh3u-legacy-display-list
701,Diablos Shell,Diablos Shell,mh3g-id-res-game-array+mh3u-legacy-display-list
702,Diablos Carapace,Diablos Carapace,mh3g-id-res-game-array+mh3u-legacy-display-list
703,Diablos Cortex,Diablos Cortex,mh3g-id-res-game-array+mh3u-legacy-display-list
704,Diablos Ridge,Diablos Ridge,mh3g-id-res-game-array+mh3u-legacy-display-list
705,Diablos Ridge +,Diablos Ridge +,mh3g-id-res-game-array+mh3u-legacy-display-list
706,Diablos Chine,Diablos Chine,mh3g-id-res-game-array+mh3u-legacy-display-list
707,Diablos Tailcase,Diablos Tailcase,mh3g-id-res-game-array+mh3u-legacy-display-list
708,DUMMY 708,DUMMY 708,mh3g-id-res-game-array+placeholder
709,Diablos Fang,Diablos Fang,mh3g-id-res-game-array+mh3u-legacy-display-list
710,Twisted Horn,Twisted Horn,mh3g-id-res-game-array+mh3u-legacy-display-list
711,Majestic Horn,Majestic Horn,mh3g-id-res-game-array+mh3u-legacy-display-list
712,Stout Horn,Stout Horn,mh3g-id-res-game-array+mh3u-legacy-display-list
713,Diablos Marrow,Diablos Marrow,mh3g-id-res-game-array+mh3u-legacy-display-list
714,Diablos Medulla,Diablos Medulla,mh3g-id-res-game-array+mh3u-legacy-display-list
715,B. Diab Carapace,B. Diab Carapace,mh3g-id-res-game-array+mh3u-legacy-display-list
716,B. Diablos Cortex,B. Diablos Cortex,mh3g-id-res-game-array+mh3u-legacy-display-list
717,B. Diablos Ridge +,B. Diablos Ridge +,mh3g-id-res-game-array+mh3u-legacy-display-list
718,B. Diablos Chine,B. Diablos Chine,mh3g-id-res-game-array+mh3u-legacy-display-list
719,DUMMY 719,DUMMY 719,mh3g-id-res-game-array+placeholder
720,DUMMY 720,DUMMY 720,mh3g-id-res-game-array+placeholder
721,Blackcurl Horn,Blackcurl Horn,mh3g-id-res-game-array+mh3u-legacy-display-list
722,Blackcurl Horn +,Blackcurl Horn +,mh3g-id-res-game-array+mh3u-legacy-display-list
723,Uragaan Scale,Uragaan Scale,mh3g-id-res-game-array+mh3u-legacy-display-list
724,Uragaan Scale +,Uragaan Scale +,mh3g-id-res-game-array+mh3u-legacy-display-list
725,Uragaan Shard,Uragaan Shard,mh3g-id-res-game-array+mh3u-legacy-display-list
726,Uragaan Shell,Uragaan Shell,mh3g-id-res-game-array+mh3u-legacy-display-list
727,Uragaan Carapace,Uragaan Carapace,mh3g-id-res-game-array+mh3u-legacy-display-list
728,Uragaan Cortex,Uragaan Cortex,mh3g-id-res-game-array+mh3u-legacy-display-list
729,Uragaan Jaw,Uragaan Jaw,mh3g-id-res-game-array+mh3u-legacy-display-list
730,Uragaan Jaw +,Uragaan Jaw +,mh3g-id-res-game-array+mh3u-legacy-display-list
731,Uragaan Scute,Uragaan Scute,mh3g-id-res-game-array+mh3u-legacy-display-list
732,Uragaan Scute +,Uragaan Scute +,mh3g-id-res-game-array+mh3u-legacy-display-list
733,Uragaan Marrow,Uragaan Marrow,mh3g-id-res-game-array+mh3u-legacy-display-list
734,Uragaan Ruby,Uragaan Ruby,mh3g-id-res-game-array+mh3u-legacy-display-list
735,Uragaan Pallium,Uragaan Pallium,mh3g-id-res-game-array+mh3u-legacy-display-list
736,S. Uragaan Scale +,S. Uragaan Scale +,mh3g-id-res-game-array+mh3u-legacy-display-list
737,S. Uragaan Shard,S. Uragaan Shard,mh3g-id-res-game-array+mh3u-legacy-display-list
738,S. Urag Carapace,S. Urag Carapace,mh3g-id-res-game-array+mh3u-legacy-display-list
739,S. Uragaan Cortex,S. Uragaan Cortex,mh3g-id-res-game-array+mh3u-legacy-display-list
740,S. Uragaan Maw,S. Uragaan Maw,mh3g-id-res-game-array+mh3u-legacy-display-list
741,S. Uragaan Jaw +,S. Uragaan Jaw +,mh3g-id-res-game-array+mh3u-legacy-display-list
742,S. Uragaan Scute,S. Uragaan Scute,mh3g-id-res-game-array+mh3u-legacy-display-list
743,S. Uragaan Scute +,S. Uragaan Scute +,mh3g-id-res-game-array+mh3u-legacy-display-list
744,Uroktor Scale,Uroktor Scale,mh3g-id-res-game-array+mh3u-legacy-display-list
745,Uragaan Scale +,Uragaan Scale +,mh3g-id-res-game-array+mh3u-legacy-display-list
746,Supple Piel,Supple Piel,mh3g-id-res-game-array+mh3u-legacy-display-list
747,Agnaktor Scale,Agnaktor Scale,mh3g-id-res-game-array+mh3u-legacy-display-list
748,DUMMY 748,DUMMY 748,mh3g-id-res-game-array+placeholder
749,Agnaktor Shell,Agnaktor Shell,mh3g-id-res-game-array+mh3u-legacy-display-list
750,Agnak Carapace,Agnak Carapace,mh3g-id-res-game-array+mh3u-legacy-display-list
751,Agnaktor Hide,Agnaktor Hide,mh3g-id-res-game-array+mh3u-legacy-display-list
752,Agnaktor Hide +,Agnaktor Hide +,mh3g-id-res-game-array+mh3u-legacy-display-list
753,Agnaktor Piel,Agnaktor Piel,mh3g-id-res-game-array+mh3u-legacy-display-list
754,Agnaktor Claw,Agnaktor Claw,mh3g-id-res-game-array+mh3u-legacy-display-list
755,Agnaktor Claw +,Agnaktor Claw +,mh3g-id-res-game-array+mh3u-legacy-display-list
756,Agnaktor Talon,Agnaktor Talon,mh3g-id-res-game-array+mh3u-legacy-display-list
757,Agnaktor Fin,Agnaktor Fin,mh3g-id-res-game-array+mh3u-legacy-display-list
758,Agnaktor Fin +,Agnaktor Fin +,mh3g-id-res-game-array+mh3u-legacy-display-list
759,Fine Agnak Fin,Fine Agnak Fin,mh3g-id-res-game-array+mh3u-legacy-display-list
760,Agnaktor Beak,Agnaktor Beak,mh3g-id-res-game-array+mh3u-legacy-display-list
761,DUMMY 761,DUMMY 761,mh3g-id-res-game-array+placeholder
762,Agnaktor Tail,Agnaktor Tail,mh3g-id-res-game-array+mh3u-legacy-display-list
763,DUMMY 763,DUMMY 763,mh3g-id-res-game-array+placeholder
764,Scalding Pleura +,Scalding Pleura +,mh3g-id-res-game-array+mh3u-legacy-display-list
765,Scorching Pleura,Scorching Pleura,mh3g-id-res-game-array+mh3u-legacy-display-list
766,G. Agnak Carapace,G. Agnak Carapace,mh3g-id-res-game-array+mh3u-legacy-display-list
767,G. Agnak Cortex,G. Agnak Cortex,mh3g-id-res-game-array+mh3u-legacy-display-list
768,G. Agnak Hide +,G. Agnak Hide +,mh3g-id-res-game-array+mh3u-legacy-display-list
769,G. Agnak Piel,G. Agnak Piel,mh3g-id-res-game-array+mh3u-legacy-display-list
770,G. Agnak Claw +,G. Agnak Claw +,mh3g-id-res-game-array+mh3u-legacy-display-list
771,G. Agnak Talon,G. Agnak Talon,mh3g-id-res-game-array+mh3u-legacy-display-list
772,G. Agnak Fin +,G. Agnak Fin +,mh3g-id-res-game-array+mh3u-legacy-display-list
773,Fine G. Agnak Fin,Fine G. Agnak Fin,mh3g-id-res-game-array+mh3u-legacy-display-list
774,G. Agnak Beak,G. Agnak Beak,mh3g-id-res-game-array+mh3u-legacy-display-list
775,DUMMY 775,DUMMY 775,mh3g-id-res-game-array+placeholder
776,G. Agnak Tail,G. Agnak Tail,mh3g-id-res-game-array+mh3u-legacy-display-list
777,DUMMY 777,DUMMY 777,mh3g-id-res-game-array+placeholder
778,Dewy Pleura +,Dewy Pleura +,mh3g-id-res-game-array+mh3u-legacy-display-list
779,Drenched Pleura,Drenched Pleura,mh3g-id-res-game-array+mh3u-legacy-display-list
780,Ceadeus Scale,Ceadeus Scale,mh3g-id-res-game-array+mh3u-legacy-display-list
781,Ceadeus Hide,Ceadeus Hide,mh3g-id-res-game-array+mh3u-legacy-display-list
782,Ceadeus Fur,Ceadeus Fur,mh3g-id-res-game-array+mh3u-legacy-display-list
783,Ceadeus Tail,Ceadeus Tail,mh3g-id-res-game-array+mh3u-legacy-display-list
784,Crooked Horn,Crooked Horn,mh3g-id-res-game-array+mh3u-legacy-display-list
785,Luminous Organ,Luminous Organ,mh3g-id-res-game-array+mh3u-legacy-display-list
786,Deep Dragongem,Deep Dragongem,mh3g-id-res-game-array+mh3u-legacy-display-list
787,G. Ceadeus Shard,G. Ceadeus Shard,mh3g-id-res-game-array+mh3u-legacy-display-list
788,G. Ceadeus Coat,G. Ceadeus Coat,mh3g-id-res-game-array+mh3u-legacy-display-list
789,G. Ceadeus Fur,G. Ceadeus Fur,mh3g-id-res-game-array+mh3u-legacy-display-list
790,DUMMY 790,DUMMY 790,mh3g-id-res-game-array+placeholder
791,Crooked Hardhorn,Crooked Hardhorn,mh3g-id-res-game-array+mh3u-legacy-display-list
792,DUMMY 792,DUMMY 792,mh3g-id-res-game-array+placeholder
793,Dark Dragongem,Dark Dragongem,mh3g-id-res-game-array+mh3u-legacy-display-list
794,DUMMY 794,DUMMY 794,mh3g-id-res-game-array+placeholder
795,Mohran Scale +,Mohran Scale +,mh3g-id-res-game-array+mh3u-legacy-display-list
796,DUMMY 796,DUMMY 796,mh3g-id-res-game-array+placeholder
797,Mohran Carapace,Mohran Carapace,mh3g-id-res-game-array+mh3u-legacy-display-list
798,DUMMY 798,DUMMY 798,mh3g-id-res-game-array+placeholder
799,Mohran Brace +,Mohran Brace +,mh3g-id-res-game-array+mh3u-legacy-display-list
800,DUMMY 800,DUMMY 800,mh3g-id-res-game-array+placeholder
801,Sturdy Fang +,Sturdy Fang +,mh3g-id-res-game-array+mh3u-legacy-display-list
802,Earth Dragongem,Earth Dragongem,mh3g-id-res-game-array+mh3u-legacy-display-list
803,DUMMY 803,DUMMY 803,mh3g-id-res-game-array+placeholder
804,H. Jhen Shard,H. Jhen Shard,mh3g-id-res-game-array+mh3u-legacy-display-list
805,DUMMY 805,DUMMY 805,mh3g-id-res-game-array+placeholder
806,H. Jhen Rocksin,H. Jhen Rocksin,mh3g-id-res-game-array+mh3u-legacy-display-list
807,DUMMY 807,DUMMY 807,mh3g-id-res-game-array+placeholder
808,H. Jhen Allbrace,H. Jhen Allbrace,mh3g-id-res-game-array+mh3u-legacy-display-list
809,DUMMY 809,DUMMY 809,mh3g-id-res-game-array+placeholder
810,Deific Fang,Deific Fang,mh3g-id-res-game-array+mh3u-legacy-display-list
811,Earth Drgnsphire,Earth Drgnsphire,mh3g-id-res-game-array+mh3u-legacy-display-list
812,Deviljho Scale,Deviljho Scale,mh3g-id-res-game-array+mh3u-legacy-display-list
813,Deviljho Shard,Deviljho Shard,mh3g-id-res-game-array+mh3u-legacy-display-list
814,Deviljho Hide,Deviljho Hide,mh3g-id-res-game-array+mh3u-legacy-display-list
815,Deviljho Coat,Deviljho Coat,mh3g-id-res-game-array+mh3u-legacy-display-list
816,Deviljho Fang,Deviljho Fang,mh3g-id-res-game-array+mh3u-legacy-display-list
817,Vile Fang,Vile Fang,mh3g-id-res-game-array+mh3u-legacy-display-list
818,Deviljho Talon,Deviljho Talon,mh3g-id-res-game-array+mh3u-legacy-display-list
819,Deviljho Ripper,Deviljho Ripper,mh3g-id-res-game-array+mh3u-legacy-display-list
820,Deviljho Scale,Deviljho Scale,mh3g-id-res-game-array+mh3u-legacy-display-list
821,DUMMY 821,DUMMY 821,mh3g-id-res-game-array+placeholder
822,Deviljho Tail,Deviljho Tail,mh3g-id-res-game-array+mh3u-legacy-display-list
823,Deviljho Flail,Deviljho Flail,mh3g-id-res-game-array+mh3u-legacy-display-list
824,Deviljho Saliva,Deviljho Saliva,mh3g-id-res-game-array+mh3u-legacy-display-list
825,Black Blood,Black Blood,mh3g-id-res-game-array+mh3u-legacy-display-list
826,Deviljho Gem,Deviljho Gem,mh3g-id-res-game-array+mh3u-legacy-display-list
827,Deviljho Crook,Deviljho Crook,mh3g-id-res-game-array+mh3u-legacy-display-list
828,Alatreon Scute,Alatreon Scute,mh3g-id-res-game-array+mh3u-legacy-display-list
829,Alatreon Pallium,Alatreon Pallium,mh3g-id-res-game-array+mh3u-legacy-display-list
830,Alatreon Plate,Alatreon Plate,mh3g-id-res-game-array+mh3u-legacy-display-list
831,Alatreon Mantle,Alatreon Mantle,mh3g-id-res-game-array+mh3u-legacy-display-list
832,Alatreon Talon,Alatreon Talon,mh3g-id-res-game-array+mh3u-legacy-display-list
833,Alatreon Ripper,Alatreon Ripper,mh3g-id-res-game-array+mh3u-legacy-display-list
834,Alatreon Webbing,Alatreon Webbing,mh3g-id-res-game-array+mh3u-legacy-display-list
835,Alatreo Direwing,Alatreo Direwing,mh3g-id-res-game-array+mh3u-legacy-display-list
836,Alatreon Tail,Alatreon Tail,mh3g-id-res-game-array+mh3u-legacy-display-list
837,Alatreo Diretail,Alatreo Diretail,mh3g-id-res-game-array+mh3u-legacy-display-list
838,Brkn Skypiercer,Brkn Skypiercer,mh3g-id-res-game-array+mh3u-legacy-display-list
839,DUMMY 839,DUMMY 839,mh3g-id-res-game-array+placeholder
840,Skypiercer,Skypiercer,mh3g-id-res-game-array+mh3u-legacy-display-list
841,Skyswayer,Skyswayer,mh3g-id-res-game-array+mh3u-legacy-display-list
842,Arzuros Pelt,Arzuros Pelt,mh3g-id-res-game-array+mh3u-legacy-display-list
843,Arzuros Pelt +,Arzuros Pelt +,mh3g-id-res-game-array+mh3u-legacy-display-list
844,DUMMY 844,DUMMY 844,mh3g-id-res-game-array+placeholder
845,Arzuros Shell,Arzuros Shell,mh3g-id-res-game-array+mh3u-legacy-display-list
846,Arzuros Carapace,Arzuros Carapace,mh3g-id-res-game-array+mh3u-legacy-display-list
847,Arzuros Cortex,Arzuros Cortex,mh3g-id-res-game-array+mh3u-legacy-display-list
848,Arzuros Brace,Arzuros Brace,mh3g-id-res-game-array+mh3u-legacy-display-list
849,Arzuros Brace +,Arzuros Brace +,mh3g-id-res-game-array+mh3u-legacy-display-list
850,Arzuros Allbrace,Arzuros Allbrace,mh3g-id-res-game-array+mh3u-legacy-display-list
851,Lagombi Pelt,Lagombi Pelt,mh3g-id-res-game-array+mh3u-legacy-display-list
852,Lagombi Pelt +,Lagombi Pelt +,mh3g-id-res-game-array+mh3u-legacy-display-list
853,Lagombi Fur,Lagombi Fur,mh3g-id-res-game-array+mh3u-legacy-display-list
854,Lagombi Ear,Lagombi Ear,mh3g-id-res-game-array+mh3u-legacy-display-list
855,Lagombi Ear +,Lagombi Ear +,mh3g-id-res-game-array+mh3u-legacy-display-list
856,Lagombi Auricle,Lagombi Auricle,mh3g-id-res-game-array+mh3u-legacy-display-list
857,Lagombi Plastron,Lagombi Plastron,mh3g-id-res-game-array+mh3u-legacy-display-list
858,Lagombi Plastron +,Lagombi Plastron +,mh3g-id-res-game-array+mh3u-legacy-display-list
859,DUMMY 859,DUMMY 859,mh3g-id-res-game-array+placeholder
860,Lagombi Claw,Lagombi Claw,mh3g-id-res-game-array+mh3u-legacy-display-list
861,Lagombi Claw +,Lagombi Claw +,mh3g-id-res-game-array+mh3u-legacy-display-list
862,DUMMY 862,DUMMY 862,mh3g-id-res-game-array+placeholder
863,Volvidon Shell,Volvidon Shell,mh3g-id-res-game-array+mh3u-legacy-display-list
864,Volvi Carapace,Volvi Carapace,mh3g-id-res-game-array+mh3u-legacy-display-list
865,Volvidon Cortex,Volvidon Cortex,mh3g-id-res-game-array+mh3u-legacy-display-list
866,Volvidon Claw,Volvidon Claw,mh3g-id-res-game-array+mh3u-legacy-display-list
867,Volvidon Claw +,Volvidon Claw +,mh3g-id-res-game-array+mh3u-legacy-display-list
868,Volvidon Talon,Volvidon Talon,mh3g-id-res-game-array+mh3u-legacy-display-list
869,Volvi Rickrack,Volvi Rickrack,mh3g-id-res-game-array+mh3u-legacy-display-list
870,DUMMY 870,DUMMY 870,mh3g-id-res-game-array+placeholder
871,Nibelsnarf Shell,Nibelsnarf Shell,mh3g-id-res-game-array+mh3u-legacy-display-list
872,Nibel Carapace,Nibel Carapace,mh3g-id-res-game-array+mh3u-legacy-display-list
873,Nibel Cortex,Nibel Cortex,mh3g-id-res-game-array+mh3u-legacy-display-list
874,Nibelsnarf Hide,Nibelsnarf Hide,mh3g-id-res-game-array+mh3u-legacy-display-list
875,Nibelsnarf Hide +,Nibelsnarf Hide +,mh3g-id-res-game-array+mh3u-legacy-display-list
876,Nibelsnarf Piel,Nibelsnarf Piel,mh3g-id-res-game-array+mh3u-legacy-display-list
877,Nibelsnarf Claw,Nibelsnarf Claw,mh3g-id-res-game-array+mh3u-legacy-display-list
878,Nibelsnarf Claw +,Nibelsnarf Claw +,mh3g-id-res-game-array+mh3u-legacy-display-list
879,Nibelsnarf Talon,Nibelsnarf Talon,mh3g-id-res-game-array+mh3u-legacy-display-list
880,Nibelsnarf Scalp,Nibelsnarf Scalp,mh3g-id-res-game-array+mh3u-legacy-display-list
881,DUMMY 881,DUMMY 881,mh3g-id-res-game-array+placeholder
882,Vivid Fluid,Vivid Fluid,mh3g-id-res-game-array+mh3u-legacy-display-list
883,Brilliant Fluid,Brilliant Fluid,mh3g-id-res-game-array+mh3u-legacy-display-list
884,Dazzling Fluid,Dazzling Fluid,mh3g-id-res-game-array+mh3u-legacy-display-list
885,DUMMY 885,DUMMY 885,mh3g-id-res-game-array+placeholder
886,Zinogre Carapace,Zinogre Carapace,mh3g-id-res-game-array+mh3u-legacy-display-list
887,Zinogre Cortex,Zinogre Cortex,mh3g-id-res-game-array+mh3u-legacy-display-list
888,DUMMY 888,DUMMY 888,mh3g-id-res-game-array+placeholder
889,Zinogre Shocker +,Zinogre Shocker +,mh3g-id-res-game-array+mh3u-legacy-display-list
890,Zin Eletrofur +,Zin Eletrofur +,mh3g-id-res-game-array+mh3u-legacy-display-list
891,DUMMY 891,DUMMY 891,mh3g-id-res-game-array+placeholder
892,Zinogre Horn +,Zinogre Horn +,mh3g-id-res-game-array+mh3u-legacy-display-list
893,Zinogre Hardhorn,Zinogre Hardhorn,mh3g-id-res-game-array+mh3u-legacy-display-list
894,DUMMY 894,DUMMY 894,mh3g-id-res-game-array+placeholder
895,Zinogre Claw +,Zinogre Claw +,mh3g-id-res-game-array+mh3u-legacy-display-list
896,Zinogre Talon,Zinogre Talon,mh3g-id-res-game-array+mh3u-legacy-display-list
897,Zinogre Tail,Zinogre Tail,mh3g-id-res-game-array+mh3u-legacy-display-list
898,Zinogre Lash,Zinogre Lash,mh3g-id-res-game-array+mh3u-legacy-display-list
899,DUMMY 899,DUMMY 899,mh3g-id-res-game-array+placeholder
900,Zin Eletrofur,Zin Eletrofur,mh3g-id-res-game-array+mh3u-legacy-display-list
901,Zin D-Shocker,Zin D-Shocker,mh3g-id-res-game-array+mh3u-legacy-display-list
902,DUMMY 902,DUMMY 902,mh3g-id-res-game-array+placeholder
903,Zinogre Jasper,Zinogre Jasper,mh3g-id-res-game-array+mh3u-legacy-display-list
904,Zin Skymerald,Zin Skymerald,mh3g-id-res-game-array+mh3u-legacy-display-list
905,S. Zin Cortex,S. Zin Cortex,mh3g-id-res-game-array+mh3u-legacy-display-list
906,S. Zin Dragonhair,S. Zin Dragonhair,mh3g-id-res-game-array+mh3u-legacy-display-list
907,S. Zin Hardhorn,S. Zin Hardhorn,mh3g-id-res-game-array+mh3u-legacy-display-list
908,S. Zinogre Talon,S. Zinogre Talon,mh3g-id-res-game-array+mh3u-legacy-display-list
909,S. Zinogre Lash,S. Zinogre Lash,mh3g-id-res-game-array+mh3u-legacy-display-list
910,S. Zin Dragnshell,S. Zin Dragnshell,mh3g-id-res-game-array+mh3u-legacy-display-list
911,S. Zin Skymerald,S. Zin Skymerald,mh3g-id-res-game-array+mh3u-legacy-display-list
912,Nargacuga Scale +,Nargacuga Scale +,mh3g-id-res-game-array+mh3u-legacy-display-list
913,Nargacuga Shard,Nargacuga Shard,mh3g-id-res-game-array+mh3u-legacy-display-list
914,Nargacuga Mantle,Nargacuga Mantle,mh3g-id-res-game-array+mh3u-legacy-display-list
915,DUMMY 915,DUMMY 915,mh3g-id-res-game-array+placeholder
916,Nargacuga Fur,Nargacuga Fur,mh3g-id-res-game-array+mh3u-legacy-display-list
917,Nargacuga Tail,Nargacuga Tail,mh3g-id-res-game-array+mh3u-legacy-display-list
918,Nargacuga Lash,Nargacuga Lash,mh3g-id-res-game-array+mh3u-legacy-display-list
919,Narga Tailspike,Narga Tailspike,mh3g-id-res-game-array+mh3u-legacy-display-list
920,Narga Tailspear,Narga Tailspear,mh3g-id-res-game-array+mh3u-legacy-display-list
921,DUMMY 921,DUMMY 921,mh3g-id-res-game-array+placeholder
922,Narga Razor +,Narga Razor +,mh3g-id-res-game-array+mh3u-legacy-display-list
923,Nargacuga Fang +,Nargacuga Fang +,mh3g-id-res-game-array+mh3u-legacy-display-list
924,Hvy Narga Fang,Hvy Narga Fang,mh3g-id-res-game-array+mh3u-legacy-display-list
925,Narga Medulla,Narga Medulla,mh3g-id-res-game-array+mh3u-legacy-display-list
926,DUMMY 926,DUMMY 926,mh3g-id-res-game-array+placeholder
927,G. Narga Shard,G. Narga Shard,mh3g-id-res-game-array+mh3u-legacy-display-list
928,DUMMY 928,DUMMY 928,mh3g-id-res-game-array+placeholder
929,G. Narga Dapples,G. Narga Dapples,mh3g-id-res-game-array+mh3u-legacy-display-list
930,DUMMY 930,DUMMY 930,mh3g-id-res-game-array+placeholder
931,G. Narga Razor +,G. Narga Razor +,mh3g-id-res-game-array+mh3u-legacy-display-list
932,DUMMY 932,DUMMY 932,mh3g-id-res-game-array+placeholder
933,Hvy G. Narga Fang,Hvy G. Narga Fang,mh3g-id-res-game-array+mh3u-legacy-display-list
934,L. Narga Shard,L. Narga Shard,mh3g-id-res-game-array+mh3u-legacy-display-list
935,L. Narha Dapples,L. Narha Dapples,mh3g-id-res-game-array+mh3u-legacy-display-list
936,L. Narga Razor,L. Narga Razor,mh3g-id-res-game-array+mh3u-legacy-display-list
937,Hvy L. Narga Fang,Hvy L. Narga Fang,mh3g-id-res-game-array+mh3u-legacy-display-list
938,Duramboros Shell,Duramboros Shell,mh3g-id-res-game-array+mh3u-legacy-display-list
939,Duram Carapace,Duram Carapace,mh3g-id-res-game-array+mh3u-legacy-display-list
940,Duram Cortex,Duram Cortex,mh3g-id-res-game-array+mh3u-legacy-display-list
941,Duram Mossplate,Duram Mossplate,mh3g-id-res-game-array+mh3u-legacy-display-list
942,Hard Mossplate,Hard Mossplate,mh3g-id-res-game-array+mh3u-legacy-display-list
943,Heavy Mossplate,Heavy Mossplate,mh3g-id-res-game-array+mh3u-legacy-display-list
944,Duramboros Hump,Duramboros Hump,mh3g-id-res-game-array+mh3u-legacy-display-list
945,Marbled Hump,Marbled Hump,mh3g-id-res-game-array+mh3u-legacy-display-list
946,Duram Tailcase,Duram Tailcase,mh3g-id-res-game-array+mh3u-legacy-display-list
947,Duram Tailcase +,Duram Tailcase +,mh3g-id-res-game-array+mh3u-legacy-display-list
948,Duram Hardtail,Duram Hardtail,mh3g-id-res-game-array+mh3u-legacy-display-list
949,Duramboros Horn,Duramboros Horn,mh3g-id-res-game-array+mh3u-legacy-display-list
950,Duramboros Horn +,Duramboros Horn +,mh3g-id-res-game-array+mh3u-legacy-display-list
951,Duram Hardhorn,Duram Hardhorn,mh3g-id-res-game-array+mh3u-legacy-display-list
952,Duram Tailbone,Duram Tailbone,mh3g-id-res-game-array+mh3u-legacy-display-list
953,Duram Sacrum,Duram Sacrum,mh3g-id-res-game-array+mh3u-legacy-display-list
954,Durambolite,Durambolite,mh3g-id-res-game-array+mh3u-legacy-display-list
955,R. Duram Shell,R. Duram Shell,mh3g-id-res-game-array+mh3u-legacy-display-list
956,R. Duram Plate,R. Duram Plate,mh3g-id-res-game-array+mh3u-legacy-display-list
957,DUMMY 957,DUMMY 957,mh3g-id-res-game-array+placeholder
958,R. Duram Hardtail,R. Duram Hardtail,mh3g-id-res-game-array+mh3u-legacy-display-list
959,DUMMY 959,DUMMY 959,mh3g-id-res-game-array+placeholder
960,DUMMY 960,DUMMY 960,mh3g-id-res-game-array+placeholder
961,Lrg Lobstershell,Lrg Lobstershell,mh3g-id-res-game-array+mh3u-legacy-display-list
962,DUMMY 962,DUMMY 962,mh3g-id-res-game-array+placeholder
963,Plesioth Fang +,Plesioth Fang +,mh3g-id-res-game-array+mh3u-legacy-display-list
964,Hvy Plesio Fang,Hvy Plesio Fang,mh3g-id-res-game-array+mh3u-legacy-display-list
965,Plesioth Scale +,Plesioth Scale +,mh3g-id-res-game-array+mh3u-legacy-display-list
966,Plesioth Shard,Plesioth Shard,mh3g-id-res-game-array+mh3u-legacy-display-list
967,Plesioth Fin +,Plesioth Fin +,mh3g-id-res-game-array+mh3u-legacy-display-list
968,Fine Plesio Fin,Fine Plesio Fin,mh3g-id-res-game-array+mh3u-legacy-display-list
969,DUMMY 969,DUMMY 969,mh3g-id-res-game-array+placeholder
970,G. Plesio Shard,G. Plesio Shard,mh3g-id-res-game-array+mh3u-legacy-display-list
971,DUMMY 971,DUMMY 971,mh3g-id-res-game-array+placeholder
972,Fine G. Plesi Fin,Fine G. Plesi Fin,mh3g-id-res-game-array+mh3u-legacy-display-list
973,Brach Carapace,Brach Carapace,mh3g-id-res-game-array+mh3u-legacy-display-list
974,Brach Cortex,Brach Cortex,mh3g-id-res-game-array+mh3u-legacy-display-list
975,Brach Ebonshell,Brach Ebonshell,mh3g-id-res-game-array+mh3u-legacy-display-list
976,Brach Ebonshell +,Brach Ebonshell +,mh3g-id-res-game-array+mh3u-legacy-display-list
977,DUMMY 977,DUMMY 977,mh3g-id-res-game-array+placeholder
978,DUMMY 978,DUMMY 978,mh3g-id-res-game-array+placeholder
979,Brach Scalp,Brach Scalp,mh3g-id-res-game-array+mh3u-legacy-display-list
980,Brach Scalp +,Brach Scalp +,mh3g-id-res-game-array+mh3u-legacy-display-list
981,Mystery Slime,Mystery Slime,mh3g-id-res-game-array+mh3u-legacy-display-list
982,Glowing Slime,Glowing Slime,mh3g-id-res-game-array+mh3u-legacy-display-list
983,Brach Pounder,Brach Pounder,mh3g-id-res-game-array+mh3u-legacy-display-list
984,Brach Pounder +,Brach Pounder +,mh3g-id-res-game-array+mh3u-legacy-display-list
985,Brachydios Tail,Brachydios Tail,mh3g-id-res-game-array+mh3u-legacy-display-list
986,DUMMY 986,DUMMY 986,mh3g-id-res-game-array+placeholder
987,Brachydios Gem,Brachydios Gem,mh3g-id-res-game-array+mh3u-legacy-display-list
988,Brach Pallium,Brach Pallium,mh3g-id-res-game-array+mh3u-legacy-display-list
989,Miralis Scale,Miralis Scale,mh3g-id-res-game-array+mh3u-legacy-display-list
990,Miralis Fireback,Miralis Fireback,mh3g-id-res-game-array+mh3u-legacy-display-list
991,Miralis Fireclaw,Miralis Fireclaw,mh3g-id-res-game-array+mh3u-legacy-display-list
992,DUMMY 992,DUMMY 992,mh3g-id-res-game-array+placeholder
993,DUMMY 993,DUMMY 993,mh3g-id-res-game-array+placeholder
994,Miralis Evil Eye,Miralis Evil Eye,mh3g-id-res-game-array+mh3u-legacy-display-list
995,DUMMY 995,DUMMY 995,mh3g-id-res-game-array+placeholder
996,Miralis Hellwing,Miralis Hellwing,mh3g-id-res-game-array+mh3u-legacy-display-list
997,DUMMY 997,DUMMY 997,mh3g-id-res-game-array+placeholder
998,DUMMY 998,DUMMY 998,mh3g-id-res-game-array+placeholder
999,Miralis Smelter,Miralis Smelter,mh3g-id-res-game-array+mh3u-legacy-display-list
1000,Immortal Heart,Immortal Heart,mh3g-id-res-game-array+mh3u-legacy-display-list
1001,DUMMY 1001,DUMMY 1001,mh3g-id-res-game-array+placeholder
1002,Gushing Magma,Gushing Magma,mh3g-id-res-game-array+mh3u-legacy-display-list
1003,Dire Dragongem,Dire Dragongem,mh3g-id-res-game-array+mh3u-legacy-display-list
1004,Rustshard,Rustshard,mh3g-id-res-game-array+mh3u-legacy-display-list
1005,Ancient Shard,Ancient Shard,mh3g-id-res-game-array+mh3u-legacy-display-list
1006,Rusted Fragment,Rusted Fragment,mh3g-id-res-game-array+mh3u-legacy-display-list
1007,Large Fragment,Large Fragment,mh3g-id-res-game-array+mh3u-legacy-display-list
1008,Slender Fragment,Slender Fragment,mh3g-id-res-game-array+mh3u-legacy-display-list
1009,Long Fragment,Long Fragment,mh3g-id-res-game-array+mh3u-legacy-display-list
1010,Map,Map,mh3g-id-res-game-array+mh3u-legacy-display-list
1011,First-aid Med,First-aid Med,mh3g-id-res-game-array+mh3u-legacy-display-list
1012,Ration,Ration,mh3g-id-res-game-array+mh3u-legacy-display-list
1013,DUMMY 1013,DUMMY 1013,mh3g-id-res-game-array+placeholder
1014,Mini Whetstone,Mini Whetstone,mh3g-id-res-game-array+mh3u-legacy-display-list
1015,EZ Shock Trap,EZ Shock Trap,mh3g-id-res-game-array+mh3u-legacy-display-list
1016,EZ Flash Bomb,EZ Flash Bomb,mh3g-id-res-game-array+mh3u-legacy-display-list
1017,EZ Sonic Bomb,EZ Sonic Bomb,mh3g-id-res-game-array+mh3u-legacy-display-list
1018,EZ Max Potion,EZ Max Potion,mh3g-id-res-game-array+mh3u-legacy-display-list
1019,EZ Pitfall Trap,EZ Pitfall Trap,mh3g-id-res-game-array+mh3u-legacy-display-list
1020,Mini Oxy Supply,Mini Oxy Supply,mh3g-id-res-game-array+mh3u-legacy-display-list
1021,EZ Barrel Bomb L,EZ Barrel Bomb L,mh3g-id-res-game-array+mh3u-legacy-display-list
1022,Ballista Ammo,Ballista Ammo,mh3g-id-res-game-array+mh3u-legacy-display-list
1023,Ballista Binder,Ballista Binder,mh3g-id-res-game-array+mh3u-legacy-display-list
1024,DUMMY 1024,DUMMY 1024,mh3g-id-res-game-array+placeholder
1025,Cannon Ammo,Cannon Ammo,mh3g-id-res-game-array+mh3u-legacy-display-list
1026,Anti-dragon Bomb,Anti-dragon Bomb,mh3g-id-res-game-array+mh3u-legacy-display-list
1027,Torch,Torch,mh3g-id-res-game-array+mh3u-legacy-display-list
1028,Paw Pass Ticket,Paw Pass Ticket,mh3g-id-res-game-array+mh3u-legacy-display-list
1029,Royal Honey,Royal Honey,mh3g-id-res-game-array+mh3u-legacy-display-list
1030,Unique Mushroom,Unique Mushroom,mh3g-id-res-game-array+mh3u-legacy-display-list
1031,Choice Mushroom,Choice Mushroom,mh3g-id-res-game-array+mh3u-legacy-display-list
1032,Ripened Mushroom,Ripened Mushroom,mh3g-id-res-game-array+mh3u-legacy-display-list
1033,Great Shroom,Great Shroom,mh3g-id-res-game-array+mh3u-legacy-display-list
1034,Super Sprout,Super Sprout,mh3g-id-res-game-array+mh3u-legacy-display-list
1035,DUMMY 1035,DUMMY 1035,mh3g-id-res-game-array+placeholder
1036,DUMMY 1036,DUMMY 1036,mh3g-id-res-game-array+placeholder
1037,Silverfish,Silverfish,mh3g-id-res-game-array+mh3u-legacy-display-list
1038,DUMMY 1038,DUMMY 1038,mh3g-id-res-game-array+placeholder
1039,DUMMY 1039,DUMMY 1039,mh3g-id-res-game-array+placeholder
1040,Goldenfish,Goldenfish,mh3g-id-res-game-array+mh3u-legacy-display-list
1041,Royal Rhino,Royal Rhino,mh3g-id-res-game-array+mh3u-legacy-display-list
1042,Divine Rhino,Divine Rhino,mh3g-id-res-game-array+mh3u-legacy-display-list
1043,Silver Cricket,Silver Cricket,mh3g-id-res-game-array+mh3u-legacy-display-list
1044,Gold Cricket,Gold Cricket,mh3g-id-res-game-array+mh3u-legacy-display-list
1045,Auristone Piece,Auristone Piece,mh3g-id-res-game-array+mh3u-legacy-display-list
1046,Auristone Chunk,Auristone Chunk,mh3g-id-res-game-array+mh3u-legacy-display-list
1047,Balmstone Piece,Balmstone Piece,mh3g-id-res-game-array+mh3u-legacy-display-list
1048,Balmstone Chunk,Balmstone Chunk,mh3g-id-res-game-array+mh3u-legacy-display-list
1049,Crystal Bone,Crystal Bone,mh3g-id-res-game-array+mh3u-legacy-display-list
1050,Golden Bone,Golden Bone,mh3g-id-res-game-array+mh3u-legacy-display-list
1051,Bloodstone,Bloodstone,mh3g-id-res-game-array+mh3u-legacy-display-list
1052,Deep Bloodstone,Deep Bloodstone,mh3g-id-res-game-array+mh3u-legacy-display-list
1053,Coal,Coal,mh3g-id-res-game-array+mh3u-legacy-display-list
1054,Volatile Coal,Volatile Coal,mh3g-id-res-game-array+mh3u-legacy-display-list
1055,Wyvern Egg,Wyvern Egg,mh3g-id-res-game-array+mh3u-legacy-display-list
1056,Herbivore Egg,Herbivore Egg,mh3g-id-res-game-array+mh3u-legacy-display-list
1057,Gargwa Egg,Gargwa Egg,mh3g-id-res-game-array+mh3u-legacy-display-list
1058,Gold Gargwa Egg,Gold Gargwa Egg,mh3g-id-res-game-array+mh3u-legacy-display-list
1059,DUMMY 1059,DUMMY 1059,mh3g-id-res-game-array+placeholder
1060,Powderstone,Powderstone,mh3g-id-res-game-array+mh3u-legacy-display-list
1061,Gargwa Guano,Gargwa Guano,mh3g-id-res-game-array+mh3u-legacy-display-list
1062,White Liver,White Liver,mh3g-id-res-game-array+mh3u-legacy-display-list
1063,Slagtoth Oil,Slagtoth Oil,mh3g-id-res-game-array+mh3u-legacy-display-list
1064,Popo Tongue,Popo Tongue,mh3g-id-res-game-array+mh3u-legacy-display-list
1065,Secret Stash,Secret Stash,mh3g-id-res-game-array+mh3u-legacy-display-list
1066,Round Acorn,Round Acorn,mh3g-id-res-game-array+mh3u-legacy-display-list
1067,Fine Stomach,Fine Stomach,mh3g-id-res-game-array+mh3u-legacy-display-list
1068,Luminous Stomach,Luminous Stomach,mh3g-id-res-game-array+mh3u-legacy-display-list
1069,Giggi Extract,Giggi Extract,mh3g-id-res-game-array+mh3u-legacy-display-list
1070,Monster Guts,Monster Guts,mh3g-id-res-game-array+mh3u-legacy-display-list
1071,Red Coral Stone,Red Coral Stone,mh3g-id-res-game-array+mh3u-legacy-display-list
1072,Wyvern Tear,Wyvern Tear,mh3g-id-res-game-array+mh3u-legacy-display-list
1073,Lrg Wyvern Tear,Lrg Wyvern Tear,mh3g-id-res-game-array+mh3u-legacy-display-list
1074,Beast Tear,Beast Tear,mh3g-id-res-game-array+mh3u-legacy-display-list
1075,Lrg Beast Tear,Lrg Beast Tear,mh3g-id-res-game-array+mh3u-legacy-display-list
1076,Bird Coin,Bird Coin,mh3g-id-res-game-array+mh3u-legacy-display-list
1077,DUMMY 1077,DUMMY 1077,mh3g-id-res-game-array+placeholder
1078,DUMMY 1078,DUMMY 1078,mh3g-id-res-game-array+placeholder
1079,DUMMY 1079,DUMMY 1079,mh3g-id-res-game-array+placeholder
1080,DUMMY 1080,DUMMY 1080,mh3g-id-res-game-array+placeholder
1081,DUMMY 1081,DUMMY 1081,mh3g-id-res-game-array+placeholder
1082,DUMMY 1082,DUMMY 1082,mh3g-id-res-game-array+placeholder
1083,Leviathan Coin,Leviathan Coin,mh3g-id-res-game-array+mh3u-legacy-display-list
1084,DUMMY 1084,DUMMY 1084,mh3g-id-res-game-array+placeholder
1085,DUMMY 1085,DUMMY 1085,mh3g-id-res-game-array+placeholder
1086,DUMMY 1086,DUMMY 1086,mh3g-id-res-game-array+placeholder
1087,DUMMY 1087,DUMMY 1087,mh3g-id-res-game-array+placeholder
1088,DUMMY 1088,DUMMY 1088,mh3g-id-res-game-array+placeholder
1089,Pinnacle Coin,Pinnacle Coin,mh3g-id-res-game-array+mh3u-legacy-display-list
1090,Hunter King Coin,Hunter King Coin,mh3g-id-res-game-array+mh3u-legacy-display-list
1091,Voucher,Voucher,mh3g-id-res-game-array+mh3u-legacy-display-list
1092,Gourmet Voucher,Gourmet Voucher,mh3g-id-res-game-array+mh3u-legacy-display-list
1093,Sharq Ticket,Sharq Ticket,mh3g-id-res-game-array+mh3u-legacy-display-list
1094,DUMMY 1094,DUMMY 1094,mh3g-id-res-game-array+placeholder
1095,DUMMY 1095,DUMMY 1095,mh3g-id-res-game-array+placeholder
1096,Thunderclap Diploma,Thunderclap Diploma,mh3g-id-res-game-array+mh3u-legacy-display-list
1097,Pirate J Ticket,Pirate J Ticket,mh3g-id-res-game-array+reviewed-japan-only-crosswalk
1098,Armament Invitation,Armament Invitation,mh3g-id-res-game-array+reviewed-japan-only-crosswalk
1099,DUMMY 1099,DUMMY 1099,mh3g-id-res-game-array+placeholder
1100,Shadowed Edge,Shadowed Edge,mh3g-id-res-game-array+mh3u-legacy-display-list
1101,Medal Voucher L,Medal Voucher L,mh3g-id-res-game-array+mh3u-legacy-display-list
1102,Lion's Claw,Lion's Claw,mh3g-id-res-game-array+mh3u-legacy-display-list
1103,Conqueror's Seal,Conqueror's Seal,mh3g-id-res-game-array+mh3u-legacy-display-list
1104,DUMMY 1104,DUMMY 1104,mh3g-id-res-game-array+placeholder
1105,Commendation,Commendation,mh3g-id-res-game-array+mh3u-legacy-display-list
1106,DUMMY 1106,DUMMY 1106,mh3g-id-res-game-array+placeholder
1107,Pawprint Stamp,Pawprint Stamp,mh3g-id-res-game-array+mh3u-legacy-display-list
1108,Aquaglow Jewel,Aquaglow Jewel,mh3g-id-res-game-array+mh3u-legacy-display-list
1109,Sunspire Jewel,Sunspire Jewel,mh3g-id-res-game-array+mh3u-legacy-display-list
1110,Bloodrun Jewel,Bloodrun Jewel,mh3g-id-res-game-array+mh3u-legacy-display-list
1111,Lazurite Jewel,Lazurite Jewel,mh3g-id-res-game-array+mh3u-legacy-display-list
1112,Paralysis Jwl 1,Paralysis Jwl 1,mh3g-id-res-game-array+mh3u-legacy-display-list
1113,Paralysis Jwl 2,Paralysis Jwl 2,mh3g-id-res-game-array+mh3u-legacy-display-list
1114,Pep Jewel 1,Pep Jewel 1,mh3g-id-res-game-array+mh3u-legacy-display-list
1115,Pep Jewel 2,Pep Jewel 2,mh3g-id-res-game-array+mh3u-legacy-display-list
1116,Steadfast Jwl 1,Steadfast Jwl 1,mh3g-id-res-game-array+mh3u-legacy-display-list
1117,Standfast Jwl 1,Standfast Jwl 1,mh3g-id-res-game-array+mh3u-legacy-display-list
1118,Antidote Jewel 1,Antidote Jewel 1,mh3g-id-res-game-array+mh3u-legacy-display-list
1119,Antidote Jewel 2,Antidote Jewel 2,mh3g-id-res-game-array+mh3u-legacy-display-list
1120,Tracker Jewel 1,Tracker Jewel 1,mh3g-id-res-game-array+mh3u-legacy-display-list
1121,Trekker Jewel 1,Trekker Jewel 1,mh3g-id-res-game-array+mh3u-legacy-display-list
1122,Ninja Jewel 1,Ninja Jewel 1,mh3g-id-res-game-array+mh3u-legacy-display-list
1123,Vitality Jewel 1,Vitality Jewel 1,mh3g-id-res-game-array+mh3u-legacy-display-list
1124,Recovery Jewel 1,Recovery Jewel 1,mh3g-id-res-game-array+mh3u-legacy-display-list
1125,Recovery Jewel 2,Recovery Jewel 2,mh3g-id-res-game-array+mh3u-legacy-display-list
1126,Razor Jewel 1,Razor Jewel 1,mh3g-id-res-game-array+mh3u-legacy-display-list
1127,Razor Jewel 3,Razor Jewel 3,mh3g-id-res-game-array+mh3u-legacy-display-list
1128,Handicraft Jwl 2,Handicraft Jwl 2,mh3g-id-res-game-array+mh3u-legacy-display-list
1129,Handicarft Jwl 3,Handicarft Jwl 3,mh3g-id-res-game-array+mh3u-legacy-display-list
1130,Fencer Jewel 1,Fencer Jewel 1,mh3g-id-res-game-array+mh3u-legacy-display-list
1131,Fencer Jewel 3,Fencer Jewel 3,mh3g-id-res-game-array+mh3u-legacy-display-list
1132,Expert Jewel 1,Expert Jewel 1,mh3g-id-res-game-array+mh3u-legacy-display-list
1133,Expert Jewel 2,Expert Jewel 2,mh3g-id-res-game-array+mh3u-legacy-display-list
1134,Expert Jewel 3,Expert Jewel 3,mh3g-id-res-game-array+mh3u-legacy-display-list
1135,Grinder Jewel 1,Grinder Jewel 1,mh3g-id-res-game-array+mh3u-legacy-display-list
1136,Ironwall Jewel 1,Ironwall Jewel 1,mh3g-id-res-game-array+mh3u-legacy-display-list
1137,Ironwall Jewel 2,Ironwall Jewel 2,mh3g-id-res-game-array+mh3u-legacy-display-list
1138,Shield Jewel 1,Shield Jewel 1,mh3g-id-res-game-array+mh3u-legacy-display-list
1139,Shield Jewel 2,Shield Jewel 2,mh3g-id-res-game-array+mh3u-legacy-display-list
1140,Quickload Jwl 1,Quickload Jwl 1,mh3g-id-res-game-array+mh3u-legacy-display-list
1141,Quickload Jwl 2,Quickload Jwl 2,mh3g-id-res-game-array+mh3u-legacy-display-list
1142,Absorber Jewel 1,Absorber Jewel 1,mh3g-id-res-game-array+mh3u-legacy-display-list
1143,Absorber Jewel 3,Absorber Jewel 3,mh3g-id-res-game-array+mh3u-legacy-display-list
1144,Forceshot Jwl 1,Forceshot Jwl 1,mh3g-id-res-game-array+mh3u-legacy-display-list
1145,Forceshot Jwl 3,Forceshot Jwl 3,mh3g-id-res-game-array+mh3u-legacy-display-list
1146,Pierce Jewel 1,Pierce Jewel 1,mh3g-id-res-game-array+mh3u-legacy-display-list
1147,Pierce Jewel 3,Pierce Jewel 3,mh3g-id-res-game-array+mh3u-legacy-display-list
1148,Pellet Jewel 1,Pellet Jewel 1,mh3g-id-res-game-array+mh3u-legacy-display-list
1149,Pellet Jewel 3,Pellet Jewel 3,mh3g-id-res-game-array+mh3u-legacy-display-list
1150,ShotPlus Jewel 1,ShotPlus Jewel 1,mh3g-id-res-game-array+mh3u-legacy-display-list
1151,ShotPlus Jewel 2,ShotPlus Jewel 2,mh3g-id-res-game-array+mh3u-legacy-display-list
1152,PiercePlus Jwl 1,PiercePlus Jwl 1,mh3g-id-res-game-array+mh3u-legacy-display-list
1153,DUMMY 1153,DUMMY 1153,mh3g-id-res-game-array+placeholder
1154,PelletPlus Jwl 1,PelletPlus Jwl 1,mh3g-id-res-game-array+mh3u-legacy-display-list
1155,CragPlus Jewel 1,CragPlus Jewel 1,mh3g-id-res-game-array+mh3u-legacy-display-list
1156,ClustPlus Jwl 1,ClustPlus Jwl 1,mh3g-id-res-game-array+mh3u-legacy-display-list
1157,Disabler Jewel 1,Disabler Jewel 1,mh3g-id-res-game-array+mh3u-legacy-display-list
1158,Disabler Jewel 2,Disabler Jewel 2,mh3g-id-res-game-array+mh3u-legacy-display-list
1159,Element Jewel 1,Element Jewel 1,mh3g-id-res-game-array+mh3u-legacy-display-list
1160,Element Jewel 3,Element Jewel 3,mh3g-id-res-game-array+mh3u-legacy-display-list
1161,Bombardier Jwl 1,Bombardier Jwl 1,mh3g-id-res-game-array+mh3u-legacy-display-list
1162,DUMMY 1162,DUMMY 1162,mh3g-id-res-game-array+placeholder
1163,Hungerless Jwl 1,Hungerless Jwl 1,mh3g-id-res-game-array+mh3u-legacy-display-list
1164,Metabolism Jwl 1,Metabolism Jwl 1,mh3g-id-res-game-array+mh3u-legacy-display-list
1165,Attack Jewel 1,Attack Jewel 1,mh3g-id-res-game-array+mh3u-legacy-display-list
1166,Attack Jewel 2,Attack Jewel 2,mh3g-id-res-game-array+mh3u-legacy-display-list
1167,Attack Jewel 3,Attack Jewel 3,mh3g-id-res-game-array+mh3u-legacy-display-list
1168,Defense Jewel 1,Defense Jewel 1,mh3g-id-res-game-array+mh3u-legacy-display-list
1169,Defense Jewel 2,Defense Jewel 2,mh3g-id-res-game-array+mh3u-legacy-display-list
1170,Protection Jwl 1,Protection Jwl 1,mh3g-id-res-game-array+mh3u-legacy-display-list
1171,Asylum Jewel 1,Asylum Jewel 1,mh3g-id-res-game-array+mh3u-legacy-display-list
1172,Earplug Jewel 1,Earplug Jewel 1,mh3g-id-res-game-array+mh3u-legacy-display-list
1173,Earplug Jewel 3,Earplug Jewel 3,mh3g-id-res-game-array+mh3u-legacy-display-list
1174,Alarm Jewel 1,Alarm Jewel 1,mh3g-id-res-game-array+mh3u-legacy-display-list
1175,Friendship Jwl 1,Friendship Jwl 1,mh3g-id-res-game-array+mh3u-legacy-display-list
1176,Friendship Jwl 2,Friendship Jwl 2,mh3g-id-res-game-array+mh3u-legacy-display-list
1177,Transportr Jwl 1,Transportr Jwl 1,mh3g-id-res-game-array+mh3u-legacy-display-list
1178,Fire Res Jewel 1,Fire Res Jewel 1,mh3g-id-res-game-array+mh3u-legacy-display-list
1179,Water Res Jwl 1,Water Res Jwl 1,mh3g-id-res-game-array+mh3u-legacy-display-list
1180,Ice Res Jewel 1,Ice Res Jewel 1,mh3g-id-res-game-array+mh3u-legacy-display-list
1181,ThunderRes Jwl 1,ThunderRes Jwl 1,mh3g-id-res-game-array+mh3u-legacy-display-list
1182,Dragon Res Jwl 1,Dragon Res Jwl 1,mh3g-id-res-game-array+mh3u-legacy-display-list
1183,Heat Res Jewel 1,Heat Res Jewel 1,mh3g-id-res-game-array+mh3u-legacy-display-list
1184,Cold Res Jewel 1,Cold Res Jewel 1,mh3g-id-res-game-array+mh3u-legacy-display-list
1185,Wind Res Jewel 1,Wind Res Jewel 1,mh3g-id-res-game-array+mh3u-legacy-display-list
1186,Wind Res Jewel 2,Wind Res Jewel 2,mh3g-id-res-game-array+mh3u-legacy-display-list
1187,DUMMY 1187,DUMMY 1187,mh3g-id-res-game-array+placeholder
1188,Gathering Jwl 1,Gathering Jwl 1,mh3g-id-res-game-array+mh3u-legacy-display-list
1189,Spree Jewel 1,Spree Jewel 1,mh3g-id-res-game-array+mh3u-legacy-display-list
1190,Blessing Jewel 1,Blessing Jewel 1,mh3g-id-res-game-array+mh3u-legacy-display-list
1191,Fate Jewel 1,Fate Jewel 1,mh3g-id-res-game-array+mh3u-legacy-display-list
1192,Fate Jewel 3,Fate Jewel 3,mh3g-id-res-game-array+mh3u-legacy-display-list
1193,DUMMY 1193,DUMMY 1193,mh3g-id-res-game-array+placeholder
1194,Psychic Jewel 1,Psychic Jewel 1,mh3g-id-res-game-array+mh3u-legacy-display-list
1195,Medicine Jewel 1,Medicine Jewel 1,mh3g-id-res-game-array+mh3u-legacy-display-list
1196,Medicine Jewel 2,Medicine Jewel 2,mh3g-id-res-game-array+mh3u-legacy-display-list
1197,Professor Jwl 1,Professor Jwl 1,mh3g-id-res-game-array+mh3u-legacy-display-list
1198,Factory Jewel 1,Factory Jewel 1,mh3g-id-res-game-array+mh3u-legacy-display-list
1199,Evasion Jewel 1,Evasion Jewel 1,mh3g-id-res-game-array+mh3u-legacy-display-list
1200,Evasion Jewel 2,Evasion Jewel 2,mh3g-id-res-game-array+mh3u-legacy-display-list
1201,Potential Jwl 1,Potential Jwl 1,mh3g-id-res-game-array+mh3u-legacy-display-list
1202,Potential Jwl 2,Potential Jwl 2,mh3g-id-res-game-array+mh3u-legacy-display-list
1203,Enduring Jewel 1,Enduring Jewel 1,mh3g-id-res-game-array+mh3u-legacy-display-list
1204,Sprinter Jewel 1,Sprinter Jewel 1,mh3g-id-res-game-array+mh3u-legacy-display-list
1205,Sprinter Jewel 3,Sprinter Jewel 3,mh3g-id-res-game-array+mh3u-legacy-display-list
1206,Capacity Jewel 2,Capacity Jewel 2,mh3g-id-res-game-array+mh3u-legacy-display-list
1207,Capacity Jewel 3,Capacity Jewel 3,mh3g-id-res-game-array+mh3u-legacy-display-list
1208,Sniper Jewel 1,Sniper Jewel 1,mh3g-id-res-game-array+mh3u-legacy-display-list
1209,Gobbler Jewel 1,Gobbler Jewel 1,mh3g-id-res-game-array+mh3u-legacy-display-list
1210,Gobbler Jewel 3,Gobbler Jewel 3,mh3g-id-res-game-array+mh3u-legacy-display-list
1211,Carver Jewel 1,Carver Jewel 1,mh3g-id-res-game-array+mh3u-legacy-display-list
1212,Carver Jewel 3,Carver Jewel 3,mh3g-id-res-game-array+mh3u-legacy-display-list
1213,Footing Jewel 1,Footing Jewel 1,mh3g-id-res-game-array+mh3u-legacy-display-list
1214,Tectonic Jewel 1,Tectonic Jewel 1,mh3g-id-res-game-array+mh3u-legacy-display-list
1215,DUMMY 1215,DUMMY 1215,mh3g-id-res-game-array+placeholder
1216,Jumping Jewel 1,Jumping Jewel 1,mh3g-id-res-game-array+mh3u-legacy-display-list
1217,DUMMY 1217,DUMMY 1217,mh3g-id-res-game-array+placeholder
1218,Draw Jewel 1,Draw Jewel 1,mh3g-id-res-game-array+mh3u-legacy-display-list
1219,Draw Jewel 2,Draw Jewel 2,mh3g-id-res-game-array+mh3u-legacy-display-list
1220,Trapmaster Jwl 1,Trapmaster Jwl 1,mh3g-id-res-game-array+mh3u-legacy-display-list
1221,Physique Jewel 1,Physique Jewel 1,mh3g-id-res-game-array+mh3u-legacy-display-list
1222,Physique Jewel 2,Physique Jewel 2,mh3g-id-res-game-array+mh3u-legacy-display-list
1223,Capture Jewel 1,Capture Jewel 1,mh3g-id-res-game-array+mh3u-legacy-display-list
1224,Capture Jewel 3,Capture Jewel 3,mh3g-id-res-game-array+mh3u-legacy-display-list
1225,Perception Jwl 1,Perception Jwl 1,mh3g-id-res-game-array+mh3u-legacy-display-list
1226,Charger Jewel 1,Charger Jewel 1,mh3g-id-res-game-array+mh3u-legacy-display-list
1227,Charger Jewel 3,Charger Jewel 3,mh3g-id-res-game-array+mh3u-legacy-display-list
1228,Fresh Air Jwl 1,Fresh Air Jwl 1,mh3g-id-res-game-array+mh3u-legacy-display-list
1229,Stopflow Jewel 1,Stopflow Jewel 1,mh3g-id-res-game-array+mh3u-legacy-display-list
1230,Swimmer Jewel 1,Swimmer Jewel 1,mh3g-id-res-game-array+mh3u-legacy-display-list
1231,Diver Jewel 1,Diver Jewel 1,mh3g-id-res-game-array+mh3u-legacy-display-list
1232,Gambit Jewel 1,Gambit Jewel 1,mh3g-id-res-game-array+mh3u-legacy-display-list
1233,Gambit Jewel 3,Gambit Jewel 3,mh3g-id-res-game-array+mh3u-legacy-display-list
1234,Resistor Jewel 1,Resistor Jewel 1,mh3g-id-res-game-array+mh3u-legacy-display-list
1235,Release Jewel 2,Release Jewel 2,mh3g-id-res-game-array+mh3u-legacy-display-list
1236,Catalyst Jewel 3,Catalyst Jewel 3,mh3g-id-res-game-array+mh3u-legacy-display-list
1237,Fortitude Jwl 1,Fortitude Jwl 1,mh3g-id-res-game-array+mh3u-legacy-display-list
1238,Fortitude Jwl 2,Fortitude Jwl 2,mh3g-id-res-game-array+mh3u-legacy-display-list
1239,Salvo Jewel 1,Salvo Jewel 1,mh3g-id-res-game-array+mh3u-legacy-display-list
1240,Salvo Jewel 3,Salvo Jewel 3,mh3g-id-res-game-array+mh3u-legacy-display-list
1241,Dungmaster Jwl 1,Dungmaster Jwl 1,mh3g-id-res-game-array+mh3u-legacy-display-list
1242,Torchlight Jwl 1,Torchlight Jwl 1,mh3g-id-res-game-array+mh3u-legacy-display-list
1243,(No Mask),(No Mask),mh3g-id-res-game-array+mh3u-legacy-display-list
1244,BBQ with Mask,BBQ with Mask,mh3g-id-res-game-array+mh3u-legacy-display-list
1245,Sharpen w/ Mask,Sharpen w/ Mask,mh3g-id-res-game-array+mh3u-legacy-display-list
1246,Return via Mask,Return via Mask,mh3g-id-res-game-array+mh3u-legacy-display-list
1247,Slime S,Slime S,mh3g-id-res-game-array+mh3u-legacy-display-list
1248,DUMMY 1248,DUMMY 1248,mh3g-id-res-game-array+placeholder
1249,Flying Wyverns Vol 1,Flying Wyverns Vol 1,mh3g-id-res-game-array+mh3u-legacy-display-list
1250,Flying Wyverns Vol 2,Flying Wyverns Vol 2,mh3g-id-res-game-array+mh3u-legacy-display-list
1251,Flying Wyverns Vol 3,Flying Wyverns Vol 3,mh3g-id-res-game-array+mh3u-legacy-display-list
1252,Bird Wyverns Vol 1,Bird Wyverns Vol 1,mh3g-id-res-game-array+mh3u-legacy-display-list
1253,Bird Wyverns Vol 2,Bird Wyverns Vol 2,mh3g-id-res-game-array+mh3u-legacy-display-list
1254,Brute Wyverns Vol 1,Brute Wyverns Vol 1,mh3g-id-res-game-array+mh3u-legacy-display-list
1255,Brute Wyverns Vol 2,Brute Wyverns Vol 2,mh3g-id-res-game-array+mh3u-legacy-display-list
1256,Brute Wyverns Vol 3,Brute Wyverns Vol 3,mh3g-id-res-game-array+mh3u-legacy-display-list
1257,Leviathans Vol 1,Leviathans Vol 1,mh3g-id-res-game-array+mh3u-legacy-display-list
1258,Leviathans Vol 2,Leviathans Vol 2,mh3g-id-res-game-array+mh3u-legacy-display-list
1259,Leviathans Vol 3,Leviathans Vol 3,mh3g-id-res-game-array+mh3u-legacy-display-list
1260,Fanged Wyverns Vol 1,Fanged Wyverns Vol 1,mh3g-id-res-game-array+mh3u-legacy-display-list
1261,Fanged Wyverns Vol 2,Fanged Wyverns Vol 2,mh3g-id-res-game-array+mh3u-legacy-display-list
1262,Fanged Beasts,Fanged Beasts,mh3g-id-res-game-array+mh3u-legacy-display-list
1263,DUMMY 1263,DUMMY 1263,mh3g-id-res-game-array+placeholder
1264,Piscine Wyverns,Piscine Wyverns,mh3g-id-res-game-array+mh3u-legacy-display-list
1265,Elder Dragons Vol 1,Elder Dragons Vol 1,mh3g-id-res-game-array+mh3u-legacy-display-list
1266,Elder Dragons Vol 2,Elder Dragons Vol 2,mh3g-id-res-game-array+mh3u-legacy-display-list
1267,Elder Dragons Vol 3,Elder Dragons Vol 3,mh3g-id-res-game-array+mh3u-legacy-display-list
1268,Lynians,Lynians,mh3g-id-res-game-array+mh3u-legacy-display-list
1269,Neopteron,Neopteron,mh3g-id-res-game-array+mh3u-legacy-display-list
1270,Herbivores Vol 1,Herbivores Vol 1,mh3g-id-res-game-array+mh3u-legacy-display-list
1271,Herbivores Vol 2,Herbivores Vol 2,mh3g-id-res-game-array+mh3u-legacy-display-list
1272,Deviljho,Deviljho,mh3g-id-res-game-array+mh3u-legacy-display-list
1273,Brachydios,Brachydios,mh3g-id-res-game-array+mh3u-legacy-display-list
1274,Dire Miralis,Dire Miralis,mh3g-id-res-game-array+mh3u-legacy-display-list
1275,Plesioth Vol 1,Plesioth Vol 1,mh3g-id-res-game-array+mh3u-legacy-display-list
1276,Plesioth Vol 2,Plesioth Vol 2,mh3g-id-res-game-array+mh3u-legacy-display-list
1277,Deodorant,Deodorant,mh3g-id-res-game-array+mh3u-legacy-display-list
1278,Emperor Hopper,Emperor Hopper,mh3g-id-res-game-array+mh3u-legacy-display-list
1279,Elder Dragonbone,Elder Dragonbone,mh3g-id-res-game-array+mh3u-legacy-display-list
1280,DUMMY 1280,DUMMY 1280,mh3g-id-res-game-array+placeholder
1281,Purecrystal,Purecrystal,mh3g-id-res-game-array+mh3u-legacy-display-list
1282,Adamant Orb,Adamant Orb,mh3g-id-res-game-array+mh3u-legacy-display-list
1283,Lagiacrus Piel,Lagiacrus Piel,mh3g-id-res-game-array+mh3u-legacy-display-list
1284,DUMMY 1284,DUMMY 1284,mh3g-id-res-game-array+placeholder
1285,Nightmarish Maw,Nightmarish Maw,mh3g-id-res-game-array+mh3u-legacy-display-list
1286,DUMMY 1286,DUMMY 1286,mh3g-id-res-game-array+placeholder
1287,DUMMY 1287,DUMMY 1287,mh3g-id-res-game-array+placeholder
1288,DUMMY 1288,DUMMY 1288,mh3g-id-res-game-array+placeholder
1289,Slime Coating,Slime Coating,mh3g-id-res-game-array+mh3u-legacy-display-list
1290,DUMMY 1290,DUMMY 1290,mh3g-id-res-game-array+placeholder
1291,Blossom Cricket,Blossom Cricket,mh3g-id-res-game-array+mh3u-legacy-display-list
1292,L. Narg Tailspear,L. Narg Tailspear,mh3g-id-res-game-array+mh3u-legacy-display-list
1293,DUMMY 1293,DUMMY 1293,mh3g-id-res-game-array+placeholder
1294,G. Narg Tailspear,G. Narg Tailspear,mh3g-id-res-game-array+mh3u-legacy-display-list
1295,DUMMY 1295,DUMMY 1295,mh3g-id-res-game-array+placeholder
1296,Agnaktor Cortex,Agnaktor Cortex,mh3g-id-res-game-array+mh3u-legacy-display-list
1297,Revolting Piel,Revolting Piel,mh3g-id-res-game-array+mh3u-legacy-display-list
1298,Cryo Sac,Cryo Sac,mh3g-id-res-game-array+mh3u-legacy-display-list
1299,Flood Sac,Flood Sac,mh3g-id-res-game-array+mh3u-legacy-display-list
1300,Monster Essence,Monster Essence,mh3g-id-res-game-array+mh3u-legacy-display-list
1301,DUMMY 1301,DUMMY 1301,mh3g-id-res-game-array+placeholder
1302,Massive Bone,Massive Bone,mh3g-id-res-game-array+mh3u-legacy-display-list
1303,DUMMY 1303,DUMMY 1303,mh3g-id-res-game-array+placeholder
1304,Prized Pelt,Prized Pelt,mh3g-id-res-game-array+mh3u-legacy-display-list
1305,DUMMY 1305,DUMMY 1305,mh3g-id-res-game-array+placeholder
1306,DUMMY 1306,DUMMY 1306,mh3g-id-res-game-array+placeholder
1307,Speartuna,Speartuna,mh3g-id-res-game-array+mh3u-legacy-display-list
1308,Nargacuga Pelt +,Nargacuga Pelt +,mh3g-id-res-game-array+mh3u-legacy-display-list
1309,Narga Razor,Narga Razor,mh3g-id-res-game-array+mh3u-legacy-display-list
1310,VE Ticket,VE Ticket,mh3g-id-res-game-array+mh3u-legacy-display-list
1311,VE Deluxe Ticket,VE Deluxe Ticket,mh3g-id-res-game-array+mh3u-legacy-display-list
1312,VE Bronze Ticket,VE Bronze Ticket,mh3g-id-res-game-array+mh3u-legacy-display-list
1313,VE Silver Ticket,VE Silver Ticket,mh3g-id-res-game-array+mh3u-legacy-display-list
1314,VE Golden Ticket,VE Golden Ticket,mh3g-id-res-game-array+mh3u-legacy-display-list
1315,VE Cosmic Ticket,VE Cosmic Ticket,mh3g-id-res-game-array+mh3u-legacy-display-list
1316,DUMMY 1316,DUMMY 1316,mh3g-id-res-game-array+placeholder
1317,DUMMY 1317,DUMMY 1317,mh3g-id-res-game-array+placeholder
1318,Maiden Butterfly,Maiden Butterfly,mh3g-id-res-game-array+mh3u-legacy-display-list
1319,DUMMY 1319,DUMMY 1319,mh3g-id-res-game-array+placeholder
1320,DUMMY 1320,DUMMY 1320,mh3g-id-res-game-array+placeholder
1321,DUMMY 1321,DUMMY 1321,mh3g-id-res-game-array+placeholder
1322,DUMMY 1322,DUMMY 1322,mh3g-id-res-game-array+placeholder
1323,DUMMY 1323,DUMMY 1323,mh3g-id-res-game-array+placeholder
1324,Chum-Chum Ticket,Chum-Chum Ticket,mh3g-id-res-game-array+mh3u-legacy-display-list
1325,DUMMY 1325,DUMMY 1325,mh3g-id-res-game-array+placeholder
1326,Lagia Hardhorn,Lagia Hardhorn,mh3g-id-res-game-array+mh3u-legacy-display-list
1327,DUMMY 1327,DUMMY 1327,mh3g-id-res-game-array+placeholder
1328,DUMMY 1328,DUMMY 1328,mh3g-id-res-game-array+placeholder
1329,DUMMY 1329,DUMMY 1329,mh3g-id-res-game-array+placeholder
1330,Heftcorn,Heftcorn,mh3g-id-res-game-array+mh3u-legacy-display-list
1331,DUMMY 1331,DUMMY 1331,mh3g-id-res-game-array+placeholder
1332,DUMMY 1332,DUMMY 1332,mh3g-id-res-game-array+placeholder
1333,Bullfango Tusk,Bullfango Tusk,mh3g-id-res-game-array+mh3u-legacy-display-list
1334,DUMMY 1334,DUMMY 1334,mh3g-id-res-game-array+placeholder
1335,DUMMY 1335,DUMMY 1335,mh3g-id-res-game-array+placeholder
1336,DUMMY 1336,DUMMY 1336,mh3g-id-res-game-array+placeholder
1337,Butterfly Beetle,Butterfly Beetle,mh3g-id-res-game-array+mh3u-legacy-display-list
1338,DUMMY 1338,DUMMY 1338,mh3g-id-res-game-array+placeholder
1339,DUMMY 1339,DUMMY 1339,mh3g-id-res-game-array+placeholder
1340,Diablos Hardtail,Diablos Hardtail,mh3g-id-res-game-array+mh3u-legacy-display-list
1341,Barroth Lash,Barroth Lash,mh3g-id-res-game-array+mh3u-legacy-display-list
1342,DUMMY 1342,DUMMY 1342,mh3g-id-res-game-array+placeholder
1343,DUMMY 1343,DUMMY 1343,mh3g-id-res-game-array+placeholder
1344,DUMMY 1344,DUMMY 1344,mh3g-id-res-game-array+placeholder
1345,Scalding Pleura,Scalding Pleura,mh3g-id-res-game-array+mh3u-legacy-display-list
1346,DUMMY 1346,DUMMY 1346,mh3g-id-res-game-array+placeholder
1347,Crested Crown,Crested Crown,mh3g-id-res-game-array+mh3u-legacy-display-list
1348,Royal Crest,Royal Crest,mh3g-id-res-game-array+mh3u-legacy-display-list
1349,Realmless Crown,Realmless Crown,mh3g-id-res-game-array+mh3u-legacy-display-list
1350,Giant Fossil,Giant Fossil,mh3g-id-res-game-array+mh3u-legacy-display-list
1351,DUMMY 1351,DUMMY 1351,mh3g-id-res-game-array+placeholder
1352,R. Ludroth Lash,R. Ludroth Lash,mh3g-id-res-game-array+mh3u-legacy-display-list
1353,Mohran Shard,Mohran Shard,mh3g-id-res-game-array+mh3u-legacy-display-list
1354,Mohran Rockskin,Mohran Rockskin,mh3g-id-res-game-array+mh3u-legacy-display-list
1355,Mohran Allbrace,Mohran Allbrace,mh3g-id-res-game-array+mh3u-legacy-display-list
1356,Rathalos Wing,Rathalos Wing,mh3g-id-res-game-array+mh3u-legacy-display-list
1357,Plesioth Webbing,Plesioth Webbing,mh3g-id-res-game-array+mh3u-legacy-display-list
1358,Hrd Ples Webbing,Hrd Ples Webbing,mh3g-id-res-game-array+mh3u-legacy-display-list
1359,Fish,Fish,mh3g-id-res-game-array+mh3u-legacy-display-list
1360,DUMMY 1360,DUMMY 1360,mh3g-id-res-game-array+placeholder
1361,DUMMY 1361,DUMMY 1361,mh3g-id-res-game-array+placeholder
1362,Small Golden Egg,Small Golden Egg,mh3g-id-res-game-array+mh3u-legacy-display-list
1363,Bronze Coin,Bronze Coin,mh3g-id-res-game-array+mh3u-legacy-display-list
1364,Silver Coin,Silver Coin,mh3g-id-res-game-array+mh3u-legacy-display-list
1365,Gold Coin,Gold Coin,mh3g-id-res-game-array+mh3u-legacy-display-list
1366,Sparkly Fragment,Sparkly Fragment,mh3g-id-res-game-array+mh3u-legacy-display-list
1367,Plesioth Head,Plesioth Head,mh3g-id-res-game-array+mh3u-legacy-display-list
1368,Uber Plesio Head,Uber Plesio Head,mh3g-id-res-game-array+mh3u-legacy-display-list
1369,Beast Coin,Beast Coin,mh3g-id-res-game-array+mh3u-legacy-display-list
1370,Flying Coin,Flying Coin,mh3g-id-res-game-array+mh3u-legacy-display-list
1371,Piscine Coin,Piscine Coin,mh3g-id-res-game-array+mh3u-legacy-display-list
1372,Brute Coin,Brute Coin,mh3g-id-res-game-array+mh3u-legacy-display-list
1373,Port Gal (Red),Port Gal (Red),mh3g-id-res-game-array+mh3u-legacy-display-list
1374,Port Gal (Blue),Port Gal (Blue),mh3g-id-res-game-array+mh3u-legacy-display-list
1375,Port Gal (Green),Port Gal (Green),mh3g-id-res-game-array+mh3u-legacy-display-list
1376,Port Gal (White),Port Gal (White),mh3g-id-res-game-array+mh3u-legacy-display-list
1377,Slickaxe,Slickaxe,mh3g-id-res-game-array+mh3u-legacy-display-list
1378,Mooncatcher Fang,Mooncatcher Fang,mh3g-id-res-game-array+mh3u-legacy-display-list
1379,Glossy Scale,Glossy Scale,mh3g-id-res-game-array+mh3u-legacy-display-list
1380,DUMMY 1380,DUMMY 1380,mh3g-id-res-game-array+placeholder
1381,DUMMY 1381,DUMMY 1381,mh3g-id-res-game-array+placeholder
1382,DUMMY 1382,DUMMY 1382,mh3g-id-res-game-array+placeholder
1383,DUMMY 1383,DUMMY 1383,mh3g-id-res-game-array+placeholder
1384,DUMMY 1384,DUMMY 1384,mh3g-id-res-game-array+placeholder
1385,DUMMY 1385,DUMMY 1385,mh3g-id-res-game-array+placeholder
1386,DUMMY 1386,DUMMY 1386,mh3g-id-res-game-array+placeholder
1387,DUMMY 1387,DUMMY 1387,mh3g-id-res-game-array+placeholder
1388,DUMMY 1388,DUMMY 1388,mh3g-id-res-game-array+placeholder
1389,DUMMY 1389,DUMMY 1389,mh3g-id-res-game-array+placeholder
1390,DUMMY 1390,DUMMY 1390,mh3g-id-res-game-array+placeholder
1391,DUMMY 1391,DUMMY 1391,mh3g-id-res-game-array+placeholder
1392,Thick Skull,Thick Skull,mh3g-id-res-game-array+mh3u-legacy-display-list
1393,Savory Bear Paw,Savory Bear Paw,mh3g-id-res-game-array+mh3u-legacy-display-list
1394,Peco Pipes,Peco Pipes,mh3g-id-res-game-array+mh3u-legacy-display-list
1395,Billowy Mane,Billowy Mane,mh3g-id-res-game-array+mh3u-legacy-display-list
1396,Volvidon Tongue,Volvidon Tongue,mh3g-id-res-game-array+mh3u-legacy-display-list
1397,Quality Mud Pack,Quality Mud Pack,mh3g-id-res-game-array+mh3u-legacy-display-list
1398,DUMMY 1398,DUMMY 1398,mh3g-id-res-game-array+placeholder
1399,DUMMY 1399,DUMMY 1399,mh3g-id-res-game-array+placeholder
1400,Rathian Loin,Rathian Loin,mh3g-id-res-game-array+mh3u-legacy-display-list
1401,Tender Liver,Tender Liver,mh3g-id-res-game-array+mh3u-legacy-display-list
1402,P. Rathian Loin,P. Rathian Loin,mh3g-id-res-game-array+mh3u-legacy-display-list
1403,Supersize Scale,Supersize Scale,mh3g-id-res-game-array+mh3u-legacy-display-list
1404,Rathalos Ribs,Rathalos Ribs,mh3g-id-res-game-array+mh3u-legacy-display-list
1405,Prime Plesioth,Prime Plesioth,mh3g-id-res-game-array+mh3u-legacy-display-list
1406,Diablos Heart,Diablos Heart,mh3g-id-res-game-array+mh3u-legacy-display-list
1407,Bag of Zs,Bag of Zs,mh3g-id-res-game-array+mh3u-legacy-display-list
1408,Large Obsidian,Large Obsidian,mh3g-id-res-game-array+mh3u-legacy-display-list
1409,Duram Truffle,Duram Truffle,mh3g-id-res-game-array+mh3u-legacy-display-list
1410,DUMMY 1410,DUMMY 1410,mh3g-id-res-game-array+placeholder
1411,Zinogre Head,Zinogre Head,mh3g-id-res-game-array+mh3u-legacy-display-list
1412,DUMMY 1412,DUMMY 1412,mh3g-id-res-game-array+placeholder
1413,Nargacuga Eye,Nargacuga Eye,mh3g-id-res-game-array+mh3u-legacy-display-list
1414,Celestial Scale,Celestial Scale,mh3g-id-res-game-array+mh3u-legacy-display-list
1415,Alabaster Scale,Alabaster Scale,mh3g-id-res-game-array+mh3u-legacy-display-list
1416,Worldeater Belly,Worldeater Belly,mh3g-id-res-game-array+mh3u-legacy-display-list
1417,DUMMY 1417,DUMMY 1417,mh3g-id-res-game-array+placeholder
1418,DUMMY 1418,DUMMY 1418,mh3g-id-res-game-array+placeholder
1419,DUMMY 1419,DUMMY 1419,mh3g-id-res-game-array+placeholder
1420,DUMMY 1420,DUMMY 1420,mh3g-id-res-game-array+placeholder
1421,DUMMY 1421,DUMMY 1421,mh3g-id-res-game-array+placeholder
1422,DUMMY 1422,DUMMY 1422,mh3g-id-res-game-array+placeholder
1423,DUMMY 1423,DUMMY 1423,mh3g-id-res-game-array+placeholder
1424,DUMMY 1424,DUMMY 1424,mh3g-id-res-game-array+placeholder
1425,DUMMY 1425,DUMMY 1425,mh3g-id-res-game-array+placeholder
1426,DUMMY 1426,DUMMY 1426,mh3g-id-res-game-array+placeholder
1427,Exquisite Meat,Exquisite Meat,mh3g-id-res-game-array+mh3u-legacy-display-list
1428,Swordmaster's Secret Manual,Swordmaster's Secret Manual,mh3g-id-res-game-array+reviewed-japan-only-crosswalk
1429,Top Secret Formula,Top Secret Formula,mh3g-id-res-game-array+mh3u-legacy-display-list
1430,Flashbolt Diploma,Flashbolt Diploma,mh3g-id-res-game-array+mh3u-legacy-display-list
1431,DUMMY 1431,DUMMY 1431,mh3g-id-res-game-array+placeholder
1432,Proof of the World's Strongest,Proof of the World's Strongest,mh3g-id-res-game-array+reviewed-japan-only-crosswalk
1433,Captain's IOU,Captain's IOU,mh3g-id-res-game-array+mh3u-legacy-display-list
1434,Hades's Skull,Hades's Skull,mh3g-id-res-game-array+mh3u-legacy-display-list
1435,Legend J Ticket,Legend J Ticket,mh3g-id-res-game-array+reviewed-japan-only-crosswalk
1436,Crown of Glory,Crown of Glory,mh3g-id-res-game-array+mh3u-legacy-display-list
1437,Studio Pass,Studio Pass,mh3g-id-res-game-array+reviewed-japan-only-crosswalk
1438,Studio G Pass,Studio G Pass,mh3g-id-res-game-array+reviewed-japan-only-crosswalk
1439,Medal Voucher G,Medal Voucher G,mh3g-id-res-game-array+mh3u-legacy-display-list
1440,Far East Sword,Far East Sword,mh3g-id-res-game-array+mh3u-legacy-display-list
1441,Training Corps Enlistment Certificate,Training Corps Enlistment Certificate,mh3g-id-res-game-array+reviewed-japan-only-crosswalk
1442,Keron Soldier's Soul,Keron Soldier's Soul,mh3g-id-res-game-array+reviewed-japan-only-crosswalk
1443,Miniature Ticket,Miniature Ticket,mh3g-id-res-game-array+mh3u-legacy-display-list
1444,Fierce Soul,Fierce Soul,mh3g-id-res-game-array+mh3u-legacy-display-list
1445,DUMMY 1445,DUMMY 1445,mh3g-id-res-game-array+placeholder
1446,Flying Wyverns Vol 4,Flying Wyverns Vol 4,mh3g-id-res-game-array+mh3u-legacy-display-list
1447,Flying Wyverns Vol 5,Flying Wyverns Vol 5,mh3g-id-res-game-array+mh3u-legacy-display-list
1448,Def Lock Jewel 1,Def Lock Jewel 1,mh3g-id-res-game-array+mh3u-legacy-display-list
1449,Sterile Jewel 1,Sterile Jewel 1,mh3g-id-res-game-array+mh3u-legacy-display-list
1450,Aseptic Jewel 1,Aseptic Jewel 1,mh3g-id-res-game-array+mh3u-legacy-display-list
1451,Blaze Jewel 1,Blaze Jewel 1,mh3g-id-res-game-array+mh3u-legacy-display-list
1452,Blaze Jewel 2,Blaze Jewel 2,mh3g-id-res-game-array+mh3u-legacy-display-list
1453,Stream Jewel 1,Stream Jewel 1,mh3g-id-res-game-array+mh3u-legacy-display-list
1454,Stream Jewel 2,Stream Jewel 2,mh3g-id-res-game-array+mh3u-legacy-display-list
1455,Bolt Jewel 1,Bolt Jewel 1,mh3g-id-res-game-array+mh3u-legacy-display-list
1456,Bolt Jewel 2,Bolt Jewel 2,mh3g-id-res-game-array+mh3u-legacy-display-list
1457,Frost Jewel 1,Frost Jewel 1,mh3g-id-res-game-array+mh3u-legacy-display-list
1458,Frost Jewel 2,Frost Jewel 2,mh3g-id-res-game-array+mh3u-legacy-display-list
1459,Dragon Jewel 1,Dragon Jewel 1,mh3g-id-res-game-array+mh3u-legacy-display-list
1460,Dragon Jewel 2,Dragon Jewel 2,mh3g-id-res-game-array+mh3u-legacy-display-list
1461,Tenderizer Jwl 1,Tenderizer Jwl 1,mh3g-id-res-game-array+mh3u-legacy-display-list
1462,Tenderizer Jwl 3,Tenderizer Jwl 3,mh3g-id-res-game-array+mh3u-legacy-display-list
1463,Destroyer Jwl 1,Destroyer Jwl 1,mh3g-id-res-game-array+mh3u-legacy-display-list
1464,Destroyer Jwl 3,Destroyer Jwl 3,mh3g-id-res-game-array+mh3u-legacy-display-list
1465,Throttle Jewel 1,Throttle Jewel 1,mh3g-id-res-game-array+mh3u-legacy-display-list
1466,Throttle Jewel 2,Throttle Jewel 2,mh3g-id-res-game-array+mh3u-legacy-display-list
1467,KO Jewel 1,KO Jewel 1,mh3g-id-res-game-array+mh3u-legacy-display-list
1468,Drain Jewel 1,Drain Jewel 1,mh3g-id-res-game-array+mh3u-legacy-display-list
1469,Drain Jewel 2,Drain Jewel 2,mh3g-id-res-game-array+mh3u-legacy-display-list
1470,Sonorous Jewel 1,Sonorous Jewel 1,mh3g-id-res-game-array+mh3u-legacy-display-list
1471,Artillery Jwl 1,Artillery Jwl 1,mh3g-id-res-game-array+mh3u-legacy-display-list
1472,Resistor Jewel 3,Resistor Jewel 3,mh3g-id-res-game-array+mh3u-legacy-display-list
1473,Nul-Fire Jewel 1,Nul-Fire Jewel 1,mh3g-id-res-game-array+mh3u-legacy-display-list
1474,Nul-Water Jwl 1,Nul-Water Jwl 1,mh3g-id-res-game-array+mh3u-legacy-display-list
1475,Nul-Thundr Jwl 1,Nul-Thundr Jwl 1,mh3g-id-res-game-array+mh3u-legacy-display-list
1476,Nul-Ice Jewel 1,Nul-Ice Jewel 1,mh3g-id-res-game-array+mh3u-legacy-display-list
1477,Nul-Dragon Jwl 1,Nul-Dragon Jwl 1,mh3g-id-res-game-array+mh3u-legacy-display-list
1478,Sheath Jewel 1,Sheath Jewel 1,mh3g-id-res-game-array+mh3u-legacy-display-list
1479,Sheath Jewel 2,Sheath Jewel 2,mh3g-id-res-game-array+mh3u-legacy-display-list
1480,Refresh Jewel 1,Refresh Jewel 1,mh3g-id-res-game-array+mh3u-legacy-display-list
1481,Refresh Jewel 2,Refresh Jewel 2,mh3g-id-res-game-array+mh3u-legacy-display-list
1482,Ranger Jewel 1,Ranger Jewel 1,mh3g-id-res-game-array+mh3u-legacy-display-list
1483,SlicePlus jwl 1,SlicePlus jwl 1,mh3g-id-res-game-array+mh3u-legacy-display-list
1484,Paracoat Jewel 1,Paracoat Jewel 1,mh3g-id-res-game-array+mh3u-legacy-display-list
1485,Paracoat Jewel 2,Paracoat Jewel 2,mh3g-id-res-game-array+mh3u-legacy-display-list
1486,Sleepcoat Jwl 1,Sleepcoat Jwl 1,mh3g-id-res-game-array+mh3u-legacy-display-list
1487,Poisoncoat Jwl 1,Poisoncoat Jwl 1,mh3g-id-res-game-array+mh3u-legacy-display-list
1488,Powercoat Jwl 1,Powercoat Jwl 1,mh3g-id-res-game-array+mh3u-legacy-display-list
1489,Powercoat Jwl 2,Powercoat Jwl 2,mh3g-id-res-game-array+mh3u-legacy-display-list
1490,Rangecoat Jwl 1,Rangecoat Jwl 1,mh3g-id-res-game-array+mh3u-legacy-display-list
1491,Draincoat Jwl 1,Draincoat Jwl 1,mh3g-id-res-game-array+mh3u-legacy-display-list
1492,Stopflow Jewel 2,Stopflow Jewel 2,mh3g-id-res-game-array+mh3u-legacy-display-list
1493,Guts Jewel 1,Guts Jewel 1,mh3g-id-res-game-array+mh3u-legacy-display-list
1494,Guts Jewel 2,Guts Jewel 2,mh3g-id-res-game-array+mh3u-legacy-display-list
1495,Meateater Jwl 1,Meateater Jwl 1,mh3g-id-res-game-array+mh3u-legacy-display-list
1496,Meatlover Jwl 1,Meatlover Jwl 1,mh3g-id-res-game-array+mh3u-legacy-display-list
1497,Slider Jewel 1,Slider Jewel 1,mh3g-id-res-game-array+mh3u-legacy-display-list
1498,Glider Jewel 1,Glider Jewel 1,mh3g-id-res-game-array+mh3u-legacy-display-list
1499,Honeybee Jewel 1,Honeybee Jewel 1,mh3g-id-res-game-array+mh3u-legacy-display-list
1500,Queenbee Jewel 1,Queenbee Jewel 1,mh3g-id-res-game-array+mh3u-legacy-display-list
1501,Biology Jewel 1,Biology Jewel 1,mh3g-id-res-game-array+mh3u-legacy-display-list
1502,Microbio Jewel 1,Microbio Jewel 1,mh3g-id-res-game-array+mh3u-legacy-display-list
1503,Spirit Jewel 1,Spirit Jewel 1,mh3g-id-res-game-array+mh3u-legacy-display-list
1504,Spirit Jewel 2,Spirit Jewel 2,mh3g-id-res-game-array+mh3u-legacy-display-list
1505,Flawless Jewel 1,Flawless Jewel 1,mh3g-id-res-game-array+mh3u-legacy-display-list
1506,Flawless Jewel 2,Flawless Jewel 2,mh3g-id-res-game-array+mh3u-legacy-display-list
1507,Steady Jewel 1,Steady Jewel 1,mh3g-id-res-game-array+mh3u-legacy-display-list
1508,Steady Jewel 3,Steady Jewel 3,mh3g-id-res-game-array+mh3u-legacy-display-list
1509,Fish Jewel 1,Fish Jewel 1,mh3g-id-res-game-array+mh3u-legacy-display-list
1510,Fish Jewel 2,Fish Jewel 2,mh3g-id-res-game-array+mh3u-legacy-display-list
1511,Player Jewel 1,Player Jewel 1,mh3g-id-res-game-array+mh3u-legacy-display-list
1512,Morale Jewel 1,Morale Jewel 1,mh3g-id-res-game-array+mh3u-legacy-display-list
1513,Leader Jewel 1,Leader Jewel 1,mh3g-id-res-game-array+mh3u-legacy-display-list
1514,Leader Jewel 2,Leader Jewel 2,mh3g-id-res-game-array+mh3u-legacy-display-list
1515,Dust of Life,Dust of Life,mh3g-id-res-game-array+mh3u-legacy-display-list
1516,KO Jewel 2,KO Jewel 2,mh3g-id-res-game-array+mh3u-legacy-display-list
1517,Diablos Hardhorn,Diablos Hardhorn,mh3g-id-res-game-array+mh3u-legacy-display-list
1518,Ghostly Quartz,Ghostly Quartz,mh3g-id-res-game-array+mh3u-legacy-display-list
1519,Crushing Fang,Crushing Fang,mh3g-id-res-game-array+mh3u-legacy-display-list
1520,Cloudy Moonshard,Cloudy Moonshard,mh3g-id-res-game-array+mh3u-legacy-display-list
1521,Bulky Pelt,Bulky Pelt,mh3g-id-res-game-array+mh3u-legacy-display-list
1522,Excellent Fang,Excellent Fang,mh3g-id-res-game-array+mh3u-legacy-display-list
1523,Fish with mask,Fish with mask,mh3g-id-res-game-array+mh3u-legacy-display-list
1524,Gloamgrass Bud,Gloamgrass Bud,mh3g-id-res-game-array+mh3u-legacy-display-list
1525,Platinum Needle,Platinum Needle,mh3g-id-res-game-array+mh3u-legacy-display-list
1526,Goldmine Fang,Goldmine Fang,mh3g-id-res-game-array+mh3u-legacy-display-list
1527,Wyverngold Lode,Wyverngold Lode,mh3g-id-res-game-array+mh3u-legacy-display-list
1528,Charmer Jewel 1,Charmer Jewel 1,mh3g-id-res-game-array+mh3u-legacy-display-list
1529,Dracophage Bug,Dracophage Bug,mh3g-id-res-game-array+mh3u-legacy-display-list
1530,Tamzia Chips,Tamzia Chips,mh3g-id-res-game-array+mh3u-legacy-display-list
1531,SlimePlus Jwl 1,SlimePlus Jwl 1,mh3g-id-res-game-array+mh3u-legacy-display-list
1532,Slimecoat Jwl 1,Slimecoat Jwl 1,mh3g-id-res-game-array+mh3u-legacy-display-list
