dex_id,save_type,save_id,male_model_id,female_model_id,mapping_status,mapping_source
1,5,1,1,1,confirmed_exefs,mh3g-exefs-armor-table-record-2-3
2,1,1,1,1,confirmed_exefs,mh3g-exefs-armor-table-record-2-3
3,2,1,1,1,confirmed_exefs,mh3g-exefs-armor-table-record-2-3
4,3,1,1,1,confirmed_exefs,mh3g-exefs-armor-table-record-2-3
5,4,1,1,1,confirmed_exefs,mh3g-exefs-armor-table-record-2-3
6,5,66,131,131,confirmed_exefs,mh3g-exefs-armor-table-record-2-3
7,1,67,131,131,confirmed_exefs,mh3g-exefs-armor-table-record-2-3
8,2,66,131,131,confirmed_exefs,mh3g-exefs-armor-table-record-2-3
9,3,68,131,131,confirmed_exefs,mh3g-exefs-armor-table-record-2-3
10,4,67,131,131,confirmed_exefs,mh3g-exefs-armor-table-record-2-3
11,5,2,22,22,confirmed_exefs,mh3g-exefs-armor-table-record-2-3
12,3,2,22,22,confirmed_exefs,mh3g-exefs-armor-table-record-2-3
13,4,2,22,22,confirmed_exefs,mh3g-exefs-armor-table-record-2-3
14,5,3,2,2,confirmed_exefs,mh3g-exefs-armor-table-record-2-3
15,1,2,2,2,confirmed_exefs,mh3g-exefs-armor-table-record-2-3
16,2,2,2,2,confirmed_exefs,mh3g-exefs-armor-table-record-2-3
17,3,3,2,2,confirmed_exefs,mh3g-exefs-armor-table-record-2-3
18,4,3,2,2,confirmed_exefs,mh3g-exefs-armor-table-record-2-3
19,1,3,7,7,confirmed_exefs,mh3g-exefs-armor-table-record-2-3
20,3,4,7,7,confirmed_exefs,mh3g-exefs-armor-table-record-2-3
21,4,4,7,7,confirmed_exefs,mh3g-exefs-armor-table-record-2-3
22,5,4,8,8,confirmed_exefs,mh3g-exefs-armor-table-record-2-3
23,1,4,8,8,confirmed_exefs,mh3g-exefs-armor-table-record-2-3
24,2,3,8,8,confirmed_exefs,mh3g-exefs-armor-table-record-2-3
25,3,5,8,8,confirmed_exefs,mh3g-exefs-armor-table-record-2-3
26,4,5,8,8,confirmed_exefs,mh3g-exefs-armor-table-record-2-3
27,5,5,9,9,confirmed_exefs,mh3g-exefs-armor-table-record-2-3
28,1,5,9,9,confirmed_exefs,mh3g-exefs-armor-table-record-2-3
29,2,4,9,9,confirmed_exefs,mh3g-exefs-armor-table-record-2-3
30,3,6,9,9,confirmed_exefs,mh3g-exefs-armor-table-record-2-3
31,4,6,9,9,confirmed_exefs,mh3g-exefs-armor-table-record-2-3
32,5,8,16,16,confirmed_exefs,mh3g-exefs-armor-table-record-2-3
33,1,8,16,16,confirmed_exefs,mh3g-exefs-armor-table-record-2-3
34,2,7,16,16,confirmed_exefs,mh3g-exefs-armor-table-record-2-3
35,3,9,16,16,confirmed_exefs,mh3g-exefs-armor-table-record-2-3
36,4,9,16,16,confirmed_exefs,mh3g-exefs-armor-table-record-2-3
37,5,9,17,17,confirmed_exefs,mh3g-exefs-armor-table-record-2-3
38,1,9,17,17,confirmed_exefs,mh3g-exefs-armor-table-record-2-3
39,2,8,17,17,confirmed_exefs,mh3g-exefs-armor-table-record-2-3
40,3,10,17,17,confirmed_exefs,mh3g-exefs-armor-table-record-2-3
41,4,10,17,17,confirmed_exefs,mh3g-exefs-armor-table-record-2-3
42,5,6,10,10,confirmed_exefs,mh3g-exefs-armor-table-record-2-3
43,1,6,10,10,confirmed_exefs,mh3g-exefs-armor-table-record-2-3
44,2,5,10,10,confirmed_exefs,mh3g-exefs-armor-table-record-2-3
45,3,7,10,10,confirmed_exefs,mh3g-exefs-armor-table-record-2-3
46,4,7,10,10,confirmed_exefs,mh3g-exefs-armor-table-record-2-3
47,5,7,11,11,confirmed_exefs,mh3g-exefs-armor-table-record-2-3
48,1,7,11,11,confirmed_exefs,mh3g-exefs-armor-table-record-2-3
49,2,6,11,11,confirmed_exefs,mh3g-exefs-armor-table-record-2-3
50,3,8,11,11,confirmed_exefs,mh3g-exefs-armor-table-record-2-3
51,4,8,11,11,confirmed_exefs,mh3g-exefs-armor-table-record-2-3
52,5,12,27,27,confirmed_exefs,mh3g-exefs-armor-table-record-2-3
53,1,12,27,27,confirmed_exefs,mh3g-exefs-armor-table-record-2-3
54,2,11,27,27,confirmed_exefs,mh3g-exefs-armor-table-record-2-3
55,3,13,27,27,confirmed_exefs,mh3g-exefs-armor-table-record-2-3
56,4,13,27,27,confirmed_exefs,mh3g-exefs-armor-table-record-2-3
57,5,13,28,28,confirmed_exefs,mh3g-exefs-armor-table-record-2-3
58,1,13,28,28,confirmed_exefs,mh3g-exefs-armor-table-record-2-3
59,2,12,28,28,confirmed_exefs,mh3g-exefs-armor-table-record-2-3
60,3,14,28,28,confirmed_exefs,mh3g-exefs-armor-table-record-2-3
61,4,14,28,28,confirmed_exefs,mh3g-exefs-armor-table-record-2-3
62,5,14,23,23,confirmed_exefs,mh3g-exefs-armor-table-record-2-3
63,1,14,23,23,confirmed_exefs,mh3g-exefs-armor-table-record-2-3
64,2,13,23,23,confirmed_exefs,mh3g-exefs-armor-table-record-2-3
65,3,15,23,23,confirmed_exefs,mh3g-exefs-armor-table-record-2-3
66,4,15,23,23,confirmed_exefs,mh3g-exefs-armor-table-record-2-3
67,5,15,24,24,confirmed_exefs,mh3g-exefs-armor-table-record-2-3
68,1,15,24,24,confirmed_exefs,mh3g-exefs-armor-table-record-2-3
69,2,14,24,24,confirmed_exefs,mh3g-exefs-armor-table-record-2-3
70,3,16,24,24,confirmed_exefs,mh3g-exefs-armor-table-record-2-3
71,4,16,24,24,confirmed_exefs,mh3g-exefs-armor-table-record-2-3
72,5,10,3,3,confirmed_exefs,mh3g-exefs-armor-table-record-2-3
73,1,10,3,3,confirmed_exefs,mh3g-exefs-armor-table-record-2-3
74,2,9,3,3,confirmed_exefs,mh3g-exefs-armor-table-record-2-3
75,3,11,3,3,confirmed_exefs,mh3g-exefs-armor-table-record-2-3
76,4,11,3,3,confirmed_exefs,mh3g-exefs-armor-table-record-2-3
77,5,11,4,4,confirmed_exefs,mh3g-exefs-armor-table-record-2-3
78,1,11,4,4,confirmed_exefs,mh3g-exefs-armor-table-record-2-3
79,2,10,4,4,confirmed_exefs,mh3g-exefs-armor-table-record-2-3
80,3,12,4,4,confirmed_exefs,mh3g-exefs-armor-table-record-2-3
81,4,12,4,4,confirmed_exefs,mh3g-exefs-armor-table-record-2-3
82,5,56,76,76,confirmed_exefs,mh3g-exefs-armor-table-record-2-3
83,1,57,76,76,confirmed_exefs,mh3g-exefs-armor-table-record-2-3
84,2,56,76,76,confirmed_exefs,mh3g-exefs-armor-table-record-2-3
85,3,58,76,76,confirmed_exefs,mh3g-exefs-armor-table-record-2-3
86,4,57,76,76,confirmed_exefs,mh3g-exefs-armor-table-record-2-3
87,5,57,76,76,confirmed_exefs,mh3g-exefs-armor-table-record-2-3
88,1,58,76,76,confirmed_exefs,mh3g-exefs-armor-table-record-2-3
89,2,57,76,76,confirmed_exefs,mh3g-exefs-armor-table-record-2-3
90,3,59,76,76,confirmed_exefs,mh3g-exefs-armor-table-record-2-3
91,4,58,76,76,confirmed_exefs,mh3g-exefs-armor-table-record-2-3
92,5,54,171,171,confirmed_exefs,mh3g-exefs-armor-table-record-2-3
93,1,55,171,171,confirmed_exefs,mh3g-exefs-armor-table-record-2-3
94,2,54,171,171,confirmed_exefs,mh3g-exefs-armor-table-record-2-3
95,3,56,171,171,confirmed_exefs,mh3g-exefs-armor-table-record-2-3
96,4,55,171,171,confirmed_exefs,mh3g-exefs-armor-table-record-2-3
97,5,55,172,172,confirmed_exefs,mh3g-exefs-armor-table-record-2-3
98,1,56,172,172,confirmed_exefs,mh3g-exefs-armor-table-record-2-3
99,2,55,172,172,confirmed_exefs,mh3g-exefs-armor-table-record-2-3
100,3,57,172,172,confirmed_exefs,mh3g-exefs-armor-table-record-2-3
101,4,56,172,172,confirmed_exefs,mh3g-exefs-armor-table-record-2-3
102,5,16,25,25,confirmed_exefs,mh3g-exefs-armor-table-record-2-3
103,1,16,25,25,confirmed_exefs,mh3g-exefs-armor-table-record-2-3
104,2,15,25,25,confirmed_exefs,mh3g-exefs-armor-table-record-2-3
105,3,17,25,25,confirmed_exefs,mh3g-exefs-armor-table-record-2-3
106,4,17,25,25,confirmed_exefs,mh3g-exefs-armor-table-record-2-3
107,5,17,26,26,confirmed_exefs,mh3g-exefs-armor-table-record-2-3
108,1,17,26,26,confirmed_exefs,mh3g-exefs-armor-table-record-2-3
109,2,16,26,26,confirmed_exefs,mh3g-exefs-armor-table-record-2-3
110,3,18,26,26,confirmed_exefs,mh3g-exefs-armor-table-record-2-3
111,4,18,26,26,confirmed_exefs,mh3g-exefs-armor-table-record-2-3
112,5,18,14,14,confirmed_exefs,mh3g-exefs-armor-table-record-2-3
113,1,18,14,14,confirmed_exefs,mh3g-exefs-armor-table-record-2-3
114,2,17,14,14,confirmed_exefs,mh3g-exefs-armor-table-record-2-3
115,3,19,14,14,confirmed_exefs,mh3g-exefs-armor-table-record-2-3
116,4,19,14,14,confirmed_exefs,mh3g-exefs-armor-table-record-2-3
117,5,19,15,15,confirmed_exefs,mh3g-exefs-armor-table-record-2-3
118,1,19,15,15,confirmed_exefs,mh3g-exefs-armor-table-record-2-3
119,2,18,15,15,confirmed_exefs,mh3g-exefs-armor-table-record-2-3
120,3,20,15,15,confirmed_exefs,mh3g-exefs-armor-table-record-2-3
121,4,20,15,15,confirmed_exefs,mh3g-exefs-armor-table-record-2-3
122,5,20,5,5,confirmed_exefs,mh3g-exefs-armor-table-record-2-3
123,1,21,5,5,confirmed_exefs,mh3g-exefs-armor-table-record-2-3
124,2,20,5,5,confirmed_exefs,mh3g-exefs-armor-table-record-2-3
125,3,22,5,5,confirmed_exefs,mh3g-exefs-armor-table-record-2-3
126,4,21,5,5,confirmed_exefs,mh3g-exefs-armor-table-record-2-3
127,5,21,6,6,confirmed_exefs,mh3g-exefs-armor-table-record-2-3
128,1,22,6,6,confirmed_exefs,mh3g-exefs-armor-table-record-2-3
129,2,21,6,6,confirmed_exefs,mh3g-exefs-armor-table-record-2-3
130,3,23,6,6,confirmed_exefs,mh3g-exefs-armor-table-record-2-3
131,4,22,6,6,confirmed_exefs,mh3g-exefs-armor-table-record-2-3
132,5,58,78,78,confirmed_exefs,mh3g-exefs-armor-table-record-2-3
133,1,59,78,78,confirmed_exefs,mh3g-exefs-armor-table-record-2-3
134,2,58,78,78,confirmed_exefs,mh3g-exefs-armor-table-record-2-3
135,3,60,78,78,confirmed_exefs,mh3g-exefs-armor-table-record-2-3
136,4,59,78,78,confirmed_exefs,mh3g-exefs-armor-table-record-2-3
137,5,59,78,78,confirmed_exefs,mh3g-exefs-armor-table-record-2-3
138,1,60,78,78,confirmed_exefs,mh3g-exefs-armor-table-record-2-3
139,2,59,78,78,confirmed_exefs,mh3g-exefs-armor-table-record-2-3
140,3,61,78,78,confirmed_exefs,mh3g-exefs-armor-table-record-2-3
141,4,60,78,78,confirmed_exefs,mh3g-exefs-armor-table-record-2-3
142,5,22,31,31,confirmed_exefs,mh3g-exefs-armor-table-record-2-3
143,1,23,31,31,confirmed_exefs,mh3g-exefs-armor-table-record-2-3
144,2,22,31,31,confirmed_exefs,mh3g-exefs-armor-table-record-2-3
145,3,24,31,31,confirmed_exefs,mh3g-exefs-armor-table-record-2-3
146,4,23,31,31,confirmed_exefs,mh3g-exefs-armor-table-record-2-3
147,5,23,32,32,confirmed_exefs,mh3g-exefs-armor-table-record-2-3
148,1,24,32,32,confirmed_exefs,mh3g-exefs-armor-table-record-2-3
149,2,23,32,32,confirmed_exefs,mh3g-exefs-armor-table-record-2-3
150,3,25,32,32,confirmed_exefs,mh3g-exefs-armor-table-record-2-3
151,4,24,32,32,confirmed_exefs,mh3g-exefs-armor-table-record-2-3
152,5,60,77,77,confirmed_exefs,mh3g-exefs-armor-table-record-2-3
153,1,61,77,77,confirmed_exefs,mh3g-exefs-armor-table-record-2-3
154,2,60,77,77,confirmed_exefs,mh3g-exefs-armor-table-record-2-3
155,3,62,77,77,confirmed_exefs,mh3g-exefs-armor-table-record-2-3
156,4,61,77,77,confirmed_exefs,mh3g-exefs-armor-table-record-2-3
157,5,61,77,77,confirmed_exefs,mh3g-exefs-armor-table-record-2-3
158,1,62,77,77,confirmed_exefs,mh3g-exefs-armor-table-record-2-3
159,2,,77,77,exact_shared_appearance,dex-image-key-to-confirmed-exefs-model
160,3,63,77,77,confirmed_exefs,mh3g-exefs-armor-table-record-2-3
161,4,62,77,77,confirmed_exefs,mh3g-exefs-armor-table-record-2-3
162,5,24,29,29,confirmed_exefs,mh3g-exefs-armor-table-record-2-3
163,1,25,29,29,confirmed_exefs,mh3g-exefs-armor-table-record-2-3
164,2,24,29,29,confirmed_exefs,mh3g-exefs-armor-table-record-2-3
165,3,26,29,29,confirmed_exefs,mh3g-exefs-armor-table-record-2-3
166,4,25,29,29,confirmed_exefs,mh3g-exefs-armor-table-record-2-3
167,5,25,30,30,confirmed_exefs,mh3g-exefs-armor-table-record-2-3
168,1,26,30,30,confirmed_exefs,mh3g-exefs-armor-table-record-2-3
169,2,25,30,30,confirmed_exefs,mh3g-exefs-armor-table-record-2-3
170,3,27,30,30,confirmed_exefs,mh3g-exefs-armor-table-record-2-3
171,4,,30,30,exact_shared_appearance,dex-image-key-to-confirmed-exefs-model
172,5,32,35,35,confirmed_exefs,mh3g-exefs-armor-table-record-2-3
173,1,33,35,35,confirmed_exefs,mh3g-exefs-armor-table-record-2-3
174,2,32,35,35,confirmed_exefs,mh3g-exefs-armor-table-record-2-3
175,3,34,35,35,confirmed_exefs,mh3g-exefs-armor-table-record-2-3
176,4,33,35,35,confirmed_exefs,mh3g-exefs-armor-table-record-2-3
177,5,33,36,36,confirmed_exefs,mh3g-exefs-armor-table-record-2-3
178,1,34,36,36,confirmed_exefs,mh3g-exefs-armor-table-record-2-3
179,2,33,36,36,confirmed_exefs,mh3g-exefs-armor-table-record-2-3
180,3,35,36,36,confirmed_exefs,mh3g-exefs-armor-table-record-2-3
181,4,34,36,36,confirmed_exefs,mh3g-exefs-armor-table-record-2-3
182,5,34,33,33,confirmed_exefs,mh3g-exefs-armor-table-record-2-3
183,1,35,33,33,confirmed_exefs,mh3g-exefs-armor-table-record-2-3
184,2,34,33,33,confirmed_exefs,mh3g-exefs-armor-table-record-2-3
185,3,36,33,33,confirmed_exefs,mh3g-exefs-armor-table-record-2-3
186,4,35,33,33,confirmed_exefs,mh3g-exefs-armor-table-record-2-3
187,5,35,34,34,confirmed_exefs,mh3g-exefs-armor-table-record-2-3
188,1,36,34,34,confirmed_exefs,mh3g-exefs-armor-table-record-2-3
189,2,35,34,34,confirmed_exefs,mh3g-exefs-armor-table-record-2-3
190,3,37,34,34,confirmed_exefs,mh3g-exefs-armor-table-record-2-3
191,4,36,34,34,confirmed_exefs,mh3g-exefs-armor-table-record-2-3
192,5,36,18,18,confirmed_exefs,mh3g-exefs-armor-table-record-2-3
193,1,37,18,18,confirmed_exefs,mh3g-exefs-armor-table-record-2-3
194,2,36,18,18,confirmed_exefs,mh3g-exefs-armor-table-record-2-3
195,3,38,18,18,confirmed_exefs,mh3g-exefs-armor-table-record-2-3
196,4,37,18,18,confirmed_exefs,mh3g-exefs-armor-table-record-2-3
197,5,37,19,19,confirmed_exefs,mh3g-exefs-armor-table-record-2-3
198,1,38,19,19,confirmed_exefs,mh3g-exefs-armor-table-record-2-3
199,2,37,19,19,confirmed_exefs,mh3g-exefs-armor-table-record-2-3
200,3,39,19,19,confirmed_exefs,mh3g-exefs-armor-table-record-2-3
201,4,38,19,19,confirmed_exefs,mh3g-exefs-armor-table-record-2-3
202,5,42,45,45,confirmed_exefs,mh3g-exefs-armor-table-record-2-3
203,1,43,45,45,confirmed_exefs,mh3g-exefs-armor-table-record-2-3
204,2,42,45,45,confirmed_exefs,mh3g-exefs-armor-table-record-2-3
205,3,44,45,45,confirmed_exefs,mh3g-exefs-armor-table-record-2-3
206,4,43,45,45,confirmed_exefs,mh3g-exefs-armor-table-record-2-3
207,5,43,46,46,confirmed_exefs,mh3g-exefs-armor-table-record-2-3
208,1,44,46,46,confirmed_exefs,mh3g-exefs-armor-table-record-2-3
209,2,43,46,46,confirmed_exefs,mh3g-exefs-armor-table-record-2-3
210,3,45,46,46,confirmed_exefs,mh3g-exefs-armor-table-record-2-3
211,4,44,46,46,confirmed_exefs,mh3g-exefs-armor-table-record-2-3
212,5,348,67,67,confirmed_exefs,mh3g-exefs-armor-table-record-2-3
213,5,62,72,72,confirmed_exefs,mh3g-exefs-armor-table-record-2-3
214,1,63,72,72,confirmed_exefs,mh3g-exefs-armor-table-record-2-3
215,2,62,72,72,confirmed_exefs,mh3g-exefs-armor-table-record-2-3
216,3,64,72,72,confirmed_exefs,mh3g-exefs-armor-table-record-2-3
217,4,63,72,72,confirmed_exefs,mh3g-exefs-armor-table-record-2-3
218,5,63,73,73,confirmed_exefs,mh3g-exefs-armor-table-record-2-3
219,1,64,73,73,confirmed_exefs,mh3g-exefs-armor-table-record-2-3
220,2,63,73,73,confirmed_exefs,mh3g-exefs-armor-table-record-2-3
221,3,65,73,73,confirmed_exefs,mh3g-exefs-armor-table-record-2-3
222,4,64,73,73,confirmed_exefs,mh3g-exefs-armor-table-record-2-3
223,5,28,59,0,confirmed_exefs,mh3g-exefs-armor-table-record-2-3
224,1,29,59,0,confirmed_exefs,mh3g-exefs-armor-table-record-2-3
225,2,28,59,0,confirmed_exefs,mh3g-exefs-armor-table-record-2-3
226,3,30,59,0,confirmed_exefs,mh3g-exefs-armor-table-record-2-3
227,4,29,59,0,confirmed_exefs,mh3g-exefs-armor-table-record-2-3
228,5,29,59,0,confirmed_exefs,mh3g-exefs-armor-table-record-2-3
229,1,30,59,0,confirmed_exefs,mh3g-exefs-armor-table-record-2-3
230,2,,59,0,exact_shared_appearance,dex-image-key-to-confirmed-exefs-model
231,3,31,59,0,confirmed_exefs,mh3g-exefs-armor-table-record-2-3
232,4,30,59,0,confirmed_exefs,mh3g-exefs-armor-table-record-2-3
233,5,30,0,59,confirmed_exefs,mh3g-exefs-armor-table-record-2-3
234,1,31,0,59,confirmed_exefs,mh3g-exefs-armor-table-record-2-3
235,2,30,0,59,confirmed_exefs,mh3g-exefs-armor-table-record-2-3
236,3,32,0,59,confirmed_exefs,mh3g-exefs-armor-table-record-2-3
237,4,31,0,59,confirmed_exefs,mh3g-exefs-armor-table-record-2-3
238,5,31,0,59,confirmed_exefs,mh3g-exefs-armor-table-record-2-3
239,1,32,0,59,confirmed_exefs,mh3g-exefs-armor-table-record-2-3
240,2,31,0,59,confirmed_exefs,mh3g-exefs-armor-table-record-2-3
241,3,33,0,59,confirmed_exefs,mh3g-exefs-armor-table-record-2-3
242,4,32,0,59,confirmed_exefs,mh3g-exefs-armor-table-record-2-3
243,5,38,39,39,confirmed_exefs,mh3g-exefs-armor-table-record-2-3
244,1,39,39,39,confirmed_exefs,mh3g-exefs-armor-table-record-2-3
245,2,38,39,39,confirmed_exefs,mh3g-exefs-armor-table-record-2-3
246,3,40,39,39,confirmed_exefs,mh3g-exefs-armor-table-record-2-3
247,4,39,39,39,confirmed_exefs,mh3g-exefs-armor-table-record-2-3
248,5,39,40,40,confirmed_exefs,mh3g-exefs-armor-table-record-2-3
249,1,40,40,40,confirmed_exefs,mh3g-exefs-armor-table-record-2-3
250,2,39,40,40,confirmed_exefs,mh3g-exefs-armor-table-record-2-3
251,3,41,40,40,confirmed_exefs,mh3g-exefs-armor-table-record-2-3
252,4,40,40,40,confirmed_exefs,mh3g-exefs-armor-table-record-2-3
253,5,40,41,41,confirmed_exefs,mh3g-exefs-armor-table-record-2-3
254,1,41,41,41,confirmed_exefs,mh3g-exefs-armor-table-record-2-3
255,2,40,41,41,confirmed_exefs,mh3g-exefs-armor-table-record-2-3
256,3,42,41,41,confirmed_exefs,mh3g-exefs-armor-table-record-2-3
257,4,41,41,41,confirmed_exefs,mh3g-exefs-armor-table-record-2-3
258,5,41,42,42,confirmed_exefs,mh3g-exefs-armor-table-record-2-3
259,1,42,42,42,confirmed_exefs,mh3g-exefs-armor-table-record-2-3
260,2,41,42,42,confirmed_exefs,mh3g-exefs-armor-table-record-2-3
261,3,43,42,42,confirmed_exefs,mh3g-exefs-armor-table-record-2-3
262,4,42,42,42,confirmed_exefs,mh3g-exefs-armor-table-record-2-3
263,5,64,74,74,confirmed_exefs,mh3g-exefs-armor-table-record-2-3
264,1,65,74,74,confirmed_exefs,mh3g-exefs-armor-table-record-2-3
265,2,64,74,74,confirmed_exefs,mh3g-exefs-armor-table-record-2-3
266,3,66,74,74,confirmed_exefs,mh3g-exefs-armor-table-record-2-3
267,4,65,74,74,confirmed_exefs,mh3g-exefs-armor-table-record-2-3
268,5,65,75,75,confirmed_exefs,mh3g-exefs-armor-table-record-2-3
269,1,66,75,75,confirmed_exefs,mh3g-exefs-armor-table-record-2-3
270,2,65,75,75,confirmed_exefs,mh3g-exefs-armor-table-record-2-3
271,3,67,75,75,confirmed_exefs,mh3g-exefs-armor-table-record-2-3
272,4,66,75,75,confirmed_exefs,mh3g-exefs-armor-table-record-2-3
273,5,44,43,43,confirmed_exefs,mh3g-exefs-armor-table-record-2-3
274,1,45,43,43,confirmed_exefs,mh3g-exefs-armor-table-record-2-3
275,2,44,43,43,confirmed_exefs,mh3g-exefs-armor-table-record-2-3
276,3,46,43,43,confirmed_exefs,mh3g-exefs-armor-table-record-2-3
277,4,45,43,43,confirmed_exefs,mh3g-exefs-armor-table-record-2-3
278,5,45,44,44,confirmed_exefs,mh3g-exefs-armor-table-record-2-3
279,1,46,44,44,confirmed_exefs,mh3g-exefs-armor-table-record-2-3
280,2,45,44,44,confirmed_exefs,mh3g-exefs-armor-table-record-2-3
281,3,47,44,44,confirmed_exefs,mh3g-exefs-armor-table-record-2-3
282,4,46,44,44,confirmed_exefs,mh3g-exefs-armor-table-record-2-3
283,5,46,47,47,confirmed_exefs,mh3g-exefs-armor-table-record-2-3
284,1,47,47,47,confirmed_exefs,mh3g-exefs-armor-table-record-2-3
285,2,46,47,47,confirmed_exefs,mh3g-exefs-armor-table-record-2-3
286,3,48,47,47,confirmed_exefs,mh3g-exefs-armor-table-record-2-3
287,4,47,47,47,confirmed_exefs,mh3g-exefs-armor-table-record-2-3
288,5,47,48,48,confirmed_exefs,mh3g-exefs-armor-table-record-2-3
289,1,48,48,48,confirmed_exefs,mh3g-exefs-armor-table-record-2-3
290,2,47,48,48,confirmed_exefs,mh3g-exefs-armor-table-record-2-3
291,3,49,48,48,confirmed_exefs,mh3g-exefs-armor-table-record-2-3
292,4,48,48,48,confirmed_exefs,mh3g-exefs-armor-table-record-2-3
293,5,48,51,51,confirmed_exefs,mh3g-exefs-armor-table-record-2-3
294,1,49,51,51,confirmed_exefs,mh3g-exefs-armor-table-record-2-3
295,2,48,51,51,confirmed_exefs,mh3g-exefs-armor-table-record-2-3
296,3,50,51,51,confirmed_exefs,mh3g-exefs-armor-table-record-2-3
297,4,49,51,51,confirmed_exefs,mh3g-exefs-armor-table-record-2-3
298,5,49,52,52,confirmed_exefs,mh3g-exefs-armor-table-record-2-3
299,1,50,52,52,confirmed_exefs,mh3g-exefs-armor-table-record-2-3
300,2,49,52,52,confirmed_exefs,mh3g-exefs-armor-table-record-2-3
301,3,51,52,52,confirmed_exefs,mh3g-exefs-armor-table-record-2-3
302,4,50,52,52,confirmed_exefs,mh3g-exefs-armor-table-record-2-3
303,5,50,49,0,confirmed_exefs,mh3g-exefs-armor-table-record-2-3
304,1,51,49,0,confirmed_exefs,mh3g-exefs-armor-table-record-2-3
305,2,50,49,0,confirmed_exefs,mh3g-exefs-armor-table-record-2-3
306,3,52,49,0,confirmed_exefs,mh3g-exefs-armor-table-record-2-3
307,4,51,49,0,confirmed_exefs,mh3g-exefs-armor-table-record-2-3
308,5,51,50,0,confirmed_exefs,mh3g-exefs-armor-table-record-2-3
309,1,52,50,0,confirmed_exefs,mh3g-exefs-armor-table-record-2-3
310,2,51,50,0,confirmed_exefs,mh3g-exefs-armor-table-record-2-3
311,3,53,50,0,confirmed_exefs,mh3g-exefs-armor-table-record-2-3
312,4,52,50,0,confirmed_exefs,mh3g-exefs-armor-table-record-2-3
313,5,52,0,49,confirmed_exefs,mh3g-exefs-armor-table-record-2-3
314,1,53,0,49,confirmed_exefs,mh3g-exefs-armor-table-record-2-3
315,2,52,0,49,confirmed_exefs,mh3g-exefs-armor-table-record-2-3
316,3,54,0,49,confirmed_exefs,mh3g-exefs-armor-table-record-2-3
317,4,53,0,49,confirmed_exefs,mh3g-exefs-armor-table-record-2-3
318,5,53,0,50,confirmed_exefs,mh3g-exefs-armor-table-record-2-3
319,1,54,0,50,confirmed_exefs,mh3g-exefs-armor-table-record-2-3
320,2,53,0,50,confirmed_exefs,mh3g-exefs-armor-table-record-2-3
321,3,55,0,50,confirmed_exefs,mh3g-exefs-armor-table-record-2-3
322,4,54,0,50,confirmed_exefs,mh3g-exefs-armor-table-record-2-3
323,5,73,1,1,confirmed_exefs,mh3g-exefs-armor-table-record-2-3
324,1,76,1,1,confirmed_exefs,mh3g-exefs-armor-table-record-2-3
325,2,75,1,1,confirmed_exefs,mh3g-exefs-armor-table-record-2-3
326,3,75,1,1,confirmed_exefs,mh3g-exefs-armor-table-record-2-3
327,4,76,1,1,confirmed_exefs,mh3g-exefs-armor-table-record-2-3
328,5,74,1,1,confirmed_exefs,mh3g-exefs-armor-table-record-2-3
329,1,77,1,1,confirmed_exefs,mh3g-exefs-armor-table-record-2-3
330,2,76,1,1,confirmed_exefs,mh3g-exefs-armor-table-record-2-3
331,3,76,1,1,confirmed_exefs,mh3g-exefs-armor-table-record-2-3
332,4,77,1,1,confirmed_exefs,mh3g-exefs-armor-table-record-2-3
333,5,133,131,131,confirmed_exefs,mh3g-exefs-armor-table-record-2-3
334,1,137,131,131,confirmed_exefs,mh3g-exefs-armor-table-record-2-3
335,2,132,131,131,confirmed_exefs,mh3g-exefs-armor-table-record-2-3
336,3,136,131,131,confirmed_exefs,mh3g-exefs-armor-table-record-2-3
337,4,136,131,131,confirmed_exefs,mh3g-exefs-armor-table-record-2-3
338,5,134,131,131,confirmed_exefs,mh3g-exefs-armor-table-record-2-3
339,1,138,131,131,confirmed_exefs,mh3g-exefs-armor-table-record-2-3
340,2,133,131,131,confirmed_exefs,mh3g-exefs-armor-table-record-2-3
341,3,137,131,131,confirmed_exefs,mh3g-exefs-armor-table-record-2-3
342,4,137,131,131,confirmed_exefs,mh3g-exefs-armor-table-record-2-3
343,5,77,2,2,confirmed_exefs,mh3g-exefs-armor-table-record-2-3
344,1,78,2,2,confirmed_exefs,mh3g-exefs-armor-table-record-2-3
345,2,77,2,2,confirmed_exefs,mh3g-exefs-armor-table-record-2-3
346,3,79,2,2,confirmed_exefs,mh3g-exefs-armor-table-record-2-3
347,4,80,2,2,confirmed_exefs,mh3g-exefs-armor-table-record-2-3
348,5,78,2,2,confirmed_exefs,mh3g-exefs-armor-table-record-2-3
349,1,79,2,2,confirmed_exefs,mh3g-exefs-armor-table-record-2-3
350,2,78,2,2,confirmed_exefs,mh3g-exefs-armor-table-record-2-3
351,3,80,2,2,confirmed_exefs,mh3g-exefs-armor-table-record-2-3
352,4,81,2,2,confirmed_exefs,mh3g-exefs-armor-table-record-2-3
353,1,80,7,7,confirmed_exefs,mh3g-exefs-armor-table-record-2-3
354,3,81,7,7,confirmed_exefs,mh3g-exefs-armor-table-record-2-3
355,4,82,7,7,confirmed_exefs,mh3g-exefs-armor-table-record-2-3
356,1,,7,7,exact_shared_appearance,dex-image-key-to-confirmed-exefs-model
357,3,,7,7,exact_shared_appearance,dex-image-key-to-confirmed-exefs-model
358,4,83,7,7,confirmed_exefs,mh3g-exefs-armor-table-record-2-3
359,5,79,8,8,confirmed_exefs,mh3g-exefs-armor-table-record-2-3
360,1,82,8,8,confirmed_exefs,mh3g-exefs-armor-table-record-2-3
361,2,79,8,8,confirmed_exefs,mh3g-exefs-armor-table-record-2-3
362,3,83,8,8,confirmed_exefs,mh3g-exefs-armor-table-record-2-3
363,4,84,8,8,confirmed_exefs,mh3g-exefs-armor-table-record-2-3
364,5,80,9,9,confirmed_exefs,mh3g-exefs-armor-table-record-2-3
365,1,83,9,9,confirmed_exefs,mh3g-exefs-armor-table-record-2-3
366,2,80,9,9,confirmed_exefs,mh3g-exefs-armor-table-record-2-3
367,3,84,9,9,confirmed_exefs,mh3g-exefs-armor-table-record-2-3
368,4,85,9,9,confirmed_exefs,mh3g-exefs-armor-table-record-2-3
369,5,75,22,22,confirmed_exefs,mh3g-exefs-armor-table-record-2-3
370,3,77,22,22,confirmed_exefs,mh3g-exefs-armor-table-record-2-3
371,4,78,22,22,confirmed_exefs,mh3g-exefs-armor-table-record-2-3
372,5,,22,22,exact_shared_appearance,dex-image-key-to-confirmed-exefs-model
373,3,78,22,22,confirmed_exefs,mh3g-exefs-armor-table-record-2-3
374,4,79,22,22,confirmed_exefs,mh3g-exefs-armor-table-record-2-3
375,5,81,10,10,confirmed_exefs,mh3g-exefs-armor-table-record-2-3
376,1,84,10,10,confirmed_exefs,mh3g-exefs-armor-table-record-2-3
377,2,81,10,10,confirmed_exefs,mh3g-exefs-armor-table-record-2-3
378,3,85,10,10,confirmed_exefs,mh3g-exefs-armor-table-record-2-3
379,4,86,10,10,confirmed_exefs,mh3g-exefs-armor-table-record-2-3
380,5,82,11,11,confirmed_exefs,mh3g-exefs-armor-table-record-2-3
381,1,85,11,11,confirmed_exefs,mh3g-exefs-armor-table-record-2-3
382,2,82,11,11,confirmed_exefs,mh3g-exefs-armor-table-record-2-3
383,3,86,11,11,confirmed_exefs,mh3g-exefs-armor-table-record-2-3
384,4,87,11,11,confirmed_exefs,mh3g-exefs-armor-table-record-2-3
385,5,83,16,16,confirmed_exefs,mh3g-exefs-armor-table-record-2-3
386,1,86,16,16,confirmed_exefs,mh3g-exefs-armor-table-record-2-3
387,2,83,16,16,confirmed_exefs,mh3g-exefs-armor-table-record-2-3
388,3,87,16,16,confirmed_exefs,mh3g-exefs-armor-table-record-2-3
389,4,88,16,16,confirmed_exefs,mh3g-exefs-armor-table-record-2-3
390,5,84,17,17,confirmed_exefs,mh3g-exefs-armor-table-record-2-3
391,1,87,17,17,confirmed_exefs,mh3g-exefs-armor-table-record-2-3
392,2,84,17,17,confirmed_exefs,mh3g-exefs-armor-table-record-2-3
393,3,88,17,17,confirmed_exefs,mh3g-exefs-armor-table-record-2-3
394,4,89,17,17,confirmed_exefs,mh3g-exefs-armor-table-record-2-3
395,5,87,27,27,confirmed_exefs,mh3g-exefs-armor-table-record-2-3
396,1,90,27,27,confirmed_exefs,mh3g-exefs-armor-table-record-2-3
397,2,87,27,27,confirmed_exefs,mh3g-exefs-armor-table-record-2-3
398,3,91,27,27,confirmed_exefs,mh3g-exefs-armor-table-record-2-3
399,4,92,27,27,confirmed_exefs,mh3g-exefs-armor-table-record-2-3
400,5,88,28,28,confirmed_exefs,mh3g-exefs-armor-table-record-2-3
401,1,91,28,28,confirmed_exefs,mh3g-exefs-armor-table-record-2-3
402,2,,28,28,exact_shared_appearance,dex-image-key-to-confirmed-exefs-model
403,3,92,28,28,confirmed_exefs,mh3g-exefs-armor-table-record-2-3
404,4,93,28,28,confirmed_exefs,mh3g-exefs-armor-table-record-2-3
405,5,89,23,23,confirmed_exefs,mh3g-exefs-armor-table-record-2-3
406,1,92,23,23,confirmed_exefs,mh3g-exefs-armor-table-record-2-3
407,2,89,23,23,confirmed_exefs,mh3g-exefs-armor-table-record-2-3
408,3,93,23,23,confirmed_exefs,mh3g-exefs-armor-table-record-2-3
409,4,94,23,23,confirmed_exefs,mh3g-exefs-armor-table-record-2-3
410,5,90,24,24,confirmed_exefs,mh3g-exefs-armor-table-record-2-3
411,1,93,24,24,confirmed_exefs,mh3g-exefs-armor-table-record-2-3
412,2,90,24,24,confirmed_exefs,mh3g-exefs-armor-table-record-2-3
413,3,94,24,24,confirmed_exefs,mh3g-exefs-armor-table-record-2-3
414,4,95,24,24,confirmed_exefs,mh3g-exefs-armor-table-record-2-3
415,5,91,81,81,confirmed_exefs,mh3g-exefs-armor-table-record-2-3
416,1,94,81,81,confirmed_exefs,mh3g-exefs-armor-table-record-2-3
417,5,92,81,81,confirmed_exefs,mh3g-exefs-armor-table-record-2-3
418,1,95,81,81,confirmed_exefs,mh3g-exefs-armor-table-record-2-3
419,5,191,0,134,confirmed_exefs,mh3g-exefs-armor-table-record-2-3
420,1,197,0,134,confirmed_exefs,mh3g-exefs-armor-table-record-2-3
421,2,192,0,134,confirmed_exefs,mh3g-exefs-armor-table-record-2-3
422,3,194,0,134,confirmed_exefs,mh3g-exefs-armor-table-record-2-3
423,4,196,0,134,confirmed_exefs,mh3g-exefs-armor-table-record-2-3
424,5,192,0,134,confirmed_exefs,mh3g-exefs-armor-table-record-2-3
425,1,198,0,134,confirmed_exefs,mh3g-exefs-armor-table-record-2-3
426,2,193,0,134,confirmed_exefs,mh3g-exefs-armor-table-record-2-3
427,3,195,0,134,confirmed_exefs,mh3g-exefs-armor-table-record-2-3
428,4,197,0,134,confirmed_exefs,mh3g-exefs-armor-table-record-2-3
429,5,85,3,3,confirmed_exefs,mh3g-exefs-armor-table-record-2-3
430,1,88,3,3,confirmed_exefs,mh3g-exefs-armor-table-record-2-3
431,2,85,3,3,confirmed_exefs,mh3g-exefs-armor-table-record-2-3
432,3,89,3,3,confirmed_exefs,mh3g-exefs-armor-table-record-2-3
433,4,90,3,3,confirmed_exefs,mh3g-exefs-armor-table-record-2-3
434,5,86,4,4,confirmed_exefs,mh3g-exefs-armor-table-record-2-3
435,1,89,4,4,confirmed_exefs,mh3g-exefs-armor-table-record-2-3
436,2,86,4,4,confirmed_exefs,mh3g-exefs-armor-table-record-2-3
437,3,90,4,4,confirmed_exefs,mh3g-exefs-armor-table-record-2-3
438,4,91,4,4,confirmed_exefs,mh3g-exefs-armor-table-record-2-3
439,5,105,76,76,confirmed_exefs,mh3g-exefs-armor-table-record-2-3
440,1,109,76,76,confirmed_exefs,mh3g-exefs-armor-table-record-2-3
441,2,104,76,76,confirmed_exefs,mh3g-exefs-armor-table-record-2-3
442,3,108,76,76,confirmed_exefs,mh3g-exefs-armor-table-record-2-3
443,4,108,76,76,confirmed_exefs,mh3g-exefs-armor-table-record-2-3
444,5,106,76,76,confirmed_exefs,mh3g-exefs-armor-table-record-2-3
445,1,110,76,76,confirmed_exefs,mh3g-exefs-armor-table-record-2-3
446,2,105,76,76,confirmed_exefs,mh3g-exefs-armor-table-record-2-3
447,3,109,76,76,confirmed_exefs,mh3g-exefs-armor-table-record-2-3
448,4,109,76,76,confirmed_exefs,mh3g-exefs-armor-table-record-2-3
449,5,103,171,171,confirmed_exefs,mh3g-exefs-armor-table-record-2-3
450,1,107,171,171,confirmed_exefs,mh3g-exefs-armor-table-record-2-3
451,2,102,171,171,confirmed_exefs,mh3g-exefs-armor-table-record-2-3
452,3,106,171,171,confirmed_exefs,mh3g-exefs-armor-table-record-2-3
453,4,106,171,171,confirmed_exefs,mh3g-exefs-armor-table-record-2-3
454,5,104,172,172,confirmed_exefs,mh3g-exefs-armor-table-record-2-3
455,1,108,172,172,confirmed_exefs,mh3g-exefs-armor-table-record-2-3
456,2,103,172,172,confirmed_exefs,mh3g-exefs-armor-table-record-2-3
457,3,107,172,172,confirmed_exefs,mh3g-exefs-armor-table-record-2-3
458,4,107,172,172,confirmed_exefs,mh3g-exefs-armor-table-record-2-3
459,5,101,5,5,confirmed_exefs,mh3g-exefs-armor-table-record-2-3
460,1,105,5,5,confirmed_exefs,mh3g-exefs-armor-table-record-2-3
461,2,100,5,5,confirmed_exefs,mh3g-exefs-armor-table-record-2-3
462,3,104,5,5,confirmed_exefs,mh3g-exefs-armor-table-record-2-3
463,4,104,5,5,confirmed_exefs,mh3g-exefs-armor-table-record-2-3
464,5,102,6,6,confirmed_exefs,mh3g-exefs-armor-table-record-2-3
465,1,106,6,6,confirmed_exefs,mh3g-exefs-armor-table-record-2-3
466,2,101,6,6,confirmed_exefs,mh3g-exefs-armor-table-record-2-3
467,3,105,6,6,confirmed_exefs,mh3g-exefs-armor-table-record-2-3
468,4,105,6,6,confirmed_exefs,mh3g-exefs-armor-table-record-2-3
469,5,107,78,78,confirmed_exefs,mh3g-exefs-armor-table-record-2-3
470,1,111,78,78,confirmed_exefs,mh3g-exefs-armor-table-record-2-3
471,2,106,78,78,confirmed_exefs,mh3g-exefs-armor-table-record-2-3
472,3,110,78,78,confirmed_exefs,mh3g-exefs-armor-table-record-2-3
473,4,110,78,78,confirmed_exefs,mh3g-exefs-armor-table-record-2-3
474,5,108,78,78,confirmed_exefs,mh3g-exefs-armor-table-record-2-3
475,1,112,78,78,confirmed_exefs,mh3g-exefs-armor-table-record-2-3
476,2,107,78,78,confirmed_exefs,mh3g-exefs-armor-table-record-2-3
477,3,111,78,78,confirmed_exefs,mh3g-exefs-armor-table-record-2-3
478,4,111,78,78,confirmed_exefs,mh3g-exefs-armor-table-record-2-3
479,5,347,66,66,confirmed_exefs,mh3g-exefs-armor-table-record-2-3
480,5,349,79,79,confirmed_exefs,mh3g-exefs-armor-table-record-2-3
481,5,350,80,80,confirmed_exefs,mh3g-exefs-armor-table-record-2-3
482,5,93,25,25,confirmed_exefs,mh3g-exefs-armor-table-record-2-3
483,1,96,25,25,confirmed_exefs,mh3g-exefs-armor-table-record-2-3
484,2,91,25,25,confirmed_exefs,mh3g-exefs-armor-table-record-2-3
485,3,95,25,25,confirmed_exefs,mh3g-exefs-armor-table-record-2-3
486,4,96,25,25,confirmed_exefs,mh3g-exefs-armor-table-record-2-3
487,5,94,26,26,confirmed_exefs,mh3g-exefs-armor-table-record-2-3
488,1,97,26,26,confirmed_exefs,mh3g-exefs-armor-table-record-2-3
489,2,92,26,26,confirmed_exefs,mh3g-exefs-armor-table-record-2-3
490,3,96,26,26,confirmed_exefs,mh3g-exefs-armor-table-record-2-3
491,4,97,26,26,confirmed_exefs,mh3g-exefs-armor-table-record-2-3
492,5,95,177,177,confirmed_exefs,mh3g-exefs-armor-table-record-2-3
493,1,98,177,177,confirmed_exefs,mh3g-exefs-armor-table-record-2-3
494,2,93,177,177,confirmed_exefs,mh3g-exefs-armor-table-record-2-3
495,3,97,177,177,confirmed_exefs,mh3g-exefs-armor-table-record-2-3
496,4,98,177,177,confirmed_exefs,mh3g-exefs-armor-table-record-2-3
497,5,96,178,178,confirmed_exefs,mh3g-exefs-armor-table-record-2-3
498,1,99,178,178,confirmed_exefs,mh3g-exefs-armor-table-record-2-3
499,2,94,178,178,confirmed_exefs,mh3g-exefs-armor-table-record-2-3
500,3,98,178,178,confirmed_exefs,mh3g-exefs-armor-table-record-2-3
501,4,99,178,178,confirmed_exefs,mh3g-exefs-armor-table-record-2-3
502,5,97,14,14,confirmed_exefs,mh3g-exefs-armor-table-record-2-3
503,1,100,14,14,confirmed_exefs,mh3g-exefs-armor-table-record-2-3
504,2,95,14,14,confirmed_exefs,mh3g-exefs-armor-table-record-2-3
505,3,99,14,14,confirmed_exefs,mh3g-exefs-armor-table-record-2-3
506,4,100,14,14,confirmed_exefs,mh3g-exefs-armor-table-record-2-3
507,5,98,15,15,confirmed_exefs,mh3g-exefs-armor-table-record-2-3
508,1,101,15,15,confirmed_exefs,mh3g-exefs-armor-table-record-2-3
509,2,96,15,15,confirmed_exefs,mh3g-exefs-armor-table-record-2-3
510,3,100,15,15,confirmed_exefs,mh3g-exefs-armor-table-record-2-3
511,4,,15,15,exact_shared_appearance,dex-image-key-to-confirmed-exefs-model
512,5,99,189,189,confirmed_exefs,mh3g-exefs-armor-table-record-2-3
513,1,102,189,189,confirmed_exefs,mh3g-exefs-armor-table-record-2-3
514,2,97,189,189,confirmed_exefs,mh3g-exefs-armor-table-record-2-3
515,3,101,189,189,confirmed_exefs,mh3g-exefs-armor-table-record-2-3
516,4,,189,189,exact_shared_appearance,dex-image-key-to-confirmed-exefs-model
517,5,100,190,190,confirmed_exefs,mh3g-exefs-armor-table-record-2-3
518,1,103,190,190,confirmed_exefs,mh3g-exefs-armor-table-record-2-3
519,2,98,190,190,confirmed_exefs,mh3g-exefs-armor-table-record-2-3
520,3,102,190,190,confirmed_exefs,mh3g-exefs-armor-table-record-2-3
521,4,,190,190,exact_shared_appearance,dex-image-key-to-confirmed-exefs-model
522,5,109,77,77,confirmed_exefs,mh3g-exefs-armor-table-record-2-3
523,1,113,77,77,confirmed_exefs,mh3g-exefs-armor-table-record-2-3
524,2,108,77,77,confirmed_exefs,mh3g-exefs-armor-table-record-2-3
525,3,112,77,77,confirmed_exefs,mh3g-exefs-armor-table-record-2-3
526,4,112,77,77,confirmed_exefs,mh3g-exefs-armor-table-record-2-3
527,5,110,77,77,confirmed_exefs,mh3g-exefs-armor-table-record-2-3
528,1,114,77,77,confirmed_exefs,mh3g-exefs-armor-table-record-2-3
529,2,109,77,77,confirmed_exefs,mh3g-exefs-armor-table-record-2-3
530,3,113,77,77,confirmed_exefs,mh3g-exefs-armor-table-record-2-3
531,4,113,77,77,confirmed_exefs,mh3g-exefs-armor-table-record-2-3
532,5,135,130,0,confirmed_exefs,mh3g-exefs-armor-table-record-2-3
533,1,139,130,0,confirmed_exefs,mh3g-exefs-armor-table-record-2-3
534,2,134,130,0,confirmed_exefs,mh3g-exefs-armor-table-record-2-3
535,3,138,130,0,confirmed_exefs,mh3g-exefs-armor-table-record-2-3
536,4,138,130,0,confirmed_exefs,mh3g-exefs-armor-table-record-2-3
537,5,136,130,0,confirmed_exefs,mh3g-exefs-armor-table-record-2-3
538,1,140,130,0,confirmed_exefs,mh3g-exefs-armor-table-record-2-3
539,2,135,130,0,confirmed_exefs,mh3g-exefs-armor-table-record-2-3
540,3,139,130,0,confirmed_exefs,mh3g-exefs-armor-table-record-2-3
541,4,139,130,0,confirmed_exefs,mh3g-exefs-armor-table-record-2-3
542,5,137,0,130,confirmed_exefs,mh3g-exefs-armor-table-record-2-3
543,1,,0,130,exact_shared_appearance,dex-image-key-to-confirmed-exefs-model
544,2,136,0,130,confirmed_exefs,mh3g-exefs-armor-table-record-2-3
545,3,140,0,130,confirmed_exefs,mh3g-exefs-armor-table-record-2-3
546,4,140,0,130,confirmed_exefs,mh3g-exefs-armor-table-record-2-3
547,5,138,0,130,confirmed_exefs,mh3g-exefs-armor-table-record-2-3
548,1,142,0,130,confirmed_exefs,mh3g-exefs-armor-table-record-2-3
549,2,137,0,130,confirmed_exefs,mh3g-exefs-armor-table-record-2-3
550,3,141,0,130,confirmed_exefs,mh3g-exefs-armor-table-record-2-3
551,4,141,0,130,confirmed_exefs,mh3g-exefs-armor-table-record-2-3
552,1,145,128,128,confirmed_exefs,mh3g-exefs-armor-table-record-2-3
553,2,140,128,128,confirmed_exefs,mh3g-exefs-armor-table-record-2-3
554,4,144,128,128,confirmed_exefs,mh3g-exefs-armor-table-record-2-3
555,1,146,128,128,confirmed_exefs,mh3g-exefs-armor-table-record-2-3
556,2,141,128,128,confirmed_exefs,mh3g-exefs-armor-table-record-2-3
557,4,145,128,128,confirmed_exefs,mh3g-exefs-armor-table-record-2-3
558,5,111,31,31,confirmed_exefs,mh3g-exefs-armor-table-record-2-3
559,1,115,31,31,confirmed_exefs,mh3g-exefs-armor-table-record-2-3
560,2,110,31,31,confirmed_exefs,mh3g-exefs-armor-table-record-2-3
561,3,114,31,31,confirmed_exefs,mh3g-exefs-armor-table-record-2-3
562,4,114,31,31,confirmed_exefs,mh3g-exefs-armor-table-record-2-3
563,5,112,32,32,confirmed_exefs,mh3g-exefs-armor-table-record-2-3
564,1,116,32,32,confirmed_exefs,mh3g-exefs-armor-table-record-2-3
565,2,111,32,32,confirmed_exefs,mh3g-exefs-armor-table-record-2-3
566,3,115,32,32,confirmed_exefs,mh3g-exefs-armor-table-record-2-3
567,4,115,32,32,confirmed_exefs,mh3g-exefs-armor-table-record-2-3
568,5,113,185,185,confirmed_exefs,mh3g-exefs-armor-table-record-2-3
569,1,117,185,185,confirmed_exefs,mh3g-exefs-armor-table-record-2-3
570,2,112,185,185,confirmed_exefs,mh3g-exefs-armor-table-record-2-3
571,3,116,185,185,confirmed_exefs,mh3g-exefs-armor-table-record-2-3
572,4,116,185,185,confirmed_exefs,mh3g-exefs-armor-table-record-2-3
573,5,114,186,186,confirmed_exefs,mh3g-exefs-armor-table-record-2-3
574,1,118,186,186,confirmed_exefs,mh3g-exefs-armor-table-record-2-3
575,2,113,186,186,confirmed_exefs,mh3g-exefs-armor-table-record-2-3
576,3,117,186,186,confirmed_exefs,mh3g-exefs-armor-table-record-2-3
577,4,117,186,186,confirmed_exefs,mh3g-exefs-armor-table-record-2-3
578,5,115,29,29,confirmed_exefs,mh3g-exefs-armor-table-record-2-3
579,1,119,29,29,confirmed_exefs,mh3g-exefs-armor-table-record-2-3
580,2,114,29,29,confirmed_exefs,mh3g-exefs-armor-table-record-2-3
581,3,118,29,29,confirmed_exefs,mh3g-exefs-armor-table-record-2-3
582,4,118,29,29,confirmed_exefs,mh3g-exefs-armor-table-record-2-3
583,5,116,30,30,confirmed_exefs,mh3g-exefs-armor-table-record-2-3
584,1,120,30,30,confirmed_exefs,mh3g-exefs-armor-table-record-2-3
585,2,115,30,30,confirmed_exefs,mh3g-exefs-armor-table-record-2-3
586,3,119,30,30,confirmed_exefs,mh3g-exefs-armor-table-record-2-3
587,4,119,30,30,confirmed_exefs,mh3g-exefs-armor-table-record-2-3
588,5,139,129,129,confirmed_exefs,mh3g-exefs-armor-table-record-2-3
589,1,143,129,129,confirmed_exefs,mh3g-exefs-armor-table-record-2-3
590,2,138,129,129,confirmed_exefs,mh3g-exefs-armor-table-record-2-3
591,3,142,129,129,confirmed_exefs,mh3g-exefs-armor-table-record-2-3
592,4,142,129,129,confirmed_exefs,mh3g-exefs-armor-table-record-2-3
593,5,140,129,129,confirmed_exefs,mh3g-exefs-armor-table-record-2-3
594,1,144,129,129,confirmed_exefs,mh3g-exefs-armor-table-record-2-3
595,2,139,129,129,confirmed_exefs,mh3g-exefs-armor-table-record-2-3
596,3,143,129,129,confirmed_exefs,mh3g-exefs-armor-table-record-2-3
597,4,143,129,129,confirmed_exefs,mh3g-exefs-armor-table-record-2-3
598,5,117,59,0,confirmed_exefs,mh3g-exefs-armor-table-record-2-3
599,1,121,59,0,confirmed_exefs,mh3g-exefs-armor-table-record-2-3
600,2,116,59,0,confirmed_exefs,mh3g-exefs-armor-table-record-2-3
601,3,120,59,0,confirmed_exefs,mh3g-exefs-armor-table-record-2-3
602,4,120,59,0,confirmed_exefs,mh3g-exefs-armor-table-record-2-3
603,5,118,59,0,confirmed_exefs,mh3g-exefs-armor-table-record-2-3
604,1,122,59,0,confirmed_exefs,mh3g-exefs-armor-table-record-2-3
605,2,117,59,0,confirmed_exefs,mh3g-exefs-armor-table-record-2-3
606,3,121,59,0,confirmed_exefs,mh3g-exefs-armor-table-record-2-3
607,4,121,59,0,confirmed_exefs,mh3g-exefs-armor-table-record-2-3
608,5,119,0,59,confirmed_exefs,mh3g-exefs-armor-table-record-2-3
609,1,123,0,59,confirmed_exefs,mh3g-exefs-armor-table-record-2-3
610,2,118,0,59,confirmed_exefs,mh3g-exefs-armor-table-record-2-3
611,3,122,0,59,confirmed_exefs,mh3g-exefs-armor-table-record-2-3
612,4,122,0,59,confirmed_exefs,mh3g-exefs-armor-table-record-2-3
613,5,120,0,59,confirmed_exefs,mh3g-exefs-armor-table-record-2-3
614,1,124,0,59,confirmed_exefs,mh3g-exefs-armor-table-record-2-3
615,2,119,0,59,confirmed_exefs,mh3g-exefs-armor-table-record-2-3
616,3,123,0,59,confirmed_exefs,mh3g-exefs-armor-table-record-2-3
617,4,123,0,59,confirmed_exefs,mh3g-exefs-armor-table-record-2-3
618,5,129,18,18,confirmed_exefs,mh3g-exefs-armor-table-record-2-3
619,1,133,18,18,confirmed_exefs,mh3g-exefs-armor-table-record-2-3
620,2,128,18,18,confirmed_exefs,mh3g-exefs-armor-table-record-2-3
621,3,132,18,18,confirmed_exefs,mh3g-exefs-armor-table-record-2-3
622,4,132,18,18,confirmed_exefs,mh3g-exefs-armor-table-record-2-3
623,5,130,19,19,confirmed_exefs,mh3g-exefs-armor-table-record-2-3
624,1,134,19,19,confirmed_exefs,mh3g-exefs-armor-table-record-2-3
625,2,129,19,19,confirmed_exefs,mh3g-exefs-armor-table-record-2-3
626,3,133,19,19,confirmed_exefs,mh3g-exefs-armor-table-record-2-3
627,4,133,19,19,confirmed_exefs,mh3g-exefs-armor-table-record-2-3
628,5,121,35,35,confirmed_exefs,mh3g-exefs-armor-table-record-2-3
629,1,125,35,35,confirmed_exefs,mh3g-exefs-armor-table-record-2-3
630,2,120,35,35,confirmed_exefs,mh3g-exefs-armor-table-record-2-3
631,3,124,35,35,confirmed_exefs,mh3g-exefs-armor-table-record-2-3
632,4,124,35,35,confirmed_exefs,mh3g-exefs-armor-table-record-2-3
633,5,122,36,36,confirmed_exefs,mh3g-exefs-armor-table-record-2-3
634,1,126,36,36,confirmed_exefs,mh3g-exefs-armor-table-record-2-3
635,2,121,36,36,confirmed_exefs,mh3g-exefs-armor-table-record-2-3
636,3,125,36,36,confirmed_exefs,mh3g-exefs-armor-table-record-2-3
637,4,125,36,36,confirmed_exefs,mh3g-exefs-armor-table-record-2-3
638,5,123,175,175,confirmed_exefs,mh3g-exefs-armor-table-record-2-3
639,1,127,175,175,confirmed_exefs,mh3g-exefs-armor-table-record-2-3
640,2,122,175,175,confirmed_exefs,mh3g-exefs-armor-table-record-2-3
641,3,,175,175,exact_shared_appearance,dex-image-key-to-confirmed-exefs-model
642,4,126,175,175,confirmed_exefs,mh3g-exefs-armor-table-record-2-3
643,5,,176,176,exact_shared_appearance,dex-image-key-to-confirmed-exefs-model
644,1,128,176,176,confirmed_exefs,mh3g-exefs-armor-table-record-2-3
645,2,123,176,176,confirmed_exefs,mh3g-exefs-armor-table-record-2-3
646,3,,176,176,exact_shared_appearance,dex-image-key-to-confirmed-exefs-model
647,4,127,176,176,confirmed_exefs,mh3g-exefs-armor-table-record-2-3
648,5,125,33,33,confirmed_exefs,mh3g-exefs-armor-table-record-2-3
649,1,129,33,33,confirmed_exefs,mh3g-exefs-armor-table-record-2-3
650,2,124,33,33,confirmed_exefs,mh3g-exefs-armor-table-record-2-3
651,3,128,33,33,confirmed_exefs,mh3g-exefs-armor-table-record-2-3
652,4,,33,33,exact_shared_appearance,dex-image-key-to-confirmed-exefs-model
653,5,126,34,34,confirmed_exefs,mh3g-exefs-armor-table-record-2-3
654,1,130,34,34,confirmed_exefs,mh3g-exefs-armor-table-record-2-3
655,2,125,34,34,confirmed_exefs,mh3g-exefs-armor-table-record-2-3
656,3,129,34,34,confirmed_exefs,mh3g-exefs-armor-table-record-2-3
657,4,,34,34,exact_shared_appearance,dex-image-key-to-confirmed-exefs-model
658,5,127,179,179,confirmed_exefs,mh3g-exefs-armor-table-record-2-3
659,1,131,179,179,confirmed_exefs,mh3g-exefs-armor-table-record-2-3
660,2,126,179,179,confirmed_exefs,mh3g-exefs-armor-table-record-2-3
661,3,130,179,179,confirmed_exefs,mh3g-exefs-armor-table-record-2-3
662,4,,179,179,exact_shared_appearance,dex-image-key-to-confirmed-exefs-model
663,5,128,180,180,confirmed_exefs,mh3g-exefs-armor-table-record-2-3
664,1,132,180,180,confirmed_exefs,mh3g-exefs-armor-table-record-2-3
665,2,127,180,180,confirmed_exefs,mh3g-exefs-armor-table-record-2-3
666,3,131,180,180,confirmed_exefs,mh3g-exefs-armor-table-record-2-3
667,4,,180,180,exact_shared_appearance,dex-image-key-to-confirmed-exefs-model
668,5,187,68,68,confirmed_exefs,mh3g-exefs-armor-table-record-2-3
669,1,193,68,68,confirmed_exefs,mh3g-exefs-armor-table-record-2-3
670,2,188,68,68,confirmed_exefs,mh3g-exefs-armor-table-record-2-3
671,4,192,68,68,confirmed_exefs,mh3g-exefs-armor-table-record-2-3
672,5,188,69,69,confirmed_exefs,mh3g-exefs-armor-table-record-2-3
673,1,194,69,69,confirmed_exefs,mh3g-exefs-armor-table-record-2-3
674,2,189,69,69,confirmed_exefs,mh3g-exefs-armor-table-record-2-3
675,4,193,69,69,confirmed_exefs,mh3g-exefs-armor-table-record-2-3
676,5,149,45,45,confirmed_exefs,mh3g-exefs-armor-table-record-2-3
677,1,155,45,45,confirmed_exefs,mh3g-exefs-armor-table-record-2-3
678,2,150,45,45,confirmed_exefs,mh3g-exefs-armor-table-record-2-3
679,3,152,45,45,confirmed_exefs,mh3g-exefs-armor-table-record-2-3
680,4,154,45,45,confirmed_exefs,mh3g-exefs-armor-table-record-2-3
681,5,150,46,46,confirmed_exefs,mh3g-exefs-armor-table-record-2-3
682,1,156,46,46,confirmed_exefs,mh3g-exefs-armor-table-record-2-3
683,2,151,46,46,confirmed_exefs,mh3g-exefs-armor-table-record-2-3
684,3,153,46,46,confirmed_exefs,mh3g-exefs-armor-table-record-2-3
685,4,155,46,46,confirmed_exefs,mh3g-exefs-armor-table-record-2-3
686,5,151,181,181,confirmed_exefs,mh3g-exefs-armor-table-record-2-3
687,1,157,181,181,confirmed_exefs,mh3g-exefs-armor-table-record-2-3
688,2,152,181,181,confirmed_exefs,mh3g-exefs-armor-table-record-2-3
689,3,154,181,181,confirmed_exefs,mh3g-exefs-armor-table-record-2-3
690,4,156,181,181,confirmed_exefs,mh3g-exefs-armor-table-record-2-3
691,5,152,182,182,confirmed_exefs,mh3g-exefs-armor-table-record-2-3
692,1,158,182,182,confirmed_exefs,mh3g-exefs-armor-table-record-2-3
693,2,153,182,182,confirmed_exefs,mh3g-exefs-armor-table-record-2-3
694,3,155,182,182,confirmed_exefs,mh3g-exefs-armor-table-record-2-3
695,4,157,182,182,confirmed_exefs,mh3g-exefs-armor-table-record-2-3
696,5,181,72,72,confirmed_exefs,mh3g-exefs-armor-table-record-2-3
697,1,187,72,72,confirmed_exefs,mh3g-exefs-armor-table-record-2-3
698,2,182,72,72,confirmed_exefs,mh3g-exefs-armor-table-record-2-3
699,3,184,72,72,confirmed_exefs,mh3g-exefs-armor-table-record-2-3
700,4,186,72,72,confirmed_exefs,mh3g-exefs-armor-table-record-2-3
701,5,182,73,73,confirmed_exefs,mh3g-exefs-armor-table-record-2-3
702,1,188,73,73,confirmed_exefs,mh3g-exefs-armor-table-record-2-3
703,2,183,73,73,confirmed_exefs,mh3g-exefs-armor-table-record-2-3
704,3,185,73,73,confirmed_exefs,mh3g-exefs-armor-table-record-2-3
705,4,187,73,73,confirmed_exefs,mh3g-exefs-armor-table-record-2-3
706,5,185,82,82,confirmed_exefs,mh3g-exefs-armor-table-record-2-3
707,1,191,82,82,confirmed_exefs,mh3g-exefs-armor-table-record-2-3
708,2,186,82,82,confirmed_exefs,mh3g-exefs-armor-table-record-2-3
709,3,,82,82,exact_shared_appearance,dex-image-key-to-confirmed-exefs-model
710,4,190,82,82,confirmed_exefs,mh3g-exefs-armor-table-record-2-3
711,5,186,83,83,confirmed_exefs,mh3g-exefs-armor-table-record-2-3
712,1,192,83,83,confirmed_exefs,mh3g-exefs-armor-table-record-2-3
713,2,187,83,83,confirmed_exefs,mh3g-exefs-armor-table-record-2-3
714,3,189,83,83,confirmed_exefs,mh3g-exefs-armor-table-record-2-3
715,4,191,83,83,confirmed_exefs,mh3g-exefs-armor-table-record-2-3
716,5,141,39,39,confirmed_exefs,mh3g-exefs-armor-table-record-2-3
717,1,147,39,39,confirmed_exefs,mh3g-exefs-armor-table-record-2-3
718,2,142,39,39,confirmed_exefs,mh3g-exefs-armor-table-record-2-3
719,3,144,39,39,confirmed_exefs,mh3g-exefs-armor-table-record-2-3
720,4,146,39,39,confirmed_exefs,mh3g-exefs-armor-table-record-2-3
721,5,142,40,40,confirmed_exefs,mh3g-exefs-armor-table-record-2-3
722,1,148,40,40,confirmed_exefs,mh3g-exefs-armor-table-record-2-3
723,2,143,40,40,confirmed_exefs,mh3g-exefs-armor-table-record-2-3
724,3,145,40,40,confirmed_exefs,mh3g-exefs-armor-table-record-2-3
725,4,147,40,40,confirmed_exefs,mh3g-exefs-armor-table-record-2-3
726,5,143,195,195,confirmed_exefs,mh3g-exefs-armor-table-record-2-3
727,1,149,195,195,confirmed_exefs,mh3g-exefs-armor-table-record-2-3
728,2,144,195,195,confirmed_exefs,mh3g-exefs-armor-table-record-2-3
729,3,146,195,195,confirmed_exefs,mh3g-exefs-armor-table-record-2-3
730,4,148,195,195,confirmed_exefs,mh3g-exefs-armor-table-record-2-3
731,5,144,196,196,confirmed_exefs,mh3g-exefs-armor-table-record-2-3
732,1,150,196,196,confirmed_exefs,mh3g-exefs-armor-table-record-2-3
733,2,145,196,196,confirmed_exefs,mh3g-exefs-armor-table-record-2-3
734,3,147,196,196,confirmed_exefs,mh3g-exefs-armor-table-record-2-3
735,4,149,196,196,confirmed_exefs,mh3g-exefs-armor-table-record-2-3
736,5,145,41,41,confirmed_exefs,mh3g-exefs-armor-table-record-2-3
737,1,151,41,41,confirmed_exefs,mh3g-exefs-armor-table-record-2-3
738,2,146,41,41,confirmed_exefs,mh3g-exefs-armor-table-record-2-3
739,3,148,41,41,confirmed_exefs,mh3g-exefs-armor-table-record-2-3
740,4,150,41,41,confirmed_exefs,mh3g-exefs-armor-table-record-2-3
741,5,146,42,42,confirmed_exefs,mh3g-exefs-armor-table-record-2-3
742,1,152,42,42,confirmed_exefs,mh3g-exefs-armor-table-record-2-3
743,2,147,42,42,confirmed_exefs,mh3g-exefs-armor-table-record-2-3
744,3,149,42,42,confirmed_exefs,mh3g-exefs-armor-table-record-2-3
745,4,151,42,42,confirmed_exefs,mh3g-exefs-armor-table-record-2-3
746,5,147,173,173,confirmed_exefs,mh3g-exefs-armor-table-record-2-3
747,1,153,173,173,confirmed_exefs,mh3g-exefs-armor-table-record-2-3
748,2,148,173,173,confirmed_exefs,mh3g-exefs-armor-table-record-2-3
749,3,150,173,173,confirmed_exefs,mh3g-exefs-armor-table-record-2-3
750,4,152,173,173,confirmed_exefs,mh3g-exefs-armor-table-record-2-3
751,5,148,174,174,confirmed_exefs,mh3g-exefs-armor-table-record-2-3
752,1,154,174,174,confirmed_exefs,mh3g-exefs-armor-table-record-2-3
753,2,149,174,174,confirmed_exefs,mh3g-exefs-armor-table-record-2-3
754,3,151,174,174,confirmed_exefs,mh3g-exefs-armor-table-record-2-3
755,4,153,174,174,confirmed_exefs,mh3g-exefs-armor-table-record-2-3
756,5,179,70,70,confirmed_exefs,mh3g-exefs-armor-table-record-2-3
757,1,185,70,70,confirmed_exefs,mh3g-exefs-armor-table-record-2-3
758,2,180,70,70,confirmed_exefs,mh3g-exefs-armor-table-record-2-3
759,3,182,70,70,confirmed_exefs,mh3g-exefs-armor-table-record-2-3
760,4,184,70,70,confirmed_exefs,mh3g-exefs-armor-table-record-2-3
761,5,180,71,71,confirmed_exefs,mh3g-exefs-armor-table-record-2-3
762,1,186,71,71,confirmed_exefs,mh3g-exefs-armor-table-record-2-3
763,2,181,71,71,confirmed_exefs,mh3g-exefs-armor-table-record-2-3
764,3,183,71,71,confirmed_exefs,mh3g-exefs-armor-table-record-2-3
765,4,185,71,71,confirmed_exefs,mh3g-exefs-armor-table-record-2-3
766,5,189,88,88,confirmed_exefs,mh3g-exefs-armor-table-record-2-3
767,1,195,88,88,confirmed_exefs,mh3g-exefs-armor-table-record-2-3
768,2,190,88,88,confirmed_exefs,mh3g-exefs-armor-table-record-2-3
769,3,192,88,88,confirmed_exefs,mh3g-exefs-armor-table-record-2-3
770,4,194,88,88,confirmed_exefs,mh3g-exefs-armor-table-record-2-3
771,5,190,89,89,confirmed_exefs,mh3g-exefs-armor-table-record-2-3
772,1,196,89,89,confirmed_exefs,mh3g-exefs-armor-table-record-2-3
773,2,191,89,89,confirmed_exefs,mh3g-exefs-armor-table-record-2-3
774,3,193,89,89,confirmed_exefs,mh3g-exefs-armor-table-record-2-3
775,4,195,89,89,confirmed_exefs,mh3g-exefs-armor-table-record-2-3
776,5,183,74,74,confirmed_exefs,mh3g-exefs-armor-table-record-2-3
777,1,189,74,74,confirmed_exefs,mh3g-exefs-armor-table-record-2-3
778,2,184,74,74,confirmed_exefs,mh3g-exefs-armor-table-record-2-3
779,3,186,74,74,confirmed_exefs,mh3g-exefs-armor-table-record-2-3
780,4,188,74,74,confirmed_exefs,mh3g-exefs-armor-table-record-2-3
781,5,184,75,75,confirmed_exefs,mh3g-exefs-armor-table-record-2-3
782,1,190,75,75,confirmed_exefs,mh3g-exefs-armor-table-record-2-3
783,2,185,75,75,confirmed_exefs,mh3g-exefs-armor-table-record-2-3
784,3,187,75,75,confirmed_exefs,mh3g-exefs-armor-table-record-2-3
785,4,189,75,75,confirmed_exefs,mh3g-exefs-armor-table-record-2-3
786,5,193,37,37,confirmed_exefs,mh3g-exefs-armor-table-record-2-3
787,1,199,37,37,confirmed_exefs,mh3g-exefs-armor-table-record-2-3
788,2,194,37,37,confirmed_exefs,mh3g-exefs-armor-table-record-2-3
789,3,196,37,37,confirmed_exefs,mh3g-exefs-armor-table-record-2-3
790,4,198,37,37,confirmed_exefs,mh3g-exefs-armor-table-record-2-3
791,5,194,38,38,confirmed_exefs,mh3g-exefs-armor-table-record-2-3
792,1,200,38,38,confirmed_exefs,mh3g-exefs-armor-table-record-2-3
793,2,195,38,38,confirmed_exefs,mh3g-exefs-armor-table-record-2-3
794,3,197,38,38,confirmed_exefs,mh3g-exefs-armor-table-record-2-3
795,4,199,38,38,confirmed_exefs,mh3g-exefs-armor-table-record-2-3
796,5,131,12,12,confirmed_exefs,mh3g-exefs-armor-table-record-2-3
797,1,135,12,12,confirmed_exefs,mh3g-exefs-armor-table-record-2-3
798,2,130,12,12,confirmed_exefs,mh3g-exefs-armor-table-record-2-3
799,3,134,12,12,confirmed_exefs,mh3g-exefs-armor-table-record-2-3
800,4,134,12,12,confirmed_exefs,mh3g-exefs-armor-table-record-2-3
801,5,132,13,13,confirmed_exefs,mh3g-exefs-armor-table-record-2-3
802,1,136,13,13,confirmed_exefs,mh3g-exefs-armor-table-record-2-3
803,2,131,13,13,confirmed_exefs,mh3g-exefs-armor-table-record-2-3
804,3,135,13,13,confirmed_exefs,mh3g-exefs-armor-table-record-2-3
805,4,135,13,13,confirmed_exefs,mh3g-exefs-armor-table-record-2-3
806,5,153,43,43,confirmed_exefs,mh3g-exefs-armor-table-record-2-3
807,1,159,43,43,confirmed_exefs,mh3g-exefs-armor-table-record-2-3
808,2,154,43,43,confirmed_exefs,mh3g-exefs-armor-table-record-2-3
809,3,156,43,43,confirmed_exefs,mh3g-exefs-armor-table-record-2-3
810,4,158,43,43,confirmed_exefs,mh3g-exefs-armor-table-record-2-3
811,5,154,44,44,confirmed_exefs,mh3g-exefs-armor-table-record-2-3
812,1,160,44,44,confirmed_exefs,mh3g-exefs-armor-table-record-2-3
813,2,155,44,44,confirmed_exefs,mh3g-exefs-armor-table-record-2-3
814,3,157,44,44,confirmed_exefs,mh3g-exefs-armor-table-record-2-3
815,4,159,44,44,confirmed_exefs,mh3g-exefs-armor-table-record-2-3
816,5,155,183,183,confirmed_exefs,mh3g-exefs-armor-table-record-2-3
817,1,161,183,183,confirmed_exefs,mh3g-exefs-armor-table-record-2-3
818,2,156,183,183,confirmed_exefs,mh3g-exefs-armor-table-record-2-3
819,3,158,183,183,confirmed_exefs,mh3g-exefs-armor-table-record-2-3
820,4,160,183,183,confirmed_exefs,mh3g-exefs-armor-table-record-2-3
821,5,156,184,184,confirmed_exefs,mh3g-exefs-armor-table-record-2-3
822,1,162,184,184,confirmed_exefs,mh3g-exefs-armor-table-record-2-3
823,2,157,184,184,confirmed_exefs,mh3g-exefs-armor-table-record-2-3
824,3,159,184,184,confirmed_exefs,mh3g-exefs-armor-table-record-2-3
825,4,161,184,184,confirmed_exefs,mh3g-exefs-armor-table-record-2-3
826,5,161,51,51,confirmed_exefs,mh3g-exefs-armor-table-record-2-3
827,1,167,51,51,confirmed_exefs,mh3g-exefs-armor-table-record-2-3
828,2,162,51,51,confirmed_exefs,mh3g-exefs-armor-table-record-2-3
829,3,164,51,51,confirmed_exefs,mh3g-exefs-armor-table-record-2-3
830,4,166,51,51,confirmed_exefs,mh3g-exefs-armor-table-record-2-3
831,5,162,52,52,confirmed_exefs,mh3g-exefs-armor-table-record-2-3
832,1,168,52,52,confirmed_exefs,mh3g-exefs-armor-table-record-2-3
833,2,163,52,52,confirmed_exefs,mh3g-exefs-armor-table-record-2-3
834,3,,52,52,exact_shared_appearance,dex-image-key-to-confirmed-exefs-model
835,4,167,52,52,confirmed_exefs,mh3g-exefs-armor-table-record-2-3
836,5,163,191,191,confirmed_exefs,mh3g-exefs-armor-table-record-2-3
837,1,169,191,191,confirmed_exefs,mh3g-exefs-armor-table-record-2-3
838,2,164,191,191,confirmed_exefs,mh3g-exefs-armor-table-record-2-3
839,3,166,191,191,confirmed_exefs,mh3g-exefs-armor-table-record-2-3
840,4,168,191,191,confirmed_exefs,mh3g-exefs-armor-table-record-2-3
841,5,164,192,192,confirmed_exefs,mh3g-exefs-armor-table-record-2-3
842,1,170,192,192,confirmed_exefs,mh3g-exefs-armor-table-record-2-3
843,2,165,192,192,confirmed_exefs,mh3g-exefs-armor-table-record-2-3
844,3,,192,192,exact_shared_appearance,dex-image-key-to-confirmed-exefs-model
845,4,169,192,192,confirmed_exefs,mh3g-exefs-armor-table-record-2-3
846,5,157,47,47,confirmed_exefs,mh3g-exefs-armor-table-record-2-3
847,1,163,47,47,confirmed_exefs,mh3g-exefs-armor-table-record-2-3
848,2,158,47,47,confirmed_exefs,mh3g-exefs-armor-table-record-2-3
849,3,160,47,47,confirmed_exefs,mh3g-exefs-armor-table-record-2-3
850,4,162,47,47,confirmed_exefs,mh3g-exefs-armor-table-record-2-3
851,5,158,48,48,confirmed_exefs,mh3g-exefs-armor-table-record-2-3
852,1,164,48,48,confirmed_exefs,mh3g-exefs-armor-table-record-2-3
853,2,159,48,48,confirmed_exefs,mh3g-exefs-armor-table-record-2-3
854,3,161,48,48,confirmed_exefs,mh3g-exefs-armor-table-record-2-3
855,4,163,48,48,confirmed_exefs,mh3g-exefs-armor-table-record-2-3
856,5,159,187,187,confirmed_exefs,mh3g-exefs-armor-table-record-2-3
857,1,165,187,187,confirmed_exefs,mh3g-exefs-armor-table-record-2-3
858,2,160,187,187,confirmed_exefs,mh3g-exefs-armor-table-record-2-3
859,3,162,187,187,confirmed_exefs,mh3g-exefs-armor-table-record-2-3
860,4,164,187,187,confirmed_exefs,mh3g-exefs-armor-table-record-2-3
861,5,160,188,188,confirmed_exefs,mh3g-exefs-armor-table-record-2-3
862,1,166,188,188,confirmed_exefs,mh3g-exefs-armor-table-record-2-3
863,2,161,188,188,confirmed_exefs,mh3g-exefs-armor-table-record-2-3
864,3,163,188,188,confirmed_exefs,mh3g-exefs-armor-table-record-2-3
865,4,165,188,188,confirmed_exefs,mh3g-exefs-armor-table-record-2-3
866,5,167,20,20,confirmed_exefs,mh3g-exefs-armor-table-record-2-3
867,1,173,20,20,confirmed_exefs,mh3g-exefs-armor-table-record-2-3
868,2,168,20,20,confirmed_exefs,mh3g-exefs-armor-table-record-2-3
869,3,170,20,20,confirmed_exefs,mh3g-exefs-armor-table-record-2-3
870,4,172,20,20,confirmed_exefs,mh3g-exefs-armor-table-record-2-3
871,5,168,21,21,confirmed_exefs,mh3g-exefs-armor-table-record-2-3
872,1,174,21,21,confirmed_exefs,mh3g-exefs-armor-table-record-2-3
873,2,169,21,21,confirmed_exefs,mh3g-exefs-armor-table-record-2-3
874,3,171,21,21,confirmed_exefs,mh3g-exefs-armor-table-record-2-3
875,4,173,21,21,confirmed_exefs,mh3g-exefs-armor-table-record-2-3
876,5,173,55,0,confirmed_exefs,mh3g-exefs-armor-table-record-2-3
877,1,179,55,0,confirmed_exefs,mh3g-exefs-armor-table-record-2-3
878,2,174,55,0,confirmed_exefs,mh3g-exefs-armor-table-record-2-3
879,3,176,55,0,confirmed_exefs,mh3g-exefs-armor-table-record-2-3
880,4,178,55,0,confirmed_exefs,mh3g-exefs-armor-table-record-2-3
881,5,174,56,0,confirmed_exefs,mh3g-exefs-armor-table-record-2-3
882,1,180,56,0,confirmed_exefs,mh3g-exefs-armor-table-record-2-3
883,2,175,56,0,confirmed_exefs,mh3g-exefs-armor-table-record-2-3
884,3,177,56,0,confirmed_exefs,mh3g-exefs-armor-table-record-2-3
885,4,179,56,0,confirmed_exefs,mh3g-exefs-armor-table-record-2-3
886,5,175,0,55,confirmed_exefs,mh3g-exefs-armor-table-record-2-3
887,1,181,0,55,confirmed_exefs,mh3g-exefs-armor-table-record-2-3
888,2,176,0,55,confirmed_exefs,mh3g-exefs-armor-table-record-2-3
889,3,178,0,55,confirmed_exefs,mh3g-exefs-armor-table-record-2-3
890,4,180,0,55,confirmed_exefs,mh3g-exefs-armor-table-record-2-3
891,5,176,0,56,confirmed_exefs,mh3g-exefs-armor-table-record-2-3
892,1,182,0,56,confirmed_exefs,mh3g-exefs-armor-table-record-2-3
893,2,177,0,56,confirmed_exefs,mh3g-exefs-armor-table-record-2-3
894,3,179,0,56,confirmed_exefs,mh3g-exefs-armor-table-record-2-3
895,4,181,0,56,confirmed_exefs,mh3g-exefs-armor-table-record-2-3
896,5,165,53,53,confirmed_exefs,mh3g-exefs-armor-table-record-2-3
897,1,171,53,53,confirmed_exefs,mh3g-exefs-armor-table-record-2-3
898,2,166,53,53,confirmed_exefs,mh3g-exefs-armor-table-record-2-3
899,3,168,53,53,confirmed_exefs,mh3g-exefs-armor-table-record-2-3
900,4,170,53,53,confirmed_exefs,mh3g-exefs-armor-table-record-2-3
901,5,166,54,54,confirmed_exefs,mh3g-exefs-armor-table-record-2-3
902,1,172,54,54,confirmed_exefs,mh3g-exefs-armor-table-record-2-3
903,2,167,54,54,confirmed_exefs,mh3g-exefs-armor-table-record-2-3
904,3,169,54,54,confirmed_exefs,mh3g-exefs-armor-table-record-2-3
905,4,171,54,54,confirmed_exefs,mh3g-exefs-armor-table-record-2-3
906,5,177,57,57,confirmed_exefs,mh3g-exefs-armor-table-record-2-3
907,1,183,57,57,confirmed_exefs,mh3g-exefs-armor-table-record-2-3
908,2,178,57,57,confirmed_exefs,mh3g-exefs-armor-table-record-2-3
909,3,180,57,57,confirmed_exefs,mh3g-exefs-armor-table-record-2-3
910,4,182,57,57,confirmed_exefs,mh3g-exefs-armor-table-record-2-3
911,5,178,58,58,confirmed_exefs,mh3g-exefs-armor-table-record-2-3
912,1,184,58,58,confirmed_exefs,mh3g-exefs-armor-table-record-2-3
913,2,179,58,58,confirmed_exefs,mh3g-exefs-armor-table-record-2-3
914,3,181,58,58,confirmed_exefs,mh3g-exefs-armor-table-record-2-3
915,4,183,58,58,confirmed_exefs,mh3g-exefs-armor-table-record-2-3
916,5,364,200,200,confirmed_exefs,mh3g-exefs-armor-table-record-2-3
917,1,364,200,200,confirmed_exefs,mh3g-exefs-armor-table-record-2-3
918,2,355,200,200,confirmed_exefs,mh3g-exefs-armor-table-record-2-3
919,3,359,200,200,confirmed_exefs,mh3g-exefs-armor-table-record-2-3
920,4,363,200,200,confirmed_exefs,mh3g-exefs-armor-table-record-2-3
921,5,,200,200,exact_shared_appearance,dex-image-key-to-confirmed-exefs-model
922,1,365,200,200,confirmed_exefs,mh3g-exefs-armor-table-record-2-3
923,2,356,200,200,confirmed_exefs,mh3g-exefs-armor-table-record-2-3
924,3,360,200,200,confirmed_exefs,mh3g-exefs-armor-table-record-2-3
925,4,364,200,200,confirmed_exefs,mh3g-exefs-armor-table-record-2-3
926,1,370,201,201,confirmed_exefs,mh3g-exefs-armor-table-record-2-3
927,1,371,201,201,confirmed_exefs,mh3g-exefs-armor-table-record-2-3
928,1,372,64,64,confirmed_exefs,mh3g-exefs-armor-table-record-2-3
929,1,373,64,64,confirmed_exefs,mh3g-exefs-armor-table-record-2-3
930,1,380,65,65,confirmed_exefs,mh3g-exefs-armor-table-record-2-3
931,1,381,65,65,confirmed_exefs,mh3g-exefs-armor-table-record-2-3
932,4,369,199,199,confirmed_exefs,mh3g-exefs-armor-table-record-2-3
933,4,370,199,199,confirmed_exefs,mh3g-exefs-armor-table-record-2-3
934,1,368,202,202,confirmed_exefs,mh3g-exefs-armor-table-record-2-3
935,3,363,202,202,confirmed_exefs,mh3g-exefs-armor-table-record-2-3
936,4,367,202,202,confirmed_exefs,mh3g-exefs-armor-table-record-2-3
937,1,369,202,202,confirmed_exefs,mh3g-exefs-armor-table-record-2-3
938,3,364,202,202,confirmed_exefs,mh3g-exefs-armor-table-record-2-3
939,4,368,202,202,confirmed_exefs,mh3g-exefs-armor-table-record-2-3
940,5,351,213,213,confirmed_exefs,mh3g-exefs-armor-table-record-2-3
941,5,378,213,213,confirmed_exefs,mh3g-exefs-armor-table-record-2-3
942,5,209,27,27,confirmed_exefs,mh3g-exefs-armor-table-record-2-3
943,1,213,27,27,confirmed_exefs,mh3g-exefs-armor-table-record-2-3
944,2,208,27,27,confirmed_exefs,mh3g-exefs-armor-table-record-2-3
945,3,212,27,27,confirmed_exefs,mh3g-exefs-armor-table-record-2-3
946,4,214,27,27,confirmed_exefs,mh3g-exefs-armor-table-record-2-3
947,5,210,28,28,confirmed_exefs,mh3g-exefs-armor-table-record-2-3
948,1,214,28,28,confirmed_exefs,mh3g-exefs-armor-table-record-2-3
949,2,209,28,28,confirmed_exefs,mh3g-exefs-armor-table-record-2-3
950,3,213,28,28,confirmed_exefs,mh3g-exefs-armor-table-record-2-3
951,4,215,28,28,confirmed_exefs,mh3g-exefs-armor-table-record-2-3
952,5,,23,23,exact_shared_appearance,dex-image-key-to-confirmed-exefs-model
953,1,215,23,23,confirmed_exefs,mh3g-exefs-armor-table-record-2-3
954,2,210,23,23,confirmed_exefs,mh3g-exefs-armor-table-record-2-3
955,3,214,23,23,confirmed_exefs,mh3g-exefs-armor-table-record-2-3
956,4,216,23,23,confirmed_exefs,mh3g-exefs-armor-table-record-2-3
957,5,,24,24,exact_shared_appearance,dex-image-key-to-confirmed-exefs-model
958,1,216,24,24,confirmed_exefs,mh3g-exefs-armor-table-record-2-3
959,2,211,24,24,confirmed_exefs,mh3g-exefs-armor-table-record-2-3
960,3,215,24,24,confirmed_exefs,mh3g-exefs-armor-table-record-2-3
961,4,217,24,24,confirmed_exefs,mh3g-exefs-armor-table-record-2-3
962,5,213,81,81,confirmed_exefs,mh3g-exefs-armor-table-record-2-3
963,1,217,81,81,confirmed_exefs,mh3g-exefs-armor-table-record-2-3
964,5,214,81,81,confirmed_exefs,mh3g-exefs-armor-table-record-2-3
965,1,218,81,81,confirmed_exefs,mh3g-exefs-armor-table-record-2-3
966,5,352,0,0,confirmed_exefs,mh3g-exefs-armor-table-record-2-3
967,1,355,0,0,confirmed_exefs,mh3g-exefs-armor-table-record-2-3
968,2,346,0,0,confirmed_exefs,mh3g-exefs-armor-table-record-2-3
969,3,350,0,0,confirmed_exefs,mh3g-exefs-armor-table-record-2-3
970,4,354,0,0,confirmed_exefs,mh3g-exefs-armor-table-record-2-3
971,5,333,129,129,confirmed_exefs,mh3g-exefs-armor-table-record-2-3
972,1,339,129,129,confirmed_exefs,mh3g-exefs-armor-table-record-2-3
973,2,330,129,129,confirmed_exefs,mh3g-exefs-armor-table-record-2-3
974,3,336,129,129,confirmed_exefs,mh3g-exefs-armor-table-record-2-3
975,4,338,129,129,confirmed_exefs,mh3g-exefs-armor-table-record-2-3
976,5,334,129,129,confirmed_exefs,mh3g-exefs-armor-table-record-2-3
977,1,340,129,129,confirmed_exefs,mh3g-exefs-armor-table-record-2-3
978,2,331,129,129,confirmed_exefs,mh3g-exefs-armor-table-record-2-3
979,3,337,129,129,confirmed_exefs,mh3g-exefs-armor-table-record-2-3
980,4,339,129,129,confirmed_exefs,mh3g-exefs-armor-table-record-2-3
981,5,215,90,90,confirmed_exefs,mh3g-exefs-armor-table-record-2-3
982,1,219,90,90,confirmed_exefs,mh3g-exefs-armor-table-record-2-3
983,2,212,90,90,confirmed_exefs,mh3g-exefs-armor-table-record-2-3
984,3,216,90,90,confirmed_exefs,mh3g-exefs-armor-table-record-2-3
985,4,218,90,90,confirmed_exefs,mh3g-exefs-armor-table-record-2-3
986,5,216,91,91,confirmed_exefs,mh3g-exefs-armor-table-record-2-3
987,1,220,91,91,confirmed_exefs,mh3g-exefs-armor-table-record-2-3
988,2,213,91,91,confirmed_exefs,mh3g-exefs-armor-table-record-2-3
989,3,217,91,91,confirmed_exefs,mh3g-exefs-armor-table-record-2-3
990,4,219,91,91,confirmed_exefs,mh3g-exefs-armor-table-record-2-3
991,5,217,5,5,confirmed_exefs,mh3g-exefs-armor-table-record-2-3
992,1,221,5,5,confirmed_exefs,mh3g-exefs-armor-table-record-2-3
993,2,214,5,5,confirmed_exefs,mh3g-exefs-armor-table-record-2-3
994,3,218,5,5,confirmed_exefs,mh3g-exefs-armor-table-record-2-3
995,4,220,5,5,confirmed_exefs,mh3g-exefs-armor-table-record-2-3
996,5,218,6,6,confirmed_exefs,mh3g-exefs-armor-table-record-2-3
997,1,222,6,6,confirmed_exefs,mh3g-exefs-armor-table-record-2-3
998,2,215,6,6,confirmed_exefs,mh3g-exefs-armor-table-record-2-3
999,3,219,6,6,confirmed_exefs,mh3g-exefs-armor-table-record-2-3
1000,4,221,6,6,confirmed_exefs,mh3g-exefs-armor-table-record-2-3
1001,5,219,171,171,confirmed_exefs,mh3g-exefs-armor-table-record-2-3
1002,1,223,171,171,confirmed_exefs,mh3g-exefs-armor-table-record-2-3
1003,2,216,171,171,confirmed_exefs,mh3g-exefs-armor-table-record-2-3
1004,3,220,171,171,confirmed_exefs,mh3g-exefs-armor-table-record-2-3
1005,4,222,171,171,confirmed_exefs,mh3g-exefs-armor-table-record-2-3
1006,5,220,172,172,confirmed_exefs,mh3g-exefs-armor-table-record-2-3
1007,1,224,172,172,confirmed_exefs,mh3g-exefs-armor-table-record-2-3
1008,2,217,172,172,confirmed_exefs,mh3g-exefs-armor-table-record-2-3
1009,3,221,172,172,confirmed_exefs,mh3g-exefs-armor-table-record-2-3
1010,4,223,172,172,confirmed_exefs,mh3g-exefs-armor-table-record-2-3
1011,5,221,76,76,confirmed_exefs,mh3g-exefs-armor-table-record-2-3
1012,1,225,76,76,confirmed_exefs,mh3g-exefs-armor-table-record-2-3
1013,2,218,76,76,confirmed_exefs,mh3g-exefs-armor-table-record-2-3
1014,3,222,76,76,confirmed_exefs,mh3g-exefs-armor-table-record-2-3
1015,4,224,76,76,confirmed_exefs,mh3g-exefs-armor-table-record-2-3
1016,5,222,76,76,confirmed_exefs,mh3g-exefs-armor-table-record-2-3
1017,1,226,76,76,confirmed_exefs,mh3g-exefs-armor-table-record-2-3
1018,2,219,76,76,confirmed_exefs,mh3g-exefs-armor-table-record-2-3
1019,3,223,76,76,confirmed_exefs,mh3g-exefs-armor-table-record-2-3
1020,4,225,76,76,confirmed_exefs,mh3g-exefs-armor-table-record-2-3
1021,5,223,78,78,confirmed_exefs,mh3g-exefs-armor-table-record-2-3
1022,1,227,78,78,confirmed_exefs,mh3g-exefs-armor-table-record-2-3
1023,2,220,78,78,confirmed_exefs,mh3g-exefs-armor-table-record-2-3
1024,3,224,78,78,confirmed_exefs,mh3g-exefs-armor-table-record-2-3
1025,4,226,78,78,confirmed_exefs,mh3g-exefs-armor-table-record-2-3
1026,5,224,78,78,confirmed_exefs,mh3g-exefs-armor-table-record-2-3
1027,1,228,78,78,confirmed_exefs,mh3g-exefs-armor-table-record-2-3
1028,2,221,78,78,confirmed_exefs,mh3g-exefs-armor-table-record-2-3
1029,3,225,78,78,confirmed_exefs,mh3g-exefs-armor-table-record-2-3
1030,4,,78,78,exact_shared_appearance,dex-image-key-to-confirmed-exefs-model
1031,5,225,77,77,confirmed_exefs,mh3g-exefs-armor-table-record-2-3
1032,1,229,77,77,confirmed_exefs,mh3g-exefs-armor-table-record-2-3
1033,2,222,77,77,confirmed_exefs,mh3g-exefs-armor-table-record-2-3
1034,3,226,77,77,confirmed_exefs,mh3g-exefs-armor-table-record-2-3
1035,4,228,77,77,confirmed_exefs,mh3g-exefs-armor-table-record-2-3
1036,5,226,77,77,confirmed_exefs,mh3g-exefs-armor-table-record-2-3
1037,1,230,77,77,confirmed_exefs,mh3g-exefs-armor-table-record-2-3
1038,2,223,77,77,confirmed_exefs,mh3g-exefs-armor-table-record-2-3
1039,3,227,77,77,confirmed_exefs,mh3g-exefs-armor-table-record-2-3
1040,4,229,77,77,confirmed_exefs,mh3g-exefs-armor-table-record-2-3
1041,5,207,18,18,confirmed_exefs,mh3g-exefs-armor-table-record-2-3
1042,1,211,18,18,confirmed_exefs,mh3g-exefs-armor-table-record-2-3
1043,2,206,18,18,confirmed_exefs,mh3g-exefs-armor-table-record-2-3
1044,3,210,18,18,confirmed_exefs,mh3g-exefs-armor-table-record-2-3
1045,4,212,18,18,confirmed_exefs,mh3g-exefs-armor-table-record-2-3
1046,5,208,19,19,confirmed_exefs,mh3g-exefs-armor-table-record-2-3
1047,1,212,19,19,confirmed_exefs,mh3g-exefs-armor-table-record-2-3
1048,2,207,19,19,confirmed_exefs,mh3g-exefs-armor-table-record-2-3
1049,3,211,19,19,confirmed_exefs,mh3g-exefs-armor-table-record-2-3
1050,4,213,19,19,confirmed_exefs,mh3g-exefs-armor-table-record-2-3
1051,5,335,0,134,confirmed_exefs,mh3g-exefs-armor-table-record-2-3
1052,1,343,0,134,confirmed_exefs,mh3g-exefs-armor-table-record-2-3
1053,2,,0,134,exact_shared_appearance,dex-image-key-to-confirmed-exefs-model
1054,3,338,0,134,confirmed_exefs,mh3g-exefs-armor-table-record-2-3
1055,4,342,0,134,confirmed_exefs,mh3g-exefs-armor-table-record-2-3
1056,5,336,0,134,confirmed_exefs,mh3g-exefs-armor-table-record-2-3
1057,1,344,0,134,confirmed_exefs,mh3g-exefs-armor-table-record-2-3
1058,2,335,0,134,confirmed_exefs,mh3g-exefs-armor-table-record-2-3
1059,3,339,0,134,confirmed_exefs,mh3g-exefs-armor-table-record-2-3
1060,4,343,0,134,confirmed_exefs,mh3g-exefs-armor-table-record-2-3
1061,5,345,0,207,confirmed_exefs,mh3g-exefs-armor-table-record-2-3
1062,1,353,0,207,confirmed_exefs,mh3g-exefs-armor-table-record-2-3
1063,2,344,0,207,confirmed_exefs,mh3g-exefs-armor-table-record-2-3
1064,3,348,0,207,confirmed_exefs,mh3g-exefs-armor-table-record-2-3
1065,4,352,0,207,confirmed_exefs,mh3g-exefs-armor-table-record-2-3
1066,5,346,0,207,confirmed_exefs,mh3g-exefs-armor-table-record-2-3
1067,1,354,0,207,confirmed_exefs,mh3g-exefs-armor-table-record-2-3
1068,2,345,0,207,confirmed_exefs,mh3g-exefs-armor-table-record-2-3
1069,3,349,0,207,confirmed_exefs,mh3g-exefs-armor-table-record-2-3
1070,4,353,0,207,confirmed_exefs,mh3g-exefs-armor-table-record-2-3
1071,5,227,92,92,confirmed_exefs,mh3g-exefs-armor-table-record-2-3
1072,1,231,92,92,confirmed_exefs,mh3g-exefs-armor-table-record-2-3
1073,2,224,92,92,confirmed_exefs,mh3g-exefs-armor-table-record-2-3
1074,3,228,92,92,confirmed_exefs,mh3g-exefs-armor-table-record-2-3
1075,4,230,92,92,confirmed_exefs,mh3g-exefs-armor-table-record-2-3
1076,5,228,93,93,confirmed_exefs,mh3g-exefs-armor-table-record-2-3
1077,1,232,93,93,confirmed_exefs,mh3g-exefs-armor-table-record-2-3
1078,2,225,93,93,confirmed_exefs,mh3g-exefs-armor-table-record-2-3
1079,3,229,93,93,confirmed_exefs,mh3g-exefs-armor-table-record-2-3
1080,4,231,93,93,confirmed_exefs,mh3g-exefs-armor-table-record-2-3
1081,5,229,157,157,confirmed_exefs,mh3g-exefs-armor-table-record-2-3
1082,1,233,157,157,confirmed_exefs,mh3g-exefs-armor-table-record-2-3
1083,2,226,157,157,confirmed_exefs,mh3g-exefs-armor-table-record-2-3
1084,3,230,157,157,confirmed_exefs,mh3g-exefs-armor-table-record-2-3
1085,4,232,157,157,confirmed_exefs,mh3g-exefs-armor-table-record-2-3
1086,5,230,158,158,confirmed_exefs,mh3g-exefs-armor-table-record-2-3
1087,1,234,158,158,confirmed_exefs,mh3g-exefs-armor-table-record-2-3
1088,2,227,158,158,confirmed_exefs,mh3g-exefs-armor-table-record-2-3
1089,3,231,158,158,confirmed_exefs,mh3g-exefs-armor-table-record-2-3
1090,4,233,158,158,confirmed_exefs,mh3g-exefs-armor-table-record-2-3
1091,5,231,104,104,confirmed_exefs,mh3g-exefs-armor-table-record-2-3
1092,1,235,104,104,confirmed_exefs,mh3g-exefs-armor-table-record-2-3
1093,2,228,104,104,confirmed_exefs,mh3g-exefs-armor-table-record-2-3
1094,3,232,104,104,confirmed_exefs,mh3g-exefs-armor-table-record-2-3
1095,4,234,104,104,confirmed_exefs,mh3g-exefs-armor-table-record-2-3
1096,5,232,105,105,confirmed_exefs,mh3g-exefs-armor-table-record-2-3
1097,1,236,105,105,confirmed_exefs,mh3g-exefs-armor-table-record-2-3
1098,2,229,105,105,confirmed_exefs,mh3g-exefs-armor-table-record-2-3
1099,3,233,105,105,confirmed_exefs,mh3g-exefs-armor-table-record-2-3
1100,4,235,105,105,confirmed_exefs,mh3g-exefs-armor-table-record-2-3
1101,5,233,165,165,confirmed_exefs,mh3g-exefs-armor-table-record-2-3
1102,1,237,165,165,confirmed_exefs,mh3g-exefs-armor-table-record-2-3
1103,2,230,165,165,confirmed_exefs,mh3g-exefs-armor-table-record-2-3
1104,3,234,165,165,confirmed_exefs,mh3g-exefs-armor-table-record-2-3
1105,4,236,165,165,confirmed_exefs,mh3g-exefs-armor-table-record-2-3
1106,5,234,166,166,confirmed_exefs,mh3g-exefs-armor-table-record-2-3
1107,1,238,166,166,confirmed_exefs,mh3g-exefs-armor-table-record-2-3
1108,2,231,166,166,confirmed_exefs,mh3g-exefs-armor-table-record-2-3
1109,3,235,166,166,confirmed_exefs,mh3g-exefs-armor-table-record-2-3
1110,4,237,166,166,confirmed_exefs,mh3g-exefs-armor-table-record-2-3
1111,1,341,128,128,confirmed_exefs,mh3g-exefs-armor-table-record-2-3
1112,2,332,128,128,confirmed_exefs,mh3g-exefs-armor-table-record-2-3
1113,4,340,128,128,confirmed_exefs,mh3g-exefs-armor-table-record-2-3
1114,1,342,128,128,confirmed_exefs,mh3g-exefs-armor-table-record-2-3
1115,2,333,128,128,confirmed_exefs,mh3g-exefs-armor-table-record-2-3
1116,4,341,128,128,confirmed_exefs,mh3g-exefs-armor-table-record-2-3
1117,5,315,68,68,confirmed_exefs,mh3g-exefs-armor-table-record-2-3
1118,1,319,68,68,confirmed_exefs,mh3g-exefs-armor-table-record-2-3
1119,2,312,68,68,confirmed_exefs,mh3g-exefs-armor-table-record-2-3
1120,4,318,68,68,confirmed_exefs,mh3g-exefs-armor-table-record-2-3
1121,5,316,69,69,confirmed_exefs,mh3g-exefs-armor-table-record-2-3
1122,1,320,69,69,confirmed_exefs,mh3g-exefs-armor-table-record-2-3
1123,2,313,69,69,confirmed_exefs,mh3g-exefs-armor-table-record-2-3
1124,4,319,69,69,confirmed_exefs,mh3g-exefs-armor-table-record-2-3
1125,5,317,211,211,confirmed_exefs,mh3g-exefs-armor-table-record-2-3
1126,1,321,211,211,confirmed_exefs,mh3g-exefs-armor-table-record-2-3
1127,2,314,211,211,confirmed_exefs,mh3g-exefs-armor-table-record-2-3
1128,4,320,211,211,confirmed_exefs,mh3g-exefs-armor-table-record-2-3
1129,5,318,212,212,confirmed_exefs,mh3g-exefs-armor-table-record-2-3
1130,1,322,212,212,confirmed_exefs,mh3g-exefs-armor-table-record-2-3
1131,2,315,212,212,confirmed_exefs,mh3g-exefs-armor-table-record-2-3
1132,4,321,212,212,confirmed_exefs,mh3g-exefs-armor-table-record-2-3
1133,5,247,84,84,confirmed_exefs,mh3g-exefs-armor-table-record-2-3
1134,1,251,84,84,confirmed_exefs,mh3g-exefs-armor-table-record-2-3
1135,2,244,84,84,confirmed_exefs,mh3g-exefs-armor-table-record-2-3
1136,3,248,84,84,confirmed_exefs,mh3g-exefs-armor-table-record-2-3
1137,4,250,84,84,confirmed_exefs,mh3g-exefs-armor-table-record-2-3
1138,5,248,85,85,confirmed_exefs,mh3g-exefs-armor-table-record-2-3
1139,1,252,85,85,confirmed_exefs,mh3g-exefs-armor-table-record-2-3
1140,2,245,85,85,confirmed_exefs,mh3g-exefs-armor-table-record-2-3
1141,3,249,85,85,confirmed_exefs,mh3g-exefs-armor-table-record-2-3
1142,4,251,85,85,confirmed_exefs,mh3g-exefs-armor-table-record-2-3
1143,5,249,149,149,confirmed_exefs,mh3g-exefs-armor-table-record-2-3
1144,1,253,149,149,confirmed_exefs,mh3g-exefs-armor-table-record-2-3
1145,2,246,149,149,confirmed_exefs,mh3g-exefs-armor-table-record-2-3
1146,3,250,149,149,confirmed_exefs,mh3g-exefs-armor-table-record-2-3
1147,4,252,149,149,confirmed_exefs,mh3g-exefs-armor-table-record-2-3
1148,5,250,150,150,confirmed_exefs,mh3g-exefs-armor-table-record-2-3
1149,1,254,150,150,confirmed_exefs,mh3g-exefs-armor-table-record-2-3
1150,2,247,150,150,confirmed_exefs,mh3g-exefs-armor-table-record-2-3
1151,3,251,150,150,confirmed_exefs,mh3g-exefs-armor-table-record-2-3
1152,4,253,150,150,confirmed_exefs,mh3g-exefs-armor-table-record-2-3
1153,5,339,59,0,confirmed_exefs,mh3g-exefs-armor-table-record-2-3
1154,1,347,59,0,confirmed_exefs,mh3g-exefs-armor-table-record-2-3
1155,2,338,59,0,confirmed_exefs,mh3g-exefs-armor-table-record-2-3
1156,3,342,59,0,confirmed_exefs,mh3g-exefs-armor-table-record-2-3
1157,4,346,59,0,confirmed_exefs,mh3g-exefs-armor-table-record-2-3
1158,5,340,59,0,confirmed_exefs,mh3g-exefs-armor-table-record-2-3
1159,1,348,59,0,confirmed_exefs,mh3g-exefs-armor-table-record-2-3
1160,2,339,59,0,confirmed_exefs,mh3g-exefs-armor-table-record-2-3
1161,3,343,59,0,confirmed_exefs,mh3g-exefs-armor-table-record-2-3
1162,4,347,59,0,confirmed_exefs,mh3g-exefs-armor-table-record-2-3
1163,5,341,0,59,confirmed_exefs,mh3g-exefs-armor-table-record-2-3
1164,1,349,0,59,confirmed_exefs,mh3g-exefs-armor-table-record-2-3
1165,2,340,0,59,confirmed_exefs,mh3g-exefs-armor-table-record-2-3
1166,3,344,0,59,confirmed_exefs,mh3g-exefs-armor-table-record-2-3
1167,4,348,0,59,confirmed_exefs,mh3g-exefs-armor-table-record-2-3
1168,5,342,0,59,confirmed_exefs,mh3g-exefs-armor-table-record-2-3
1169,1,350,0,59,confirmed_exefs,mh3g-exefs-armor-table-record-2-3
1170,2,341,0,59,confirmed_exefs,mh3g-exefs-armor-table-record-2-3
1171,3,345,0,59,confirmed_exefs,mh3g-exefs-armor-table-record-2-3
1172,4,349,0,59,confirmed_exefs,mh3g-exefs-armor-table-record-2-3
1173,5,337,37,37,confirmed_exefs,mh3g-exefs-armor-table-record-2-3
1174,1,345,37,37,confirmed_exefs,mh3g-exefs-armor-table-record-2-3
1175,2,336,37,37,confirmed_exefs,mh3g-exefs-armor-table-record-2-3
1176,3,340,37,37,confirmed_exefs,mh3g-exefs-armor-table-record-2-3
1177,4,344,37,37,confirmed_exefs,mh3g-exefs-armor-table-record-2-3
1178,5,338,38,38,confirmed_exefs,mh3g-exefs-armor-table-record-2-3
1179,1,346,38,38,confirmed_exefs,mh3g-exefs-armor-table-record-2-3
1180,2,337,38,38,confirmed_exefs,mh3g-exefs-armor-table-record-2-3
1181,3,341,38,38,confirmed_exefs,mh3g-exefs-armor-table-record-2-3
1182,4,,38,38,exact_shared_appearance,dex-image-key-to-confirmed-exefs-model
1183,5,263,96,96,confirmed_exefs,mh3g-exefs-armor-table-record-2-3
1184,1,267,96,96,confirmed_exefs,mh3g-exefs-armor-table-record-2-3
1185,2,260,96,96,confirmed_exefs,mh3g-exefs-armor-table-record-2-3
1186,3,264,96,96,confirmed_exefs,mh3g-exefs-armor-table-record-2-3
1187,4,266,96,96,confirmed_exefs,mh3g-exefs-armor-table-record-2-3
1188,5,264,97,97,confirmed_exefs,mh3g-exefs-armor-table-record-2-3
1189,1,268,97,97,confirmed_exefs,mh3g-exefs-armor-table-record-2-3
1190,2,261,97,97,confirmed_exefs,mh3g-exefs-armor-table-record-2-3
1191,3,265,97,97,confirmed_exefs,mh3g-exefs-armor-table-record-2-3
1192,4,267,97,97,confirmed_exefs,mh3g-exefs-armor-table-record-2-3
1193,5,265,135,135,confirmed_exefs,mh3g-exefs-armor-table-record-2-3
1194,1,269,135,135,confirmed_exefs,mh3g-exefs-armor-table-record-2-3
1195,2,262,135,135,confirmed_exefs,mh3g-exefs-armor-table-record-2-3
1196,3,266,135,135,confirmed_exefs,mh3g-exefs-armor-table-record-2-3
1197,4,268,135,135,confirmed_exefs,mh3g-exefs-armor-table-record-2-3
1198,5,266,136,136,confirmed_exefs,mh3g-exefs-armor-table-record-2-3
1199,1,270,136,136,confirmed_exefs,mh3g-exefs-armor-table-record-2-3
1200,2,263,136,136,confirmed_exefs,mh3g-exefs-armor-table-record-2-3
1201,3,267,136,136,confirmed_exefs,mh3g-exefs-armor-table-record-2-3
1202,4,269,136,136,confirmed_exefs,mh3g-exefs-armor-table-record-2-3
1203,5,235,100,100,confirmed_exefs,mh3g-exefs-armor-table-record-2-3
1204,1,239,100,100,confirmed_exefs,mh3g-exefs-armor-table-record-2-3
1205,2,232,100,100,confirmed_exefs,mh3g-exefs-armor-table-record-2-3
1206,3,236,100,100,confirmed_exefs,mh3g-exefs-armor-table-record-2-3
1207,4,238,100,100,confirmed_exefs,mh3g-exefs-armor-table-record-2-3
1208,5,236,101,101,confirmed_exefs,mh3g-exefs-armor-table-record-2-3
1209,1,240,101,101,confirmed_exefs,mh3g-exefs-armor-table-record-2-3
1210,2,233,101,101,confirmed_exefs,mh3g-exefs-armor-table-record-2-3
1211,3,237,101,101,confirmed_exefs,mh3g-exefs-armor-table-record-2-3
1212,4,239,101,101,confirmed_exefs,mh3g-exefs-armor-table-record-2-3
1213,5,237,163,163,confirmed_exefs,mh3g-exefs-armor-table-record-2-3
1214,1,241,163,163,confirmed_exefs,mh3g-exefs-armor-table-record-2-3
1215,2,234,163,163,confirmed_exefs,mh3g-exefs-armor-table-record-2-3
1216,3,238,163,163,confirmed_exefs,mh3g-exefs-armor-table-record-2-3
1217,4,240,163,163,confirmed_exefs,mh3g-exefs-armor-table-record-2-3
1218,5,238,164,164,confirmed_exefs,mh3g-exefs-armor-table-record-2-3
1219,1,242,164,164,confirmed_exefs,mh3g-exefs-armor-table-record-2-3
1220,2,235,164,164,confirmed_exefs,mh3g-exefs-armor-table-record-2-3
1221,3,239,164,164,confirmed_exefs,mh3g-exefs-armor-table-record-2-3
1222,4,241,164,164,confirmed_exefs,mh3g-exefs-armor-table-record-2-3
1223,5,239,118,118,confirmed_exefs,mh3g-exefs-armor-table-record-2-3
1224,1,243,118,118,confirmed_exefs,mh3g-exefs-armor-table-record-2-3
1225,2,236,118,118,confirmed_exefs,mh3g-exefs-armor-table-record-2-3
1226,3,240,118,118,confirmed_exefs,mh3g-exefs-armor-table-record-2-3
1227,4,242,118,118,confirmed_exefs,mh3g-exefs-armor-table-record-2-3
1228,5,240,119,119,confirmed_exefs,mh3g-exefs-armor-table-record-2-3
1229,1,244,119,119,confirmed_exefs,mh3g-exefs-armor-table-record-2-3
1230,2,237,119,119,confirmed_exefs,mh3g-exefs-armor-table-record-2-3
1231,3,241,119,119,confirmed_exefs,mh3g-exefs-armor-table-record-2-3
1232,4,243,119,119,confirmed_exefs,mh3g-exefs-armor-table-record-2-3
1233,5,259,94,94,confirmed_exefs,mh3g-exefs-armor-table-record-2-3
1234,1,263,94,94,confirmed_exefs,mh3g-exefs-armor-table-record-2-3
1235,2,256,94,94,confirmed_exefs,mh3g-exefs-armor-table-record-2-3
1236,3,260,94,94,confirmed_exefs,mh3g-exefs-armor-table-record-2-3
1237,4,262,94,94,confirmed_exefs,mh3g-exefs-armor-table-record-2-3
1238,5,260,95,95,confirmed_exefs,mh3g-exefs-armor-table-record-2-3
1239,1,264,95,95,confirmed_exefs,mh3g-exefs-armor-table-record-2-3
1240,2,257,95,95,confirmed_exefs,mh3g-exefs-armor-table-record-2-3
1241,3,261,95,95,confirmed_exefs,mh3g-exefs-armor-table-record-2-3
1242,4,263,95,95,confirmed_exefs,mh3g-exefs-armor-table-record-2-3
1243,5,261,159,159,confirmed_exefs,mh3g-exefs-armor-table-record-2-3
1244,1,265,159,159,confirmed_exefs,mh3g-exefs-armor-table-record-2-3
1245,2,258,159,159,confirmed_exefs,mh3g-exefs-armor-table-record-2-3
1246,3,262,159,159,confirmed_exefs,mh3g-exefs-armor-table-record-2-3
1247,4,264,159,159,confirmed_exefs,mh3g-exefs-armor-table-record-2-3
1248,5,262,160,160,confirmed_exefs,mh3g-exefs-armor-table-record-2-3
1249,1,266,160,160,confirmed_exefs,mh3g-exefs-armor-table-record-2-3
1250,2,259,160,160,confirmed_exefs,mh3g-exefs-armor-table-record-2-3
1251,3,263,160,160,confirmed_exefs,mh3g-exefs-armor-table-record-2-3
1252,4,265,160,160,confirmed_exefs,mh3g-exefs-armor-table-record-2-3
1253,5,303,122,122,confirmed_exefs,mh3g-exefs-armor-table-record-2-3
1254,1,307,122,122,confirmed_exefs,mh3g-exefs-armor-table-record-2-3
1255,2,300,122,122,confirmed_exefs,mh3g-exefs-armor-table-record-2-3
1256,3,304,122,122,confirmed_exefs,mh3g-exefs-armor-table-record-2-3
1257,4,306,122,122,confirmed_exefs,mh3g-exefs-armor-table-record-2-3
1258,5,304,123,123,confirmed_exefs,mh3g-exefs-armor-table-record-2-3
1259,1,308,123,123,confirmed_exefs,mh3g-exefs-armor-table-record-2-3
1260,2,301,123,123,confirmed_exefs,mh3g-exefs-armor-table-record-2-3
1261,3,305,123,123,confirmed_exefs,mh3g-exefs-armor-table-record-2-3
1262,4,307,123,123,confirmed_exefs,mh3g-exefs-armor-table-record-2-3
1263,5,305,124,124,confirmed_exefs,mh3g-exefs-armor-table-record-2-3
1264,1,309,124,124,confirmed_exefs,mh3g-exefs-armor-table-record-2-3
1265,2,302,124,124,confirmed_exefs,mh3g-exefs-armor-table-record-2-3
1266,3,306,124,124,confirmed_exefs,mh3g-exefs-armor-table-record-2-3
1267,4,308,124,124,confirmed_exefs,mh3g-exefs-armor-table-record-2-3
1268,5,306,125,125,confirmed_exefs,mh3g-exefs-armor-table-record-2-3
1269,1,310,125,125,confirmed_exefs,mh3g-exefs-armor-table-record-2-3
1270,2,303,125,125,confirmed_exefs,mh3g-exefs-armor-table-record-2-3
1271,3,307,125,125,confirmed_exefs,mh3g-exefs-armor-table-record-2-3
1272,4,309,125,125,confirmed_exefs,mh3g-exefs-armor-table-record-2-3
1273,5,307,139,139,confirmed_exefs,mh3g-exefs-armor-table-record-2-3
1274,1,311,139,139,confirmed_exefs,mh3g-exefs-armor-table-record-2-3
1275,2,304,139,139,confirmed_exefs,mh3g-exefs-armor-table-record-2-3
1276,3,308,139,139,confirmed_exefs,mh3g-exefs-armor-table-record-2-3
1277,4,310,139,139,confirmed_exefs,mh3g-exefs-armor-table-record-2-3
1278,5,308,140,140,confirmed_exefs,mh3g-exefs-armor-table-record-2-3
1279,1,312,140,140,confirmed_exefs,mh3g-exefs-armor-table-record-2-3
1280,2,305,140,140,confirmed_exefs,mh3g-exefs-armor-table-record-2-3
1281,3,309,140,140,confirmed_exefs,mh3g-exefs-armor-table-record-2-3
1282,4,311,140,140,confirmed_exefs,mh3g-exefs-armor-table-record-2-3
1283,5,309,132,132,confirmed_exefs,mh3g-exefs-armor-table-record-2-3
1284,1,313,132,132,confirmed_exefs,mh3g-exefs-armor-table-record-2-3
1285,2,306,132,132,confirmed_exefs,mh3g-exefs-armor-table-record-2-3
1286,3,310,132,132,confirmed_exefs,mh3g-exefs-armor-table-record-2-3
1287,4,312,132,132,confirmed_exefs,mh3g-exefs-armor-table-record-2-3
1288,5,310,133,133,confirmed_exefs,mh3g-exefs-armor-table-record-2-3
1289,1,314,133,133,confirmed_exefs,mh3g-exefs-armor-table-record-2-3
1290,2,307,133,133,confirmed_exefs,mh3g-exefs-armor-table-record-2-3
1291,3,311,133,133,confirmed_exefs,mh3g-exefs-armor-table-record-2-3
1292,4,313,133,133,confirmed_exefs,mh3g-exefs-armor-table-record-2-3
1293,5,311,193,193,confirmed_exefs,mh3g-exefs-armor-table-record-2-3
1294,1,315,193,193,confirmed_exefs,mh3g-exefs-armor-table-record-2-3
1295,2,308,193,193,confirmed_exefs,mh3g-exefs-armor-table-record-2-3
1296,3,312,193,193,confirmed_exefs,mh3g-exefs-armor-table-record-2-3
1297,4,314,193,193,confirmed_exefs,mh3g-exefs-armor-table-record-2-3
1298,5,312,194,194,confirmed_exefs,mh3g-exefs-armor-table-record-2-3
1299,1,316,194,194,confirmed_exefs,mh3g-exefs-armor-table-record-2-3
1300,2,309,194,194,confirmed_exefs,mh3g-exefs-armor-table-record-2-3
1301,3,313,194,194,confirmed_exefs,mh3g-exefs-armor-table-record-2-3
1302,4,315,194,194,confirmed_exefs,mh3g-exefs-armor-table-record-2-3
1303,5,279,112,0,confirmed_exefs,mh3g-exefs-armor-table-record-2-3
1304,1,283,112,0,confirmed_exefs,mh3g-exefs-armor-table-record-2-3
1305,2,276,112,0,confirmed_exefs,mh3g-exefs-armor-table-record-2-3
1306,3,280,112,0,confirmed_exefs,mh3g-exefs-armor-table-record-2-3
1307,4,282,112,0,confirmed_exefs,mh3g-exefs-armor-table-record-2-3
1308,5,280,113,0,confirmed_exefs,mh3g-exefs-armor-table-record-2-3
1309,1,284,113,0,confirmed_exefs,mh3g-exefs-armor-table-record-2-3
1310,2,277,113,0,confirmed_exefs,mh3g-exefs-armor-table-record-2-3
1311,3,281,113,0,confirmed_exefs,mh3g-exefs-armor-table-record-2-3
1312,4,283,113,0,confirmed_exefs,mh3g-exefs-armor-table-record-2-3
1313,5,283,0,112,confirmed_exefs,mh3g-exefs-armor-table-record-2-3
1314,1,287,0,112,confirmed_exefs,mh3g-exefs-armor-table-record-2-3
1315,2,280,0,112,confirmed_exefs,mh3g-exefs-armor-table-record-2-3
1316,3,284,0,112,confirmed_exefs,mh3g-exefs-armor-table-record-2-3
1317,4,286,0,112,confirmed_exefs,mh3g-exefs-armor-table-record-2-3
1318,5,284,0,113,confirmed_exefs,mh3g-exefs-armor-table-record-2-3
1319,1,288,0,113,confirmed_exefs,mh3g-exefs-armor-table-record-2-3
1320,2,281,0,113,confirmed_exefs,mh3g-exefs-armor-table-record-2-3
1321,3,285,0,113,confirmed_exefs,mh3g-exefs-armor-table-record-2-3
1322,4,287,0,113,confirmed_exefs,mh3g-exefs-armor-table-record-2-3
1323,5,281,197,0,confirmed_exefs,mh3g-exefs-armor-table-record-2-3
1324,1,285,197,0,confirmed_exefs,mh3g-exefs-armor-table-record-2-3
1325,2,278,197,0,confirmed_exefs,mh3g-exefs-armor-table-record-2-3
1326,3,282,197,0,confirmed_exefs,mh3g-exefs-armor-table-record-2-3
1327,4,284,197,0,confirmed_exefs,mh3g-exefs-armor-table-record-2-3
1328,5,282,198,0,confirmed_exefs,mh3g-exefs-armor-table-record-2-3
1329,1,286,198,0,confirmed_exefs,mh3g-exefs-armor-table-record-2-3
1330,2,279,198,0,confirmed_exefs,mh3g-exefs-armor-table-record-2-3
1331,3,283,198,0,confirmed_exefs,mh3g-exefs-armor-table-record-2-3
1332,4,285,198,0,confirmed_exefs,mh3g-exefs-armor-table-record-2-3
1333,5,285,0,197,confirmed_exefs,mh3g-exefs-armor-table-record-2-3
1334,1,289,0,197,confirmed_exefs,mh3g-exefs-armor-table-record-2-3
1335,2,282,0,197,confirmed_exefs,mh3g-exefs-armor-table-record-2-3
1336,3,286,0,197,confirmed_exefs,mh3g-exefs-armor-table-record-2-3
1337,4,288,0,197,confirmed_exefs,mh3g-exefs-armor-table-record-2-3
1338,5,286,0,198,confirmed_exefs,mh3g-exefs-armor-table-record-2-3
1339,1,290,0,198,confirmed_exefs,mh3g-exefs-armor-table-record-2-3
1340,2,283,0,198,confirmed_exefs,mh3g-exefs-armor-table-record-2-3
1341,3,287,0,198,confirmed_exefs,mh3g-exefs-armor-table-record-2-3
1342,4,289,0,198,confirmed_exefs,mh3g-exefs-armor-table-record-2-3
1343,5,329,130,0,confirmed_exefs,mh3g-exefs-armor-table-record-2-3
1344,1,335,130,0,confirmed_exefs,mh3g-exefs-armor-table-record-2-3
1345,2,326,130,0,confirmed_exefs,mh3g-exefs-armor-table-record-2-3
1346,3,332,130,0,confirmed_exefs,mh3g-exefs-armor-table-record-2-3
1347,4,334,130,0,confirmed_exefs,mh3g-exefs-armor-table-record-2-3
1348,5,330,130,0,confirmed_exefs,mh3g-exefs-armor-table-record-2-3
1349,1,336,130,0,confirmed_exefs,mh3g-exefs-armor-table-record-2-3
1350,2,327,130,0,confirmed_exefs,mh3g-exefs-armor-table-record-2-3
1351,3,333,130,0,confirmed_exefs,mh3g-exefs-armor-table-record-2-3
1352,4,335,130,0,confirmed_exefs,mh3g-exefs-armor-table-record-2-3
1353,5,331,0,130,confirmed_exefs,mh3g-exefs-armor-table-record-2-3
1354,1,337,0,130,confirmed_exefs,mh3g-exefs-armor-table-record-2-3
1355,2,328,0,130,confirmed_exefs,mh3g-exefs-armor-table-record-2-3
1356,3,334,0,130,confirmed_exefs,mh3g-exefs-armor-table-record-2-3
1357,4,336,0,130,confirmed_exefs,mh3g-exefs-armor-table-record-2-3
1358,5,332,0,130,confirmed_exefs,mh3g-exefs-armor-table-record-2-3
1359,1,338,0,130,confirmed_exefs,mh3g-exefs-armor-table-record-2-3
1360,2,329,0,130,confirmed_exefs,mh3g-exefs-armor-table-record-2-3
1361,3,335,0,130,confirmed_exefs,mh3g-exefs-armor-table-record-2-3
1362,4,337,0,130,confirmed_exefs,mh3g-exefs-armor-table-record-2-3
1363,5,,86,86,exact_shared_appearance,dex-image-key-to-confirmed-exefs-model
1364,1,245,86,86,confirmed_exefs,mh3g-exefs-armor-table-record-2-3
1365,2,238,86,86,confirmed_exefs,mh3g-exefs-armor-table-record-2-3
1366,3,242,86,86,confirmed_exefs,mh3g-exefs-armor-table-record-2-3
1367,4,244,86,86,confirmed_exefs,mh3g-exefs-armor-table-record-2-3
1368,5,,87,87,exact_shared_appearance,dex-image-key-to-confirmed-exefs-model
1369,1,246,87,87,confirmed_exefs,mh3g-exefs-armor-table-record-2-3
1370,2,239,87,87,confirmed_exefs,mh3g-exefs-armor-table-record-2-3
1371,3,243,87,87,confirmed_exefs,mh3g-exefs-armor-table-record-2-3
1372,4,245,87,87,confirmed_exefs,mh3g-exefs-armor-table-record-2-3
1373,5,243,153,153,confirmed_exefs,mh3g-exefs-armor-table-record-2-3
1374,1,247,153,153,confirmed_exefs,mh3g-exefs-armor-table-record-2-3
1375,2,240,153,153,confirmed_exefs,mh3g-exefs-armor-table-record-2-3
1376,3,244,153,153,confirmed_exefs,mh3g-exefs-armor-table-record-2-3
1377,4,246,153,153,confirmed_exefs,mh3g-exefs-armor-table-record-2-3
1378,5,244,154,154,confirmed_exefs,mh3g-exefs-armor-table-record-2-3
1379,1,248,154,154,confirmed_exefs,mh3g-exefs-armor-table-record-2-3
1380,2,241,154,154,confirmed_exefs,mh3g-exefs-armor-table-record-2-3
1381,3,245,154,154,confirmed_exefs,mh3g-exefs-armor-table-record-2-3
1382,4,247,154,154,confirmed_exefs,mh3g-exefs-armor-table-record-2-3
1383,5,267,98,98,confirmed_exefs,mh3g-exefs-armor-table-record-2-3
1384,1,271,98,98,confirmed_exefs,mh3g-exefs-armor-table-record-2-3
1385,2,264,98,98,confirmed_exefs,mh3g-exefs-armor-table-record-2-3
1386,3,268,98,98,confirmed_exefs,mh3g-exefs-armor-table-record-2-3
1387,4,270,98,98,confirmed_exefs,mh3g-exefs-armor-table-record-2-3
1388,5,268,99,99,confirmed_exefs,mh3g-exefs-armor-table-record-2-3
1389,1,272,99,99,confirmed_exefs,mh3g-exefs-armor-table-record-2-3
1390,2,265,99,99,confirmed_exefs,mh3g-exefs-armor-table-record-2-3
1391,3,269,99,99,confirmed_exefs,mh3g-exefs-armor-table-record-2-3
1392,4,271,99,99,confirmed_exefs,mh3g-exefs-armor-table-record-2-3
1393,5,269,161,161,confirmed_exefs,mh3g-exefs-armor-table-record-2-3
1394,1,273,161,161,confirmed_exefs,mh3g-exefs-armor-table-record-2-3
1395,2,266,161,161,confirmed_exefs,mh3g-exefs-armor-table-record-2-3
1396,3,,161,161,exact_shared_appearance,dex-image-key-to-confirmed-exefs-model
1397,4,272,161,161,confirmed_exefs,mh3g-exefs-armor-table-record-2-3
1398,5,270,162,162,confirmed_exefs,mh3g-exefs-armor-table-record-2-3
1399,1,274,162,162,confirmed_exefs,mh3g-exefs-armor-table-record-2-3
1400,2,267,162,162,confirmed_exefs,mh3g-exefs-armor-table-record-2-3
1401,3,271,162,162,confirmed_exefs,mh3g-exefs-armor-table-record-2-3
1402,4,273,162,162,confirmed_exefs,mh3g-exefs-armor-table-record-2-3
1403,5,275,106,106,confirmed_exefs,mh3g-exefs-armor-table-record-2-3
1404,1,279,106,106,confirmed_exefs,mh3g-exefs-armor-table-record-2-3
1405,2,272,106,106,confirmed_exefs,mh3g-exefs-armor-table-record-2-3
1406,3,276,106,106,confirmed_exefs,mh3g-exefs-armor-table-record-2-3
1407,4,278,106,106,confirmed_exefs,mh3g-exefs-armor-table-record-2-3
1408,5,276,107,107,confirmed_exefs,mh3g-exefs-armor-table-record-2-3
1409,1,280,107,107,confirmed_exefs,mh3g-exefs-armor-table-record-2-3
1410,2,273,107,107,confirmed_exefs,mh3g-exefs-armor-table-record-2-3
1411,3,277,107,107,confirmed_exefs,mh3g-exefs-armor-table-record-2-3
1412,4,279,107,107,confirmed_exefs,mh3g-exefs-armor-table-record-2-3
1413,5,277,167,167,confirmed_exefs,mh3g-exefs-armor-table-record-2-3
1414,1,281,167,167,confirmed_exefs,mh3g-exefs-armor-table-record-2-3
1415,2,274,167,167,confirmed_exefs,mh3g-exefs-armor-table-record-2-3
1416,3,278,167,167,confirmed_exefs,mh3g-exefs-armor-table-record-2-3
1417,4,280,167,167,confirmed_exefs,mh3g-exefs-armor-table-record-2-3
1418,5,278,168,168,confirmed_exefs,mh3g-exefs-armor-table-record-2-3
1419,1,282,168,168,confirmed_exefs,mh3g-exefs-armor-table-record-2-3
1420,2,275,168,168,confirmed_exefs,mh3g-exefs-armor-table-record-2-3
1421,3,279,168,168,confirmed_exefs,mh3g-exefs-armor-table-record-2-3
1422,4,281,168,168,confirmed_exefs,mh3g-exefs-armor-table-record-2-3
1423,5,319,209,209,confirmed_exefs,mh3g-exefs-armor-table-record-2-3
1424,1,323,209,209,confirmed_exefs,mh3g-exefs-armor-table-record-2-3
1425,2,316,209,209,confirmed_exefs,mh3g-exefs-armor-table-record-2-3
1426,3,320,209,209,confirmed_exefs,mh3g-exefs-armor-table-record-2-3
1427,4,322,209,209,confirmed_exefs,mh3g-exefs-armor-table-record-2-3
1428,5,320,210,210,confirmed_exefs,mh3g-exefs-armor-table-record-2-3
1429,1,324,210,210,confirmed_exefs,mh3g-exefs-armor-table-record-2-3
1430,2,317,210,210,confirmed_exefs,mh3g-exefs-armor-table-record-2-3
1431,3,321,210,210,confirmed_exefs,mh3g-exefs-armor-table-record-2-3
1432,4,323,210,210,confirmed_exefs,mh3g-exefs-armor-table-record-2-3
1433,5,253,116,116,confirmed_exefs,mh3g-exefs-armor-table-record-2-3
1434,1,257,116,116,confirmed_exefs,mh3g-exefs-armor-table-record-2-3
1435,2,250,116,116,confirmed_exefs,mh3g-exefs-armor-table-record-2-3
1436,3,254,116,116,confirmed_exefs,mh3g-exefs-armor-table-record-2-3
1437,4,256,116,116,confirmed_exefs,mh3g-exefs-armor-table-record-2-3
1438,5,254,117,117,confirmed_exefs,mh3g-exefs-armor-table-record-2-3
1439,1,258,117,117,confirmed_exefs,mh3g-exefs-armor-table-record-2-3
1440,2,251,117,117,confirmed_exefs,mh3g-exefs-armor-table-record-2-3
1441,3,255,117,117,confirmed_exefs,mh3g-exefs-armor-table-record-2-3
1442,4,257,117,117,confirmed_exefs,mh3g-exefs-armor-table-record-2-3
1443,5,255,137,137,confirmed_exefs,mh3g-exefs-armor-table-record-2-3
1444,1,259,137,137,confirmed_exefs,mh3g-exefs-armor-table-record-2-3
1445,2,252,137,137,confirmed_exefs,mh3g-exefs-armor-table-record-2-3
1446,3,256,137,137,confirmed_exefs,mh3g-exefs-armor-table-record-2-3
1447,4,258,137,137,confirmed_exefs,mh3g-exefs-armor-table-record-2-3
1448,5,256,138,138,confirmed_exefs,mh3g-exefs-armor-table-record-2-3
1449,1,260,138,138,confirmed_exefs,mh3g-exefs-armor-table-record-2-3
1450,2,253,138,138,confirmed_exefs,mh3g-exefs-armor-table-record-2-3
1451,3,257,138,138,confirmed_exefs,mh3g-exefs-armor-table-record-2-3
1452,4,259,138,138,confirmed_exefs,mh3g-exefs-armor-table-record-2-3
1453,5,271,102,102,confirmed_exefs,mh3g-exefs-armor-table-record-2-3
1454,1,275,102,102,confirmed_exefs,mh3g-exefs-armor-table-record-2-3
1455,2,268,102,102,confirmed_exefs,mh3g-exefs-armor-table-record-2-3
1456,3,272,102,102,confirmed_exefs,mh3g-exefs-armor-table-record-2-3
1457,4,274,102,102,confirmed_exefs,mh3g-exefs-armor-table-record-2-3
1458,5,272,103,103,confirmed_exefs,mh3g-exefs-armor-table-record-2-3
1459,1,276,103,103,confirmed_exefs,mh3g-exefs-armor-table-record-2-3
1460,2,269,103,103,confirmed_exefs,mh3g-exefs-armor-table-record-2-3
1461,3,273,103,103,confirmed_exefs,mh3g-exefs-armor-table-record-2-3
1462,4,275,103,103,confirmed_exefs,mh3g-exefs-armor-table-record-2-3
1463,5,273,141,141,confirmed_exefs,mh3g-exefs-armor-table-record-2-3
1464,1,277,141,141,confirmed_exefs,mh3g-exefs-armor-table-record-2-3
1465,2,270,141,141,confirmed_exefs,mh3g-exefs-armor-table-record-2-3
1466,3,274,141,141,confirmed_exefs,mh3g-exefs-armor-table-record-2-3
1467,4,276,141,141,confirmed_exefs,mh3g-exefs-armor-table-record-2-3
1468,5,274,142,142,confirmed_exefs,mh3g-exefs-armor-table-record-2-3
1469,1,278,142,142,confirmed_exefs,mh3g-exefs-armor-table-record-2-3
1470,2,271,142,142,confirmed_exefs,mh3g-exefs-armor-table-record-2-3
1471,3,275,142,142,confirmed_exefs,mh3g-exefs-armor-table-record-2-3
1472,4,277,142,142,confirmed_exefs,mh3g-exefs-armor-table-record-2-3
1473,5,299,120,120,confirmed_exefs,mh3g-exefs-armor-table-record-2-3
1474,1,303,120,120,confirmed_exefs,mh3g-exefs-armor-table-record-2-3
1475,2,296,120,120,confirmed_exefs,mh3g-exefs-armor-table-record-2-3
1476,3,300,120,120,confirmed_exefs,mh3g-exefs-armor-table-record-2-3
1477,4,302,120,120,confirmed_exefs,mh3g-exefs-armor-table-record-2-3
1478,5,300,121,121,confirmed_exefs,mh3g-exefs-armor-table-record-2-3
1479,1,304,121,121,confirmed_exefs,mh3g-exefs-armor-table-record-2-3
1480,2,297,121,121,confirmed_exefs,mh3g-exefs-armor-table-record-2-3
1481,3,301,121,121,confirmed_exefs,mh3g-exefs-armor-table-record-2-3
1482,4,303,121,121,confirmed_exefs,mh3g-exefs-armor-table-record-2-3
1483,5,301,169,169,confirmed_exefs,mh3g-exefs-armor-table-record-2-3
1484,1,305,169,169,confirmed_exefs,mh3g-exefs-armor-table-record-2-3
1485,2,298,169,169,confirmed_exefs,mh3g-exefs-armor-table-record-2-3
1486,3,302,169,169,confirmed_exefs,mh3g-exefs-armor-table-record-2-3
1487,4,304,169,169,confirmed_exefs,mh3g-exefs-armor-table-record-2-3
1488,5,302,170,170,confirmed_exefs,mh3g-exefs-armor-table-record-2-3
1489,1,306,170,170,confirmed_exefs,mh3g-exefs-armor-table-record-2-3
1490,2,299,170,170,confirmed_exefs,mh3g-exefs-armor-table-record-2-3
1491,3,303,170,170,confirmed_exefs,mh3g-exefs-armor-table-record-2-3
1492,4,305,170,170,confirmed_exefs,mh3g-exefs-armor-table-record-2-3
1493,5,325,12,12,confirmed_exefs,mh3g-exefs-armor-table-record-2-3
1494,1,329,12,12,confirmed_exefs,mh3g-exefs-armor-table-record-2-3
1495,2,322,12,12,confirmed_exefs,mh3g-exefs-armor-table-record-2-3
1496,3,326,12,12,confirmed_exefs,mh3g-exefs-armor-table-record-2-3
1497,4,328,12,12,confirmed_exefs,mh3g-exefs-armor-table-record-2-3
1498,5,326,13,13,confirmed_exefs,mh3g-exefs-armor-table-record-2-3
1499,1,330,13,13,confirmed_exefs,mh3g-exefs-armor-table-record-2-3
1500,2,323,13,13,confirmed_exefs,mh3g-exefs-armor-table-record-2-3
1501,3,327,13,13,confirmed_exefs,mh3g-exefs-armor-table-record-2-3
1502,4,329,13,13,confirmed_exefs,mh3g-exefs-armor-table-record-2-3
1503,5,323,20,20,confirmed_exefs,mh3g-exefs-armor-table-record-2-3
1504,1,327,20,20,confirmed_exefs,mh3g-exefs-armor-table-record-2-3
1505,2,320,20,20,confirmed_exefs,mh3g-exefs-armor-table-record-2-3
1506,3,324,20,20,confirmed_exefs,mh3g-exefs-armor-table-record-2-3
1507,4,326,20,20,confirmed_exefs,mh3g-exefs-armor-table-record-2-3
1508,5,324,21,21,confirmed_exefs,mh3g-exefs-armor-table-record-2-3
1509,1,328,21,21,confirmed_exefs,mh3g-exefs-armor-table-record-2-3
1510,2,321,21,21,confirmed_exefs,mh3g-exefs-armor-table-record-2-3
1511,3,325,21,21,confirmed_exefs,mh3g-exefs-armor-table-record-2-3
1512,4,327,21,21,confirmed_exefs,mh3g-exefs-armor-table-record-2-3
1513,5,295,108,108,confirmed_exefs,mh3g-exefs-armor-table-record-2-3
1514,1,299,108,108,confirmed_exefs,mh3g-exefs-armor-table-record-2-3
1515,2,292,108,108,confirmed_exefs,mh3g-exefs-armor-table-record-2-3
1516,3,296,108,108,confirmed_exefs,mh3g-exefs-armor-table-record-2-3
1517,4,298,108,108,confirmed_exefs,mh3g-exefs-armor-table-record-2-3
1518,5,296,109,109,confirmed_exefs,mh3g-exefs-armor-table-record-2-3
1519,1,300,109,109,confirmed_exefs,mh3g-exefs-armor-table-record-2-3
1520,2,293,109,109,confirmed_exefs,mh3g-exefs-armor-table-record-2-3
1521,3,297,109,109,confirmed_exefs,mh3g-exefs-armor-table-record-2-3
1522,4,299,109,109,confirmed_exefs,mh3g-exefs-armor-table-record-2-3
1523,5,313,143,143,confirmed_exefs,mh3g-exefs-armor-table-record-2-3
1524,1,317,143,143,confirmed_exefs,mh3g-exefs-armor-table-record-2-3
1525,2,310,143,143,confirmed_exefs,mh3g-exefs-armor-table-record-2-3
1526,3,314,143,143,confirmed_exefs,mh3g-exefs-armor-table-record-2-3
1527,4,316,143,143,confirmed_exefs,mh3g-exefs-armor-table-record-2-3
1528,5,314,144,144,confirmed_exefs,mh3g-exefs-armor-table-record-2-3
1529,1,318,144,144,confirmed_exefs,mh3g-exefs-armor-table-record-2-3
1530,2,311,144,144,confirmed_exefs,mh3g-exefs-armor-table-record-2-3
1531,3,315,144,144,confirmed_exefs,mh3g-exefs-armor-table-record-2-3
1532,4,317,144,144,confirmed_exefs,mh3g-exefs-armor-table-record-2-3
1533,5,245,155,155,confirmed_exefs,mh3g-exefs-armor-table-record-2-3
1534,1,249,155,155,confirmed_exefs,mh3g-exefs-armor-table-record-2-3
1535,2,242,155,155,confirmed_exefs,mh3g-exefs-armor-table-record-2-3
1536,3,246,155,155,confirmed_exefs,mh3g-exefs-armor-table-record-2-3
1537,4,248,155,155,confirmed_exefs,mh3g-exefs-armor-table-record-2-3
1538,5,246,156,156,confirmed_exefs,mh3g-exefs-armor-table-record-2-3
1539,1,250,156,156,confirmed_exefs,mh3g-exefs-armor-table-record-2-3
1540,2,243,156,156,confirmed_exefs,mh3g-exefs-armor-table-record-2-3
1541,3,247,156,156,confirmed_exefs,mh3g-exefs-armor-table-record-2-3
1542,4,249,156,156,confirmed_exefs,mh3g-exefs-armor-table-record-2-3
1543,5,251,151,151,confirmed_exefs,mh3g-exefs-armor-table-record-2-3
1544,1,255,151,151,confirmed_exefs,mh3g-exefs-armor-table-record-2-3
1545,2,248,151,151,confirmed_exefs,mh3g-exefs-armor-table-record-2-3
1546,3,252,151,151,confirmed_exefs,mh3g-exefs-armor-table-record-2-3
1547,4,254,151,151,confirmed_exefs,mh3g-exefs-armor-table-record-2-3
1548,5,252,152,152,confirmed_exefs,mh3g-exefs-armor-table-record-2-3
1549,1,256,152,152,confirmed_exefs,mh3g-exefs-armor-table-record-2-3
1550,2,249,152,152,confirmed_exefs,mh3g-exefs-armor-table-record-2-3
1551,3,253,152,152,confirmed_exefs,mh3g-exefs-armor-table-record-2-3
1552,4,255,152,152,confirmed_exefs,mh3g-exefs-armor-table-record-2-3
1553,5,287,110,0,confirmed_exefs,mh3g-exefs-armor-table-record-2-3
1554,1,291,110,0,confirmed_exefs,mh3g-exefs-armor-table-record-2-3
1555,2,284,110,0,confirmed_exefs,mh3g-exefs-armor-table-record-2-3
1556,3,288,110,0,confirmed_exefs,mh3g-exefs-armor-table-record-2-3
1557,4,290,110,0,confirmed_exefs,mh3g-exefs-armor-table-record-2-3
1558,5,288,111,0,confirmed_exefs,mh3g-exefs-armor-table-record-2-3
1559,1,292,111,0,confirmed_exefs,mh3g-exefs-armor-table-record-2-3
1560,2,285,111,0,confirmed_exefs,mh3g-exefs-armor-table-record-2-3
1561,3,289,111,0,confirmed_exefs,mh3g-exefs-armor-table-record-2-3
1562,4,291,111,0,confirmed_exefs,mh3g-exefs-armor-table-record-2-3
1563,5,289,0,110,confirmed_exefs,mh3g-exefs-armor-table-record-2-3
1564,1,293,0,110,confirmed_exefs,mh3g-exefs-armor-table-record-2-3
1565,2,286,0,110,confirmed_exefs,mh3g-exefs-armor-table-record-2-3
1566,3,290,0,110,confirmed_exefs,mh3g-exefs-armor-table-record-2-3
1567,4,292,0,110,confirmed_exefs,mh3g-exefs-armor-table-record-2-3
1568,5,290,0,111,confirmed_exefs,mh3g-exefs-armor-table-record-2-3
1569,1,294,0,111,confirmed_exefs,mh3g-exefs-armor-table-record-2-3
1570,2,287,0,111,confirmed_exefs,mh3g-exefs-armor-table-record-2-3
1571,3,291,0,111,confirmed_exefs,mh3g-exefs-armor-table-record-2-3
1572,4,293,0,111,confirmed_exefs,mh3g-exefs-armor-table-record-2-3
1573,5,291,145,0,confirmed_exefs,mh3g-exefs-armor-table-record-2-3
1574,1,295,145,0,confirmed_exefs,mh3g-exefs-armor-table-record-2-3
1575,2,288,145,0,confirmed_exefs,mh3g-exefs-armor-table-record-2-3
1576,3,292,145,0,confirmed_exefs,mh3g-exefs-armor-table-record-2-3
1577,4,294,145,0,confirmed_exefs,mh3g-exefs-armor-table-record-2-3
1578,5,292,146,0,confirmed_exefs,mh3g-exefs-armor-table-record-2-3
1579,1,296,146,0,confirmed_exefs,mh3g-exefs-armor-table-record-2-3
1580,2,289,146,0,confirmed_exefs,mh3g-exefs-armor-table-record-2-3
1581,3,293,146,0,confirmed_exefs,mh3g-exefs-armor-table-record-2-3
1582,4,295,146,0,confirmed_exefs,mh3g-exefs-armor-table-record-2-3
1583,5,293,0,145,confirmed_exefs,mh3g-exefs-armor-table-record-2-3
1584,1,297,0,145,confirmed_exefs,mh3g-exefs-armor-table-record-2-3
1585,2,290,0,145,confirmed_exefs,mh3g-exefs-armor-table-record-2-3
1586,3,294,0,145,confirmed_exefs,mh3g-exefs-armor-table-record-2-3
1587,4,296,0,145,confirmed_exefs,mh3g-exefs-armor-table-record-2-3
1588,5,294,0,146,confirmed_exefs,mh3g-exefs-armor-table-record-2-3
1589,1,298,0,146,confirmed_exefs,mh3g-exefs-armor-table-record-2-3
1590,2,291,0,146,confirmed_exefs,mh3g-exefs-armor-table-record-2-3
1591,3,295,0,146,confirmed_exefs,mh3g-exefs-armor-table-record-2-3
1592,4,297,0,146,confirmed_exefs,mh3g-exefs-armor-table-record-2-3
1593,5,257,147,147,confirmed_exefs,mh3g-exefs-armor-table-record-2-3
1594,1,261,147,147,confirmed_exefs,mh3g-exefs-armor-table-record-2-3
1595,2,254,147,147,confirmed_exefs,mh3g-exefs-armor-table-record-2-3
1596,3,258,147,147,confirmed_exefs,mh3g-exefs-armor-table-record-2-3
1597,4,260,147,147,confirmed_exefs,mh3g-exefs-armor-table-record-2-3
1598,5,258,148,148,confirmed_exefs,mh3g-exefs-armor-table-record-2-3
1599,1,262,148,148,confirmed_exefs,mh3g-exefs-armor-table-record-2-3
1600,2,255,148,148,confirmed_exefs,mh3g-exefs-armor-table-record-2-3
1601,3,259,148,148,confirmed_exefs,mh3g-exefs-armor-table-record-2-3
1602,4,261,148,148,confirmed_exefs,mh3g-exefs-armor-table-record-2-3
1603,5,321,126,126,confirmed_exefs,mh3g-exefs-armor-table-record-2-3
1604,1,325,126,126,confirmed_exefs,mh3g-exefs-armor-table-record-2-3
1605,2,318,126,126,confirmed_exefs,mh3g-exefs-armor-table-record-2-3
1606,3,322,126,126,confirmed_exefs,mh3g-exefs-armor-table-record-2-3
1607,4,324,126,126,confirmed_exefs,mh3g-exefs-armor-table-record-2-3
1608,5,322,127,127,confirmed_exefs,mh3g-exefs-armor-table-record-2-3
1609,1,326,127,127,confirmed_exefs,mh3g-exefs-armor-table-record-2-3
1610,2,319,127,127,confirmed_exefs,mh3g-exefs-armor-table-record-2-3
1611,3,323,127,127,confirmed_exefs,mh3g-exefs-armor-table-record-2-3
1612,4,325,127,127,confirmed_exefs,mh3g-exefs-armor-table-record-2-3
1613,5,297,114,114,confirmed_exefs,mh3g-exefs-armor-table-record-2-3
1614,1,301,114,114,confirmed_exefs,mh3g-exefs-armor-table-record-2-3
1615,2,294,114,114,confirmed_exefs,mh3g-exefs-armor-table-record-2-3
1616,3,298,114,114,confirmed_exefs,mh3g-exefs-armor-table-record-2-3
1617,4,300,114,114,confirmed_exefs,mh3g-exefs-armor-table-record-2-3
1618,5,298,115,115,confirmed_exefs,mh3g-exefs-armor-table-record-2-3
1619,1,302,115,115,confirmed_exefs,mh3g-exefs-armor-table-record-2-3
1620,2,295,115,115,confirmed_exefs,mh3g-exefs-armor-table-record-2-3
1621,3,299,115,115,confirmed_exefs,mh3g-exefs-armor-table-record-2-3
1622,4,301,115,115,confirmed_exefs,mh3g-exefs-armor-table-record-2-3
1623,5,368,206,206,confirmed_exefs,mh3g-exefs-armor-table-record-2-3
1624,5,,,,unmapped,unmapped
1625,1,,,,unmapped,unmapped
1626,2,,,,unmapped,unmapped
1627,3,,,,unmapped,unmapped
1628,4,,,,unmapped,unmapped
1629,5,,,,unmapped,unmapped
1630,1,,,,unmapped,unmapped
1631,2,,,,unmapped,unmapped
1632,3,,,,unmapped,unmapped
1633,4,,,,unmapped,unmapped
1634,5,,,,unmapped,unmapped
1635,1,,,,unmapped,unmapped
1636,2,,,,unmapped,unmapped
1637,3,,,,unmapped,unmapped
1638,4,,,,unmapped,unmapped
1639,5,,,,unmapped,unmapped
1640,1,,,,unmapped,unmapped
1641,2,,,,unmapped,unmapped
1642,3,,,,unmapped,unmapped
1643,4,,,,unmapped,unmapped
1644,1,378,208,208,confirmed_exefs,mh3g-exefs-armor-table-record-2-3
1645,3,369,208,208,confirmed_exefs,mh3g-exefs-armor-table-record-2-3
1646,4,375,208,208,confirmed_exefs,mh3g-exefs-armor-table-record-2-3
1647,1,379,208,208,confirmed_exefs,mh3g-exefs-armor-table-record-2-3
1648,3,370,208,208,confirmed_exefs,mh3g-exefs-armor-table-record-2-3
1649,4,376,208,208,confirmed_exefs,mh3g-exefs-armor-table-record-2-3
1650,5,,0,0,exact_shared_appearance,dex-image-key-to-confirmed-exefs-model
1651,5,377,0,0,confirmed_exefs,mh3g-exefs-armor-table-record-2-3
