model_id,gender,part,model_key,arc_relative_path,mapping_source
0,female,head,armor-f-pl000-head,armor-mod/f/pl000/f_helm000.arc,romfs-player-model-inventory
0,female,chest,armor-f-pl000-chest,armor-mod/f/pl000/f_body000.arc,romfs-player-model-inventory
0,female,arms,armor-f-pl000-arms,armor-mod/f/pl000/f_arm000.arc,romfs-player-model-inventory
0,female,waist,armor-f-pl000-waist,armor-mod/f/pl000/f_wst000.arc,romfs-player-model-inventory
0,female,legs,armor-f-pl000-legs,armor-mod/f/pl000/f_leg000.arc,romfs-player-model-inventory
0,male,head,armor-m-pl000-head,armor-mod/m/pl000/m_helm000.arc,romfs-player-model-inventory
0,male,chest,armor-m-pl000-chest,armor-mod/m/pl000/m_body000.arc,romfs-player-model-inventory
0,male,arms,armor-m-pl000-arms,armor-mod/m/pl000/m_arm000.arc,romfs-player-model-inventory
0,male,waist,armor-m-pl000-waist,armor-mod/m/pl000/m_wst000.arc,romfs-player-model-inventory
0,male,legs,armor-m-pl000-legs,armor-mod/m/pl000/m_leg000.arc,romfs-player-model-inventory
1,female,head,armor-f-pl001-head,armor-mod/f/pl001/f_helm001.arc,romfs-player-model-inventory
1,female,chest,armor-f-pl001-chest,armor-mod/f/pl001/f_body001.arc,romfs-player-model-inventory
1,female,arms,armor-f-pl001-arms,armor-mod/f/pl001/f_arm001.arc,romfs-player-model-inventory
1,female,waist,armor-f-pl001-waist,armor-mod/f/pl001/f_wst001.arc,romfs-player-model-inventory
1,female,legs,armor-f-pl001-legs,armor-mod/f/pl001/f_leg001.arc,romfs-player-model-inventory
1,male,head,armor-m-pl001-head,armor-mod/m/pl001/m_helm001.arc,romfs-player-model-inventory
1,male,chest,armor-m-pl001-chest,armor-mod/m/pl001/m_body001.arc,romfs-player-model-inventory
1,male,arms,armor-m-pl001-arms,armor-mod/m/pl001/m_arm001.arc,romfs-player-model-inventory
1,male,waist,armor-m-pl001-waist,armor-mod/m/pl001/m_wst001.arc,romfs-player-model-inventory
1,male,legs,armor-m-pl001-legs,armor-mod/m/pl001/m_leg001.arc,romfs-player-model-inventory
2,female,head,armor-f-pl002-head,armor-mod/f/pl002/f_helm002.arc,romfs-player-model-inventory
2,female,chest,armor-f-pl002-chest,armor-mod/f/pl002/f_body002.arc,romfs-player-model-inventory
2,female,arms,armor-f-pl002-arms,armor-mod/f/pl002/f_arm002.arc,romfs-player-model-inventory
2,female,waist,armor-f-pl002-waist,armor-mod/f/pl002/f_wst002.arc,romfs-player-model-inventory
2,female,legs,armor-f-pl002-legs,armor-mod/f/pl002/f_leg002.arc,romfs-player-model-inventory
2,male,head,armor-m-pl002-head,armor-mod/m/pl002/m_helm002.arc,romfs-player-model-inventory
2,male,chest,armor-m-pl002-chest,armor-mod/m/pl002/m_body002.arc,romfs-player-model-inventory
2,male,arms,armor-m-pl002-arms,armor-mod/m/pl002/m_arm002.arc,romfs-player-model-inventory
2,male,waist,armor-m-pl002-waist,armor-mod/m/pl002/m_wst002.arc,romfs-player-model-inventory
2,male,legs,armor-m-pl002-legs,armor-mod/m/pl002/m_leg002.arc,romfs-player-model-inventory
3,female,head,armor-f-pl003-head,armor-mod/f/pl003/f_helm003.arc,romfs-player-model-inventory
3,female,chest,armor-f-pl003-chest,armor-mod/f/pl003/f_body003.arc,romfs-player-model-inventory
3,female,arms,armor-f-pl003-arms,armor-mod/f/pl003/f_arm003.arc,romfs-player-model-inventory
3,female,waist,armor-f-pl003-waist,armor-mod/f/pl003/f_wst003.arc,romfs-player-model-inventory
3,female,legs,armor-f-pl003-legs,armor-mod/f/pl003/f_leg003.arc,romfs-player-model-inventory
3,male,head,armor-m-pl003-head,armor-mod/m/pl003/m_helm003.arc,romfs-player-model-inventory
3,male,chest,armor-m-pl003-chest,armor-mod/m/pl003/m_body003.arc,romfs-player-model-inventory
3,male,arms,armor-m-pl003-arms,armor-mod/m/pl003/m_arm003.arc,romfs-player-model-inventory
3,male,waist,armor-m-pl003-waist,armor-mod/m/pl003/m_wst003.arc,romfs-player-model-inventory
3,male,legs,armor-m-pl003-legs,armor-mod/m/pl003/m_leg003.arc,romfs-player-model-inventory
4,female,head,armor-f-pl004-head,armor-mod/f/pl004/f_helm004.arc,romfs-player-model-inventory
4,female,chest,armor-f-pl004-chest,armor-mod/f/pl004/f_body004.arc,romfs-player-model-inventory
4,female,arms,armor-f-pl004-arms,armor-mod/f/pl004/f_arm004.arc,romfs-player-model-inventory
4,female,waist,armor-f-pl004-waist,armor-mod/f/pl004/f_wst004.arc,romfs-player-model-inventory
4,female,legs,armor-f-pl004-legs,armor-mod/f/pl004/f_leg004.arc,romfs-player-model-inventory
4,male,head,armor-m-pl004-head,armor-mod/m/pl004/m_helm004.arc,romfs-player-model-inventory
4,male,chest,armor-m-pl004-chest,armor-mod/m/pl004/m_body004.arc,romfs-player-model-inventory
4,male,arms,armor-m-pl004-arms,armor-mod/m/pl004/m_arm004.arc,romfs-player-model-inventory
4,male,waist,armor-m-pl004-waist,armor-mod/m/pl004/m_wst004.arc,romfs-player-model-inventory
4,male,legs,armor-m-pl004-legs,armor-mod/m/pl004/m_leg004.arc,romfs-player-model-inventory
5,female,head,armor-f-pl005-head,armor-mod/f/pl005/f_helm005.arc,romfs-player-model-inventory
5,female,chest,armor-f-pl005-chest,armor-mod/f/pl005/f_body005.arc,romfs-player-model-inventory
5,female,arms,armor-f-pl005-arms,armor-mod/f/pl005/f_arm005.arc,romfs-player-model-inventory
5,female,waist,armor-f-pl005-waist,armor-mod/f/pl005/f_wst005.arc,romfs-player-model-inventory
5,female,legs,armor-f-pl005-legs,armor-mod/f/pl005/f_leg005.arc,romfs-player-model-inventory
5,male,head,armor-m-pl005-head,armor-mod/m/pl005/m_helm005.arc,romfs-player-model-inventory
5,male,chest,armor-m-pl005-chest,armor-mod/m/pl005/m_body005.arc,romfs-player-model-inventory
5,male,arms,armor-m-pl005-arms,armor-mod/m/pl005/m_arm005.arc,romfs-player-model-inventory
5,male,waist,armor-m-pl005-waist,armor-mod/m/pl005/m_wst005.arc,romfs-player-model-inventory
5,male,legs,armor-m-pl005-legs,armor-mod/m/pl005/m_leg005.arc,romfs-player-model-inventory
6,female,head,armor-f-pl006-head,armor-mod/f/pl006/f_helm006.arc,romfs-player-model-inventory
6,female,chest,armor-f-pl006-chest,armor-mod/f/pl006/f_body006.arc,romfs-player-model-inventory
6,female,arms,armor-f-pl006-arms,armor-mod/f/pl006/f_arm006.arc,romfs-player-model-inventory
6,female,waist,armor-f-pl006-waist,armor-mod/f/pl006/f_wst006.arc,romfs-player-model-inventory
6,female,legs,armor-f-pl006-legs,armor-mod/f/pl006/f_leg006.arc,romfs-player-model-inventory
6,male,head,armor-m-pl006-head,armor-mod/m/pl006/m_helm006.arc,romfs-player-model-inventory
6,male,chest,armor-m-pl006-chest,armor-mod/m/pl006/m_body006.arc,romfs-player-model-inventory
6,male,arms,armor-m-pl006-arms,armor-mod/m/pl006/m_arm006.arc,romfs-player-model-inventory
6,male,waist,armor-m-pl006-waist,armor-mod/m/pl006/m_wst006.arc,romfs-player-model-inventory
6,male,legs,armor-m-pl006-legs,armor-mod/m/pl006/m_leg006.arc,romfs-player-model-inventory
7,female,chest,armor-f-pl007-chest,armor-mod/f/pl007/f_body007.arc,romfs-player-model-inventory
7,female,waist,armor-f-pl007-waist,armor-mod/f/pl007/f_wst007.arc,romfs-player-model-inventory
7,female,legs,armor-f-pl007-legs,armor-mod/f/pl007/f_leg007.arc,romfs-player-model-inventory
7,male,chest,armor-m-pl007-chest,armor-mod/m/pl007/m_body007.arc,romfs-player-model-inventory
7,male,waist,armor-m-pl007-waist,armor-mod/m/pl007/m_wst007.arc,romfs-player-model-inventory
7,male,legs,armor-m-pl007-legs,armor-mod/m/pl007/m_leg007.arc,romfs-player-model-inventory
8,female,head,armor-f-pl008-head,armor-mod/f/pl008/f_helm008.arc,romfs-player-model-inventory
8,female,chest,armor-f-pl008-chest,armor-mod/f/pl008/f_body008.arc,romfs-player-model-inventory
8,female,arms,armor-f-pl008-arms,armor-mod/f/pl008/f_arm008.arc,romfs-player-model-inventory
8,female,waist,armor-f-pl008-waist,armor-mod/f/pl008/f_wst008.arc,romfs-player-model-inventory
8,female,legs,armor-f-pl008-legs,armor-mod/f/pl008/f_leg008.arc,romfs-player-model-inventory
8,male,head,armor-m-pl008-head,armor-mod/m/pl008/m_helm008.arc,romfs-player-model-inventory
8,male,chest,armor-m-pl008-chest,armor-mod/m/pl008/m_body008.arc,romfs-player-model-inventory
8,male,arms,armor-m-pl008-arms,armor-mod/m/pl008/m_arm008.arc,romfs-player-model-inventory
8,male,waist,armor-m-pl008-waist,armor-mod/m/pl008/m_wst008.arc,romfs-player-model-inventory
8,male,legs,armor-m-pl008-legs,armor-mod/m/pl008/m_leg008.arc,romfs-player-model-inventory
9,female,head,armor-f-pl009-head,armor-mod/f/pl009/f_helm009.arc,romfs-player-model-inventory
9,female,chest,armor-f-pl009-chest,armor-mod/f/pl009/f_body009.arc,romfs-player-model-inventory
9,female,arms,armor-f-pl009-arms,armor-mod/f/pl009/f_arm009.arc,romfs-player-model-inventory
9,female,waist,armor-f-pl009-waist,armor-mod/f/pl009/f_wst009.arc,romfs-player-model-inventory
9,female,legs,armor-f-pl009-legs,armor-mod/f/pl009/f_leg009.arc,romfs-player-model-inventory
9,male,head,armor-m-pl009-head,armor-mod/m/pl009/m_helm009.arc,romfs-player-model-inventory
9,male,chest,armor-m-pl009-chest,armor-mod/m/pl009/m_body009.arc,romfs-player-model-inventory
9,male,arms,armor-m-pl009-arms,armor-mod/m/pl009/m_arm009.arc,romfs-player-model-inventory
9,male,waist,armor-m-pl009-waist,armor-mod/m/pl009/m_wst009.arc,romfs-player-model-inventory
9,male,legs,armor-m-pl009-legs,armor-mod/m/pl009/m_leg009.arc,romfs-player-model-inventory
10,female,head,armor-f-pl010-head,armor-mod/f/pl010/f_helm010.arc,romfs-player-model-inventory
10,female,chest,armor-f-pl010-chest,armor-mod/f/pl010/f_body010.arc,romfs-player-model-inventory
10,female,arms,armor-f-pl010-arms,armor-mod/f/pl010/f_arm010.arc,romfs-player-model-inventory
10,female,waist,armor-f-pl010-waist,armor-mod/f/pl010/f_wst010.arc,romfs-player-model-inventory
10,female,legs,armor-f-pl010-legs,armor-mod/f/pl010/f_leg010.arc,romfs-player-model-inventory
10,male,head,armor-m-pl010-head,armor-mod/m/pl010/m_helm010.arc,romfs-player-model-inventory
10,male,chest,armor-m-pl010-chest,armor-mod/m/pl010/m_body010.arc,romfs-player-model-inventory
10,male,arms,armor-m-pl010-arms,armor-mod/m/pl010/m_arm010.arc,romfs-player-model-inventory
10,male,waist,armor-m-pl010-waist,armor-mod/m/pl010/m_wst010.arc,romfs-player-model-inventory
10,male,legs,armor-m-pl010-legs,armor-mod/m/pl010/m_leg010.arc,romfs-player-model-inventory
11,female,head,armor-f-pl011-head,armor-mod/f/pl011/f_helm011.arc,romfs-player-model-inventory
11,female,chest,armor-f-pl011-chest,armor-mod/f/pl011/f_body011.arc,romfs-player-model-inventory
11,female,arms,armor-f-pl011-arms,armor-mod/f/pl011/f_arm011.arc,romfs-player-model-inventory
11,female,waist,armor-f-pl011-waist,armor-mod/f/pl011/f_wst011.arc,romfs-player-model-inventory
11,female,legs,armor-f-pl011-legs,armor-mod/f/pl011/f_leg011.arc,romfs-player-model-inventory
11,male,head,armor-m-pl011-head,armor-mod/m/pl011/m_helm011.arc,romfs-player-model-inventory
11,male,chest,armor-m-pl011-chest,armor-mod/m/pl011/m_body011.arc,romfs-player-model-inventory
11,male,arms,armor-m-pl011-arms,armor-mod/m/pl011/m_arm011.arc,romfs-player-model-inventory
11,male,waist,armor-m-pl011-waist,armor-mod/m/pl011/m_wst011.arc,romfs-player-model-inventory
11,male,legs,armor-m-pl011-legs,armor-mod/m/pl011/m_leg011.arc,romfs-player-model-inventory
12,female,head,armor-f-pl012-head,armor-mod/f/pl012/f_helm012.arc,romfs-player-model-inventory
12,female,chest,armor-f-pl012-chest,armor-mod/f/pl012/f_body012.arc,romfs-player-model-inventory
12,female,arms,armor-f-pl012-arms,armor-mod/f/pl012/f_arm012.arc,romfs-player-model-inventory
12,female,waist,armor-f-pl012-waist,armor-mod/f/pl012/f_wst012.arc,romfs-player-model-inventory
12,female,legs,armor-f-pl012-legs,armor-mod/f/pl012/f_leg012.arc,romfs-player-model-inventory
12,male,head,armor-m-pl012-head,armor-mod/m/pl012/m_helm012.arc,romfs-player-model-inventory
12,male,chest,armor-m-pl012-chest,armor-mod/m/pl012/m_body012.arc,romfs-player-model-inventory
12,male,arms,armor-m-pl012-arms,armor-mod/m/pl012/m_arm012.arc,romfs-player-model-inventory
12,male,waist,armor-m-pl012-waist,armor-mod/m/pl012/m_wst012.arc,romfs-player-model-inventory
12,male,legs,armor-m-pl012-legs,armor-mod/m/pl012/m_leg012.arc,romfs-player-model-inventory
13,female,head,armor-f-pl013-head,armor-mod/f/pl013/f_helm013.arc,romfs-player-model-inventory
13,female,chest,armor-f-pl013-chest,armor-mod/f/pl013/f_body013.arc,romfs-player-model-inventory
13,female,arms,armor-f-pl013-arms,armor-mod/f/pl013/f_arm013.arc,romfs-player-model-inventory
13,female,waist,armor-f-pl013-waist,armor-mod/f/pl013/f_wst013.arc,romfs-player-model-inventory
13,female,legs,armor-f-pl013-legs,armor-mod/f/pl013/f_leg013.arc,romfs-player-model-inventory
13,male,head,armor-m-pl013-head,armor-mod/m/pl013/m_helm013.arc,romfs-player-model-inventory
13,male,chest,armor-m-pl013-chest,armor-mod/m/pl013/m_body013.arc,romfs-player-model-inventory
13,male,arms,armor-m-pl013-arms,armor-mod/m/pl013/m_arm013.arc,romfs-player-model-inventory
13,male,waist,armor-m-pl013-waist,armor-mod/m/pl013/m_wst013.arc,romfs-player-model-inventory
13,male,legs,armor-m-pl013-legs,armor-mod/m/pl013/m_leg013.arc,romfs-player-model-inventory
14,female,head,armor-f-pl014-head,armor-mod/f/pl014/f_helm014.arc,romfs-player-model-inventory
14,female,chest,armor-f-pl014-chest,armor-mod/f/pl014/f_body014.arc,romfs-player-model-inventory
14,female,arms,armor-f-pl014-arms,armor-mod/f/pl014/f_arm014.arc,romfs-player-model-inventory
14,female,waist,armor-f-pl014-waist,armor-mod/f/pl014/f_wst014.arc,romfs-player-model-inventory
14,female,legs,armor-f-pl014-legs,armor-mod/f/pl014/f_leg014.arc,romfs-player-model-inventory
14,male,head,armor-m-pl014-head,armor-mod/m/pl014/m_helm014.arc,romfs-player-model-inventory
14,male,chest,armor-m-pl014-chest,armor-mod/m/pl014/m_body014.arc,romfs-player-model-inventory
14,male,arms,armor-m-pl014-arms,armor-mod/m/pl014/m_arm014.arc,romfs-player-model-inventory
14,male,waist,armor-m-pl014-waist,armor-mod/m/pl014/m_wst014.arc,romfs-player-model-inventory
14,male,legs,armor-m-pl014-legs,armor-mod/m/pl014/m_leg014.arc,romfs-player-model-inventory
15,female,head,armor-f-pl015-head,armor-mod/f/pl015/f_helm015.arc,romfs-player-model-inventory
15,female,chest,armor-f-pl015-chest,armor-mod/f/pl015/f_body015.arc,romfs-player-model-inventory
15,female,arms,armor-f-pl015-arms,armor-mod/f/pl015/f_arm015.arc,romfs-player-model-inventory
15,female,waist,armor-f-pl015-waist,armor-mod/f/pl015/f_wst015.arc,romfs-player-model-inventory
15,female,legs,armor-f-pl015-legs,armor-mod/f/pl015/f_leg015.arc,romfs-player-model-inventory
15,male,head,armor-m-pl015-head,armor-mod/m/pl015/m_helm015.arc,romfs-player-model-inventory
15,male,chest,armor-m-pl015-chest,armor-mod/m/pl015/m_body015.arc,romfs-player-model-inventory
15,male,arms,armor-m-pl015-arms,armor-mod/m/pl015/m_arm015.arc,romfs-player-model-inventory
15,male,waist,armor-m-pl015-waist,armor-mod/m/pl015/m_wst015.arc,romfs-player-model-inventory
15,male,legs,armor-m-pl015-legs,armor-mod/m/pl015/m_leg015.arc,romfs-player-model-inventory
16,female,head,armor-f-pl016-head,armor-mod/f/pl016/f_helm016.arc,romfs-player-model-inventory
16,female,chest,armor-f-pl016-chest,armor-mod/f/pl016/f_body016.arc,romfs-player-model-inventory
16,female,arms,armor-f-pl016-arms,armor-mod/f/pl016/f_arm016.arc,romfs-player-model-inventory
16,female,waist,armor-f-pl016-waist,armor-mod/f/pl016/f_wst016.arc,romfs-player-model-inventory
16,female,legs,armor-f-pl016-legs,armor-mod/f/pl016/f_leg016.arc,romfs-player-model-inventory
16,male,head,armor-m-pl016-head,armor-mod/m/pl016/m_helm016.arc,romfs-player-model-inventory
16,male,chest,armor-m-pl016-chest,armor-mod/m/pl016/m_body016.arc,romfs-player-model-inventory
16,male,arms,armor-m-pl016-arms,armor-mod/m/pl016/m_arm016.arc,romfs-player-model-inventory
16,male,waist,armor-m-pl016-waist,armor-mod/m/pl016/m_wst016.arc,romfs-player-model-inventory
16,male,legs,armor-m-pl016-legs,armor-mod/m/pl016/m_leg016.arc,romfs-player-model-inventory
17,female,head,armor-f-pl017-head,armor-mod/f/pl017/f_helm017.arc,romfs-player-model-inventory
17,female,chest,armor-f-pl017-chest,armor-mod/f/pl017/f_body017.arc,romfs-player-model-inventory
17,female,arms,armor-f-pl017-arms,armor-mod/f/pl017/f_arm017.arc,romfs-player-model-inventory
17,female,waist,armor-f-pl017-waist,armor-mod/f/pl017/f_wst017.arc,romfs-player-model-inventory
17,female,legs,armor-f-pl017-legs,armor-mod/f/pl017/f_leg017.arc,romfs-player-model-inventory
17,male,head,armor-m-pl017-head,armor-mod/m/pl017/m_helm017.arc,romfs-player-model-inventory
17,male,chest,armor-m-pl017-chest,armor-mod/m/pl017/m_body017.arc,romfs-player-model-inventory
17,male,arms,armor-m-pl017-arms,armor-mod/m/pl017/m_arm017.arc,romfs-player-model-inventory
17,male,waist,armor-m-pl017-waist,armor-mod/m/pl017/m_wst017.arc,romfs-player-model-inventory
17,male,legs,armor-m-pl017-legs,armor-mod/m/pl017/m_leg017.arc,romfs-player-model-inventory
18,female,head,armor-f-pl018-head,armor-mod/f/pl018/f_helm018.arc,romfs-player-model-inventory
18,female,chest,armor-f-pl018-chest,armor-mod/f/pl018/f_body018.arc,romfs-player-model-inventory
18,female,arms,armor-f-pl018-arms,armor-mod/f/pl018/f_arm018.arc,romfs-player-model-inventory
18,female,waist,armor-f-pl018-waist,armor-mod/f/pl018/f_wst018.arc,romfs-player-model-inventory
18,female,legs,armor-f-pl018-legs,armor-mod/f/pl018/f_leg018.arc,romfs-player-model-inventory
18,male,head,armor-m-pl018-head,armor-mod/m/pl018/m_helm018.arc,romfs-player-model-inventory
18,male,chest,armor-m-pl018-chest,armor-mod/m/pl018/m_body018.arc,romfs-player-model-inventory
18,male,arms,armor-m-pl018-arms,armor-mod/m/pl018/m_arm018.arc,romfs-player-model-inventory
18,male,waist,armor-m-pl018-waist,armor-mod/m/pl018/m_wst018.arc,romfs-player-model-inventory
18,male,legs,armor-m-pl018-legs,armor-mod/m/pl018/m_leg018.arc,romfs-player-model-inventory
19,female,head,armor-f-pl019-head,armor-mod/f/pl019/f_helm019.arc,romfs-player-model-inventory
19,female,chest,armor-f-pl019-chest,armor-mod/f/pl019/f_body019.arc,romfs-player-model-inventory
19,female,arms,armor-f-pl019-arms,armor-mod/f/pl019/f_arm019.arc,romfs-player-model-inventory
19,female,waist,armor-f-pl019-waist,armor-mod/f/pl019/f_wst019.arc,romfs-player-model-inventory
19,female,legs,armor-f-pl019-legs,armor-mod/f/pl019/f_leg019.arc,romfs-player-model-inventory
19,male,head,armor-m-pl019-head,armor-mod/m/pl019/m_helm019.arc,romfs-player-model-inventory
19,male,chest,armor-m-pl019-chest,armor-mod/m/pl019/m_body019.arc,romfs-player-model-inventory
19,male,arms,armor-m-pl019-arms,armor-mod/m/pl019/m_arm019.arc,romfs-player-model-inventory
19,male,waist,armor-m-pl019-waist,armor-mod/m/pl019/m_wst019.arc,romfs-player-model-inventory
19,male,legs,armor-m-pl019-legs,armor-mod/m/pl019/m_leg019.arc,romfs-player-model-inventory
20,female,head,armor-f-pl020-head,armor-mod/f/pl020/f_helm020.arc,romfs-player-model-inventory
20,female,chest,armor-f-pl020-chest,armor-mod/f/pl020/f_body020.arc,romfs-player-model-inventory
20,female,arms,armor-f-pl020-arms,armor-mod/f/pl020/f_arm020.arc,romfs-player-model-inventory
20,female,waist,armor-f-pl020-waist,armor-mod/f/pl020/f_wst020.arc,romfs-player-model-inventory
20,female,legs,armor-f-pl020-legs,armor-mod/f/pl020/f_leg020.arc,romfs-player-model-inventory
20,male,head,armor-m-pl020-head,armor-mod/m/pl020/m_helm020.arc,romfs-player-model-inventory
20,male,chest,armor-m-pl020-chest,armor-mod/m/pl020/m_body020.arc,romfs-player-model-inventory
20,male,arms,armor-m-pl020-arms,armor-mod/m/pl020/m_arm020.arc,romfs-player-model-inventory
20,male,waist,armor-m-pl020-waist,armor-mod/m/pl020/m_wst020.arc,romfs-player-model-inventory
20,male,legs,armor-m-pl020-legs,armor-mod/m/pl020/m_leg020.arc,romfs-player-model-inventory
21,female,head,armor-f-pl021-head,armor-mod/f/pl021/f_helm021.arc,romfs-player-model-inventory
21,female,chest,armor-f-pl021-chest,armor-mod/f/pl021/f_body021.arc,romfs-player-model-inventory
21,female,arms,armor-f-pl021-arms,armor-mod/f/pl021/f_arm021.arc,romfs-player-model-inventory
21,female,waist,armor-f-pl021-waist,armor-mod/f/pl021/f_wst021.arc,romfs-player-model-inventory
21,female,legs,armor-f-pl021-legs,armor-mod/f/pl021/f_leg021.arc,romfs-player-model-inventory
21,male,head,armor-m-pl021-head,armor-mod/m/pl021/m_helm021.arc,romfs-player-model-inventory
21,male,chest,armor-m-pl021-chest,armor-mod/m/pl021/m_body021.arc,romfs-player-model-inventory
21,male,arms,armor-m-pl021-arms,armor-mod/m/pl021/m_arm021.arc,romfs-player-model-inventory
21,male,waist,armor-m-pl021-waist,armor-mod/m/pl021/m_wst021.arc,romfs-player-model-inventory
21,male,legs,armor-m-pl021-legs,armor-mod/m/pl021/m_leg021.arc,romfs-player-model-inventory
22,female,head,armor-f-pl022-head,armor-mod/f/pl022/f_helm022.arc,romfs-player-model-inventory
22,female,waist,armor-f-pl022-waist,armor-mod/f/pl022/f_wst022.arc,romfs-player-model-inventory
22,female,legs,armor-f-pl022-legs,armor-mod/f/pl022/f_leg022.arc,romfs-player-model-inventory
22,male,head,armor-m-pl022-head,armor-mod/m/pl022/m_helm022.arc,romfs-player-model-inventory
22,male,waist,armor-m-pl022-waist,armor-mod/m/pl022/m_wst022.arc,romfs-player-model-inventory
22,male,legs,armor-m-pl022-legs,armor-mod/m/pl022/m_leg022.arc,romfs-player-model-inventory
23,female,head,armor-f-pl023-head,armor-mod/f/pl023/f_helm023.arc,romfs-player-model-inventory
23,female,chest,armor-f-pl023-chest,armor-mod/f/pl023/f_body023.arc,romfs-player-model-inventory
23,female,arms,armor-f-pl023-arms,armor-mod/f/pl023/f_arm023.arc,romfs-player-model-inventory
23,female,waist,armor-f-pl023-waist,armor-mod/f/pl023/f_wst023.arc,romfs-player-model-inventory
23,female,legs,armor-f-pl023-legs,armor-mod/f/pl023/f_leg023.arc,romfs-player-model-inventory
23,male,head,armor-m-pl023-head,armor-mod/m/pl023/m_helm023.arc,romfs-player-model-inventory
23,male,chest,armor-m-pl023-chest,armor-mod/m/pl023/m_body023.arc,romfs-player-model-inventory
23,male,arms,armor-m-pl023-arms,armor-mod/m/pl023/m_arm023.arc,romfs-player-model-inventory
23,male,waist,armor-m-pl023-waist,armor-mod/m/pl023/m_wst023.arc,romfs-player-model-inventory
23,male,legs,armor-m-pl023-legs,armor-mod/m/pl023/m_leg023.arc,romfs-player-model-inventory
24,female,head,armor-f-pl024-head,armor-mod/f/pl024/f_helm024.arc,romfs-player-model-inventory
24,female,chest,armor-f-pl024-chest,armor-mod/f/pl024/f_body024.arc,romfs-player-model-inventory
24,female,arms,armor-f-pl024-arms,armor-mod/f/pl024/f_arm024.arc,romfs-player-model-inventory
24,female,waist,armor-f-pl024-waist,armor-mod/f/pl024/f_wst024.arc,romfs-player-model-inventory
24,female,legs,armor-f-pl024-legs,armor-mod/f/pl024/f_leg024.arc,romfs-player-model-inventory
24,male,head,armor-m-pl024-head,armor-mod/m/pl024/m_helm024.arc,romfs-player-model-inventory
24,male,chest,armor-m-pl024-chest,armor-mod/m/pl024/m_body024.arc,romfs-player-model-inventory
24,male,arms,armor-m-pl024-arms,armor-mod/m/pl024/m_arm024.arc,romfs-player-model-inventory
24,male,waist,armor-m-pl024-waist,armor-mod/m/pl024/m_wst024.arc,romfs-player-model-inventory
24,male,legs,armor-m-pl024-legs,armor-mod/m/pl024/m_leg024.arc,romfs-player-model-inventory
25,female,head,armor-f-pl025-head,armor-mod/f/pl025/f_helm025.arc,romfs-player-model-inventory
25,female,chest,armor-f-pl025-chest,armor-mod/f/pl025/f_body025.arc,romfs-player-model-inventory
25,female,arms,armor-f-pl025-arms,armor-mod/f/pl025/f_arm025.arc,romfs-player-model-inventory
25,female,waist,armor-f-pl025-waist,armor-mod/f/pl025/f_wst025.arc,romfs-player-model-inventory
25,female,legs,armor-f-pl025-legs,armor-mod/f/pl025/f_leg025.arc,romfs-player-model-inventory
25,male,head,armor-m-pl025-head,armor-mod/m/pl025/m_helm025.arc,romfs-player-model-inventory
25,male,chest,armor-m-pl025-chest,armor-mod/m/pl025/m_body025.arc,romfs-player-model-inventory
25,male,arms,armor-m-pl025-arms,armor-mod/m/pl025/m_arm025.arc,romfs-player-model-inventory
25,male,waist,armor-m-pl025-waist,armor-mod/m/pl025/m_wst025.arc,romfs-player-model-inventory
25,male,legs,armor-m-pl025-legs,armor-mod/m/pl025/m_leg025.arc,romfs-player-model-inventory
26,female,head,armor-f-pl026-head,armor-mod/f/pl026/f_helm026.arc,romfs-player-model-inventory
26,female,chest,armor-f-pl026-chest,armor-mod/f/pl026/f_body026.arc,romfs-player-model-inventory
26,female,arms,armor-f-pl026-arms,armor-mod/f/pl026/f_arm026.arc,romfs-player-model-inventory
26,female,waist,armor-f-pl026-waist,armor-mod/f/pl026/f_wst026.arc,romfs-player-model-inventory
26,female,legs,armor-f-pl026-legs,armor-mod/f/pl026/f_leg026.arc,romfs-player-model-inventory
26,male,head,armor-m-pl026-head,armor-mod/m/pl026/m_helm026.arc,romfs-player-model-inventory
26,male,chest,armor-m-pl026-chest,armor-mod/m/pl026/m_body026.arc,romfs-player-model-inventory
26,male,arms,armor-m-pl026-arms,armor-mod/m/pl026/m_arm026.arc,romfs-player-model-inventory
26,male,waist,armor-m-pl026-waist,armor-mod/m/pl026/m_wst026.arc,romfs-player-model-inventory
26,male,legs,armor-m-pl026-legs,armor-mod/m/pl026/m_leg026.arc,romfs-player-model-inventory
27,female,head,armor-f-pl027-head,armor-mod/f/pl027/f_helm027.arc,romfs-player-model-inventory
27,female,chest,armor-f-pl027-chest,armor-mod/f/pl027/f_body027.arc,romfs-player-model-inventory
27,female,arms,armor-f-pl027-arms,armor-mod/f/pl027/f_arm027.arc,romfs-player-model-inventory
27,female,waist,armor-f-pl027-waist,armor-mod/f/pl027/f_wst027.arc,romfs-player-model-inventory
27,female,legs,armor-f-pl027-legs,armor-mod/f/pl027/f_leg027.arc,romfs-player-model-inventory
27,male,head,armor-m-pl027-head,armor-mod/m/pl027/m_helm027.arc,romfs-player-model-inventory
27,male,chest,armor-m-pl027-chest,armor-mod/m/pl027/m_body027.arc,romfs-player-model-inventory
27,male,arms,armor-m-pl027-arms,armor-mod/m/pl027/m_arm027.arc,romfs-player-model-inventory
27,male,waist,armor-m-pl027-waist,armor-mod/m/pl027/m_wst027.arc,romfs-player-model-inventory
27,male,legs,armor-m-pl027-legs,armor-mod/m/pl027/m_leg027.arc,romfs-player-model-inventory
28,female,head,armor-f-pl028-head,armor-mod/f/pl028/f_helm028.arc,romfs-player-model-inventory
28,female,chest,armor-f-pl028-chest,armor-mod/f/pl028/f_body028.arc,romfs-player-model-inventory
28,female,arms,armor-f-pl028-arms,armor-mod/f/pl028/f_arm028.arc,romfs-player-model-inventory
28,female,waist,armor-f-pl028-waist,armor-mod/f/pl028/f_wst028.arc,romfs-player-model-inventory
28,female,legs,armor-f-pl028-legs,armor-mod/f/pl028/f_leg028.arc,romfs-player-model-inventory
28,male,head,armor-m-pl028-head,armor-mod/m/pl028/m_helm028.arc,romfs-player-model-inventory
28,male,chest,armor-m-pl028-chest,armor-mod/m/pl028/m_body028.arc,romfs-player-model-inventory
28,male,arms,armor-m-pl028-arms,armor-mod/m/pl028/m_arm028.arc,romfs-player-model-inventory
28,male,waist,armor-m-pl028-waist,armor-mod/m/pl028/m_wst028.arc,romfs-player-model-inventory
28,male,legs,armor-m-pl028-legs,armor-mod/m/pl028/m_leg028.arc,romfs-player-model-inventory
29,female,head,armor-f-pl029-head,armor-mod/f/pl029/f_helm029.arc,romfs-player-model-inventory
29,female,chest,armor-f-pl029-chest,armor-mod/f/pl029/f_body029.arc,romfs-player-model-inventory
29,female,arms,armor-f-pl029-arms,armor-mod/f/pl029/f_arm029.arc,romfs-player-model-inventory
29,female,waist,armor-f-pl029-waist,armor-mod/f/pl029/f_wst029.arc,romfs-player-model-inventory
29,female,legs,armor-f-pl029-legs,armor-mod/f/pl029/f_leg029.arc,romfs-player-model-inventory
29,male,head,armor-m-pl029-head,armor-mod/m/pl029/m_helm029.arc,romfs-player-model-inventory
29,male,chest,armor-m-pl029-chest,armor-mod/m/pl029/m_body029.arc,romfs-player-model-inventory
29,male,arms,armor-m-pl029-arms,armor-mod/m/pl029/m_arm029.arc,romfs-player-model-inventory
29,male,waist,armor-m-pl029-waist,armor-mod/m/pl029/m_wst029.arc,romfs-player-model-inventory
29,male,legs,armor-m-pl029-legs,armor-mod/m/pl029/m_leg029.arc,romfs-player-model-inventory
30,female,head,armor-f-pl030-head,armor-mod/f/pl030/f_helm030.arc,romfs-player-model-inventory
30,female,chest,armor-f-pl030-chest,armor-mod/f/pl030/f_body030.arc,romfs-player-model-inventory
30,female,arms,armor-f-pl030-arms,armor-mod/f/pl030/f_arm030.arc,romfs-player-model-inventory
30,female,waist,armor-f-pl030-waist,armor-mod/f/pl030/f_wst030.arc,romfs-player-model-inventory
30,female,legs,armor-f-pl030-legs,armor-mod/f/pl030/f_leg030.arc,romfs-player-model-inventory
30,male,head,armor-m-pl030-head,armor-mod/m/pl030/m_helm030.arc,romfs-player-model-inventory
30,male,chest,armor-m-pl030-chest,armor-mod/m/pl030/m_body030.arc,romfs-player-model-inventory
30,male,arms,armor-m-pl030-arms,armor-mod/m/pl030/m_arm030.arc,romfs-player-model-inventory
30,male,waist,armor-m-pl030-waist,armor-mod/m/pl030/m_wst030.arc,romfs-player-model-inventory
30,male,legs,armor-m-pl030-legs,armor-mod/m/pl030/m_leg030.arc,romfs-player-model-inventory
31,female,head,armor-f-pl031-head,armor-mod/f/pl031/f_helm031.arc,romfs-player-model-inventory
31,female,chest,armor-f-pl031-chest,armor-mod/f/pl031/f_body031.arc,romfs-player-model-inventory
31,female,arms,armor-f-pl031-arms,armor-mod/f/pl031/f_arm031.arc,romfs-player-model-inventory
31,female,waist,armor-f-pl031-waist,armor-mod/f/pl031/f_wst031.arc,romfs-player-model-inventory
31,female,legs,armor-f-pl031-legs,armor-mod/f/pl031/f_leg031.arc,romfs-player-model-inventory
31,male,head,armor-m-pl031-head,armor-mod/m/pl031/m_helm031.arc,romfs-player-model-inventory
31,male,chest,armor-m-pl031-chest,armor-mod/m/pl031/m_body031.arc,romfs-player-model-inventory
31,male,arms,armor-m-pl031-arms,armor-mod/m/pl031/m_arm031.arc,romfs-player-model-inventory
31,male,waist,armor-m-pl031-waist,armor-mod/m/pl031/m_wst031.arc,romfs-player-model-inventory
31,male,legs,armor-m-pl031-legs,armor-mod/m/pl031/m_leg031.arc,romfs-player-model-inventory
32,female,head,armor-f-pl032-head,armor-mod/f/pl032/f_helm032.arc,romfs-player-model-inventory
32,female,chest,armor-f-pl032-chest,armor-mod/f/pl032/f_body032.arc,romfs-player-model-inventory
32,female,arms,armor-f-pl032-arms,armor-mod/f/pl032/f_arm032.arc,romfs-player-model-inventory
32,female,waist,armor-f-pl032-waist,armor-mod/f/pl032/f_wst032.arc,romfs-player-model-inventory
32,female,legs,armor-f-pl032-legs,armor-mod/f/pl032/f_leg032.arc,romfs-player-model-inventory
32,male,head,armor-m-pl032-head,armor-mod/m/pl032/m_helm032.arc,romfs-player-model-inventory
32,male,chest,armor-m-pl032-chest,armor-mod/m/pl032/m_body032.arc,romfs-player-model-inventory
32,male,arms,armor-m-pl032-arms,armor-mod/m/pl032/m_arm032.arc,romfs-player-model-inventory
32,male,waist,armor-m-pl032-waist,armor-mod/m/pl032/m_wst032.arc,romfs-player-model-inventory
32,male,legs,armor-m-pl032-legs,armor-mod/m/pl032/m_leg032.arc,romfs-player-model-inventory
33,female,head,armor-f-pl033-head,armor-mod/f/pl033/f_helm033.arc,romfs-player-model-inventory
33,female,chest,armor-f-pl033-chest,armor-mod/f/pl033/f_body033.arc,romfs-player-model-inventory
33,female,arms,armor-f-pl033-arms,armor-mod/f/pl033/f_arm033.arc,romfs-player-model-inventory
33,female,waist,armor-f-pl033-waist,armor-mod/f/pl033/f_wst033.arc,romfs-player-model-inventory
33,female,legs,armor-f-pl033-legs,armor-mod/f/pl033/f_leg033.arc,romfs-player-model-inventory
33,male,head,armor-m-pl033-head,armor-mod/m/pl033/m_helm033.arc,romfs-player-model-inventory
33,male,chest,armor-m-pl033-chest,armor-mod/m/pl033/m_body033.arc,romfs-player-model-inventory
33,male,arms,armor-m-pl033-arms,armor-mod/m/pl033/m_arm033.arc,romfs-player-model-inventory
33,male,waist,armor-m-pl033-waist,armor-mod/m/pl033/m_wst033.arc,romfs-player-model-inventory
33,male,legs,armor-m-pl033-legs,armor-mod/m/pl033/m_leg033.arc,romfs-player-model-inventory
34,female,head,armor-f-pl034-head,armor-mod/f/pl034/f_helm034.arc,romfs-player-model-inventory
34,female,chest,armor-f-pl034-chest,armor-mod/f/pl034/f_body034.arc,romfs-player-model-inventory
34,female,arms,armor-f-pl034-arms,armor-mod/f/pl034/f_arm034.arc,romfs-player-model-inventory
34,female,waist,armor-f-pl034-waist,armor-mod/f/pl034/f_wst034.arc,romfs-player-model-inventory
34,female,legs,armor-f-pl034-legs,armor-mod/f/pl034/f_leg034.arc,romfs-player-model-inventory
34,male,head,armor-m-pl034-head,armor-mod/m/pl034/m_helm034.arc,romfs-player-model-inventory
34,male,chest,armor-m-pl034-chest,armor-mod/m/pl034/m_body034.arc,romfs-player-model-inventory
34,male,arms,armor-m-pl034-arms,armor-mod/m/pl034/m_arm034.arc,romfs-player-model-inventory
34,male,waist,armor-m-pl034-waist,armor-mod/m/pl034/m_wst034.arc,romfs-player-model-inventory
34,male,legs,armor-m-pl034-legs,armor-mod/m/pl034/m_leg034.arc,romfs-player-model-inventory
35,female,head,armor-f-pl035-head,armor-mod/f/pl035/f_helm035.arc,romfs-player-model-inventory
35,female,chest,armor-f-pl035-chest,armor-mod/f/pl035/f_body035.arc,romfs-player-model-inventory
35,female,arms,armor-f-pl035-arms,armor-mod/f/pl035/f_arm035.arc,romfs-player-model-inventory
35,female,waist,armor-f-pl035-waist,armor-mod/f/pl035/f_wst035.arc,romfs-player-model-inventory
35,female,legs,armor-f-pl035-legs,armor-mod/f/pl035/f_leg035.arc,romfs-player-model-inventory
35,male,head,armor-m-pl035-head,armor-mod/m/pl035/m_helm035.arc,romfs-player-model-inventory
35,male,chest,armor-m-pl035-chest,armor-mod/m/pl035/m_body035.arc,romfs-player-model-inventory
35,male,arms,armor-m-pl035-arms,armor-mod/m/pl035/m_arm035.arc,romfs-player-model-inventory
35,male,waist,armor-m-pl035-waist,armor-mod/m/pl035/m_wst035.arc,romfs-player-model-inventory
35,male,legs,armor-m-pl035-legs,armor-mod/m/pl035/m_leg035.arc,romfs-player-model-inventory
36,female,head,armor-f-pl036-head,armor-mod/f/pl036/f_helm036.arc,romfs-player-model-inventory
36,female,chest,armor-f-pl036-chest,armor-mod/f/pl036/f_body036.arc,romfs-player-model-inventory
36,female,arms,armor-f-pl036-arms,armor-mod/f/pl036/f_arm036.arc,romfs-player-model-inventory
36,female,waist,armor-f-pl036-waist,armor-mod/f/pl036/f_wst036.arc,romfs-player-model-inventory
36,female,legs,armor-f-pl036-legs,armor-mod/f/pl036/f_leg036.arc,romfs-player-model-inventory
36,male,head,armor-m-pl036-head,armor-mod/m/pl036/m_helm036.arc,romfs-player-model-inventory
36,male,chest,armor-m-pl036-chest,armor-mod/m/pl036/m_body036.arc,romfs-player-model-inventory
36,male,arms,armor-m-pl036-arms,armor-mod/m/pl036/m_arm036.arc,romfs-player-model-inventory
36,male,waist,armor-m-pl036-waist,armor-mod/m/pl036/m_wst036.arc,romfs-player-model-inventory
36,male,legs,armor-m-pl036-legs,armor-mod/m/pl036/m_leg036.arc,romfs-player-model-inventory
37,female,head,armor-f-pl037-head,armor-mod/f/pl037/f_helm037.arc,romfs-player-model-inventory
37,female,chest,armor-f-pl037-chest,armor-mod/f/pl037/f_body037.arc,romfs-player-model-inventory
37,female,arms,armor-f-pl037-arms,armor-mod/f/pl037/f_arm037.arc,romfs-player-model-inventory
37,female,waist,armor-f-pl037-waist,armor-mod/f/pl037/f_wst037.arc,romfs-player-model-inventory
37,female,legs,armor-f-pl037-legs,armor-mod/f/pl037/f_leg037.arc,romfs-player-model-inventory
37,male,head,armor-m-pl037-head,armor-mod/m/pl037/m_helm037.arc,romfs-player-model-inventory
37,male,chest,armor-m-pl037-chest,armor-mod/m/pl037/m_body037.arc,romfs-player-model-inventory
37,male,arms,armor-m-pl037-arms,armor-mod/m/pl037/m_arm037.arc,romfs-player-model-inventory
37,male,waist,armor-m-pl037-waist,armor-mod/m/pl037/m_wst037.arc,romfs-player-model-inventory
37,male,legs,armor-m-pl037-legs,armor-mod/m/pl037/m_leg037.arc,romfs-player-model-inventory
38,female,head,armor-f-pl038-head,armor-mod/f/pl038/f_helm038.arc,romfs-player-model-inventory
38,female,chest,armor-f-pl038-chest,armor-mod/f/pl038/f_body038.arc,romfs-player-model-inventory
38,female,arms,armor-f-pl038-arms,armor-mod/f/pl038/f_arm038.arc,romfs-player-model-inventory
38,female,waist,armor-f-pl038-waist,armor-mod/f/pl038/f_wst038.arc,romfs-player-model-inventory
38,female,legs,armor-f-pl038-legs,armor-mod/f/pl038/f_leg038.arc,romfs-player-model-inventory
38,male,head,armor-m-pl038-head,armor-mod/m/pl038/m_helm038.arc,romfs-player-model-inventory
38,male,chest,armor-m-pl038-chest,armor-mod/m/pl038/m_body038.arc,romfs-player-model-inventory
38,male,arms,armor-m-pl038-arms,armor-mod/m/pl038/m_arm038.arc,romfs-player-model-inventory
38,male,waist,armor-m-pl038-waist,armor-mod/m/pl038/m_wst038.arc,romfs-player-model-inventory
38,male,legs,armor-m-pl038-legs,armor-mod/m/pl038/m_leg038.arc,romfs-player-model-inventory
39,female,head,armor-f-pl039-head,armor-mod/f/pl039/f_helm039.arc,romfs-player-model-inventory
39,female,chest,armor-f-pl039-chest,armor-mod/f/pl039/f_body039.arc,romfs-player-model-inventory
39,female,arms,armor-f-pl039-arms,armor-mod/f/pl039/f_arm039.arc,romfs-player-model-inventory
39,female,waist,armor-f-pl039-waist,armor-mod/f/pl039/f_wst039.arc,romfs-player-model-inventory
39,female,legs,armor-f-pl039-legs,armor-mod/f/pl039/f_leg039.arc,romfs-player-model-inventory
39,male,head,armor-m-pl039-head,armor-mod/m/pl039/m_helm039.arc,romfs-player-model-inventory
39,male,chest,armor-m-pl039-chest,armor-mod/m/pl039/m_body039.arc,romfs-player-model-inventory
39,male,arms,armor-m-pl039-arms,armor-mod/m/pl039/m_arm039.arc,romfs-player-model-inventory
39,male,waist,armor-m-pl039-waist,armor-mod/m/pl039/m_wst039.arc,romfs-player-model-inventory
39,male,legs,armor-m-pl039-legs,armor-mod/m/pl039/m_leg039.arc,romfs-player-model-inventory
40,female,head,armor-f-pl040-head,armor-mod/f/pl040/f_helm040.arc,romfs-player-model-inventory
40,female,chest,armor-f-pl040-chest,armor-mod/f/pl040/f_body040.arc,romfs-player-model-inventory
40,female,arms,armor-f-pl040-arms,armor-mod/f/pl040/f_arm040.arc,romfs-player-model-inventory
40,female,waist,armor-f-pl040-waist,armor-mod/f/pl040/f_wst040.arc,romfs-player-model-inventory
40,female,legs,armor-f-pl040-legs,armor-mod/f/pl040/f_leg040.arc,romfs-player-model-inventory
40,male,head,armor-m-pl040-head,armor-mod/m/pl040/m_helm040.arc,romfs-player-model-inventory
40,male,chest,armor-m-pl040-chest,armor-mod/m/pl040/m_body040.arc,romfs-player-model-inventory
40,male,arms,armor-m-pl040-arms,armor-mod/m/pl040/m_arm040.arc,romfs-player-model-inventory
40,male,waist,armor-m-pl040-waist,armor-mod/m/pl040/m_wst040.arc,romfs-player-model-inventory
40,male,legs,armor-m-pl040-legs,armor-mod/m/pl040/m_leg040.arc,romfs-player-model-inventory
41,female,head,armor-f-pl041-head,armor-mod/f/pl041/f_helm041.arc,romfs-player-model-inventory
41,female,chest,armor-f-pl041-chest,armor-mod/f/pl041/f_body041.arc,romfs-player-model-inventory
41,female,arms,armor-f-pl041-arms,armor-mod/f/pl041/f_arm041.arc,romfs-player-model-inventory
41,female,waist,armor-f-pl041-waist,armor-mod/f/pl041/f_wst041.arc,romfs-player-model-inventory
41,female,legs,armor-f-pl041-legs,armor-mod/f/pl041/f_leg041.arc,romfs-player-model-inventory
41,male,head,armor-m-pl041-head,armor-mod/m/pl041/m_helm041.arc,romfs-player-model-inventory
41,male,chest,armor-m-pl041-chest,armor-mod/m/pl041/m_body041.arc,romfs-player-model-inventory
41,male,arms,armor-m-pl041-arms,armor-mod/m/pl041/m_arm041.arc,romfs-player-model-inventory
41,male,waist,armor-m-pl041-waist,armor-mod/m/pl041/m_wst041.arc,romfs-player-model-inventory
41,male,legs,armor-m-pl041-legs,armor-mod/m/pl041/m_leg041.arc,romfs-player-model-inventory
42,female,head,armor-f-pl042-head,armor-mod/f/pl042/f_helm042.arc,romfs-player-model-inventory
42,female,chest,armor-f-pl042-chest,armor-mod/f/pl042/f_body042.arc,romfs-player-model-inventory
42,female,arms,armor-f-pl042-arms,armor-mod/f/pl042/f_arm042.arc,romfs-player-model-inventory
42,female,waist,armor-f-pl042-waist,armor-mod/f/pl042/f_wst042.arc,romfs-player-model-inventory
42,female,legs,armor-f-pl042-legs,armor-mod/f/pl042/f_leg042.arc,romfs-player-model-inventory
42,male,head,armor-m-pl042-head,armor-mod/m/pl042/m_helm042.arc,romfs-player-model-inventory
42,male,chest,armor-m-pl042-chest,armor-mod/m/pl042/m_body042.arc,romfs-player-model-inventory
42,male,arms,armor-m-pl042-arms,armor-mod/m/pl042/m_arm042.arc,romfs-player-model-inventory
42,male,waist,armor-m-pl042-waist,armor-mod/m/pl042/m_wst042.arc,romfs-player-model-inventory
42,male,legs,armor-m-pl042-legs,armor-mod/m/pl042/m_leg042.arc,romfs-player-model-inventory
43,female,head,armor-f-pl043-head,armor-mod/f/pl043/f_helm043.arc,romfs-player-model-inventory
43,female,chest,armor-f-pl043-chest,armor-mod/f/pl043/f_body043.arc,romfs-player-model-inventory
43,female,arms,armor-f-pl043-arms,armor-mod/f/pl043/f_arm043.arc,romfs-player-model-inventory
43,female,waist,armor-f-pl043-waist,armor-mod/f/pl043/f_wst043.arc,romfs-player-model-inventory
43,female,legs,armor-f-pl043-legs,armor-mod/f/pl043/f_leg043.arc,romfs-player-model-inventory
43,male,head,armor-m-pl043-head,armor-mod/m/pl043/m_helm043.arc,romfs-player-model-inventory
43,male,chest,armor-m-pl043-chest,armor-mod/m/pl043/m_body043.arc,romfs-player-model-inventory
43,male,arms,armor-m-pl043-arms,armor-mod/m/pl043/m_arm043.arc,romfs-player-model-inventory
43,male,waist,armor-m-pl043-waist,armor-mod/m/pl043/m_wst043.arc,romfs-player-model-inventory
43,male,legs,armor-m-pl043-legs,armor-mod/m/pl043/m_leg043.arc,romfs-player-model-inventory
44,female,head,armor-f-pl044-head,armor-mod/f/pl044/f_helm044.arc,romfs-player-model-inventory
44,female,chest,armor-f-pl044-chest,armor-mod/f/pl044/f_body044.arc,romfs-player-model-inventory
44,female,arms,armor-f-pl044-arms,armor-mod/f/pl044/f_arm044.arc,romfs-player-model-inventory
44,female,waist,armor-f-pl044-waist,armor-mod/f/pl044/f_wst044.arc,romfs-player-model-inventory
44,female,legs,armor-f-pl044-legs,armor-mod/f/pl044/f_leg044.arc,romfs-player-model-inventory
44,male,head,armor-m-pl044-head,armor-mod/m/pl044/m_helm044.arc,romfs-player-model-inventory
44,male,chest,armor-m-pl044-chest,armor-mod/m/pl044/m_body044.arc,romfs-player-model-inventory
44,male,arms,armor-m-pl044-arms,armor-mod/m/pl044/m_arm044.arc,romfs-player-model-inventory
44,male,waist,armor-m-pl044-waist,armor-mod/m/pl044/m_wst044.arc,romfs-player-model-inventory
44,male,legs,armor-m-pl044-legs,armor-mod/m/pl044/m_leg044.arc,romfs-player-model-inventory
45,female,head,armor-f-pl045-head,armor-mod/f/pl045/f_helm045.arc,romfs-player-model-inventory
45,female,chest,armor-f-pl045-chest,armor-mod/f/pl045/f_body045.arc,romfs-player-model-inventory
45,female,arms,armor-f-pl045-arms,armor-mod/f/pl045/f_arm045.arc,romfs-player-model-inventory
45,female,waist,armor-f-pl045-waist,armor-mod/f/pl045/f_wst045.arc,romfs-player-model-inventory
45,female,legs,armor-f-pl045-legs,armor-mod/f/pl045/f_leg045.arc,romfs-player-model-inventory
45,male,head,armor-m-pl045-head,armor-mod/m/pl045/m_helm045.arc,romfs-player-model-inventory
45,male,chest,armor-m-pl045-chest,armor-mod/m/pl045/m_body045.arc,romfs-player-model-inventory
45,male,arms,armor-m-pl045-arms,armor-mod/m/pl045/m_arm045.arc,romfs-player-model-inventory
45,male,waist,armor-m-pl045-waist,armor-mod/m/pl045/m_wst045.arc,romfs-player-model-inventory
45,male,legs,armor-m-pl045-legs,armor-mod/m/pl045/m_leg045.arc,romfs-player-model-inventory
46,female,head,armor-f-pl046-head,armor-mod/f/pl046/f_helm046.arc,romfs-player-model-inventory
46,female,chest,armor-f-pl046-chest,armor-mod/f/pl046/f_body046.arc,romfs-player-model-inventory
46,female,arms,armor-f-pl046-arms,armor-mod/f/pl046/f_arm046.arc,romfs-player-model-inventory
46,female,waist,armor-f-pl046-waist,armor-mod/f/pl046/f_wst046.arc,romfs-player-model-inventory
46,female,legs,armor-f-pl046-legs,armor-mod/f/pl046/f_leg046.arc,romfs-player-model-inventory
46,male,head,armor-m-pl046-head,armor-mod/m/pl046/m_helm046.arc,romfs-player-model-inventory
46,male,chest,armor-m-pl046-chest,armor-mod/m/pl046/m_body046.arc,romfs-player-model-inventory
46,male,arms,armor-m-pl046-arms,armor-mod/m/pl046/m_arm046.arc,romfs-player-model-inventory
46,male,waist,armor-m-pl046-waist,armor-mod/m/pl046/m_wst046.arc,romfs-player-model-inventory
46,male,legs,armor-m-pl046-legs,armor-mod/m/pl046/m_leg046.arc,romfs-player-model-inventory
47,female,head,armor-f-pl047-head,armor-mod/f/pl047/f_helm047.arc,romfs-player-model-inventory
47,female,chest,armor-f-pl047-chest,armor-mod/f/pl047/f_body047.arc,romfs-player-model-inventory
47,female,arms,armor-f-pl047-arms,armor-mod/f/pl047/f_arm047.arc,romfs-player-model-inventory
47,female,waist,armor-f-pl047-waist,armor-mod/f/pl047/f_wst047.arc,romfs-player-model-inventory
47,female,legs,armor-f-pl047-legs,armor-mod/f/pl047/f_leg047.arc,romfs-player-model-inventory
47,male,head,armor-m-pl047-head,armor-mod/m/pl047/m_helm047.arc,romfs-player-model-inventory
47,male,chest,armor-m-pl047-chest,armor-mod/m/pl047/m_body047.arc,romfs-player-model-inventory
47,male,arms,armor-m-pl047-arms,armor-mod/m/pl047/m_arm047.arc,romfs-player-model-inventory
47,male,waist,armor-m-pl047-waist,armor-mod/m/pl047/m_wst047.arc,romfs-player-model-inventory
47,male,legs,armor-m-pl047-legs,armor-mod/m/pl047/m_leg047.arc,romfs-player-model-inventory
48,female,head,armor-f-pl048-head,armor-mod/f/pl048/f_helm048.arc,romfs-player-model-inventory
48,female,chest,armor-f-pl048-chest,armor-mod/f/pl048/f_body048.arc,romfs-player-model-inventory
48,female,arms,armor-f-pl048-arms,armor-mod/f/pl048/f_arm048.arc,romfs-player-model-inventory
48,female,waist,armor-f-pl048-waist,armor-mod/f/pl048/f_wst048.arc,romfs-player-model-inventory
48,female,legs,armor-f-pl048-legs,armor-mod/f/pl048/f_leg048.arc,romfs-player-model-inventory
48,male,head,armor-m-pl048-head,armor-mod/m/pl048/m_helm048.arc,romfs-player-model-inventory
48,male,chest,armor-m-pl048-chest,armor-mod/m/pl048/m_body048.arc,romfs-player-model-inventory
48,male,arms,armor-m-pl048-arms,armor-mod/m/pl048/m_arm048.arc,romfs-player-model-inventory
48,male,waist,armor-m-pl048-waist,armor-mod/m/pl048/m_wst048.arc,romfs-player-model-inventory
48,male,legs,armor-m-pl048-legs,armor-mod/m/pl048/m_leg048.arc,romfs-player-model-inventory
49,female,head,armor-f-pl049-head,armor-mod/f/pl049/f_helm049.arc,romfs-player-model-inventory
49,female,chest,armor-f-pl049-chest,armor-mod/f/pl049/f_body049.arc,romfs-player-model-inventory
49,female,arms,armor-f-pl049-arms,armor-mod/f/pl049/f_arm049.arc,romfs-player-model-inventory
49,female,waist,armor-f-pl049-waist,armor-mod/f/pl049/f_wst049.arc,romfs-player-model-inventory
49,female,legs,armor-f-pl049-legs,armor-mod/f/pl049/f_leg049.arc,romfs-player-model-inventory
49,male,head,armor-m-pl049-head,armor-mod/m/pl049/m_helm049.arc,romfs-player-model-inventory
49,male,chest,armor-m-pl049-chest,armor-mod/m/pl049/m_body049.arc,romfs-player-model-inventory
49,male,arms,armor-m-pl049-arms,armor-mod/m/pl049/m_arm049.arc,romfs-player-model-inventory
49,male,waist,armor-m-pl049-waist,armor-mod/m/pl049/m_wst049.arc,romfs-player-model-inventory
49,male,legs,armor-m-pl049-legs,armor-mod/m/pl049/m_leg049.arc,romfs-player-model-inventory
50,female,head,armor-f-pl050-head,armor-mod/f/pl050/f_helm050.arc,romfs-player-model-inventory
50,female,chest,armor-f-pl050-chest,armor-mod/f/pl050/f_body050.arc,romfs-player-model-inventory
50,female,arms,armor-f-pl050-arms,armor-mod/f/pl050/f_arm050.arc,romfs-player-model-inventory
50,female,waist,armor-f-pl050-waist,armor-mod/f/pl050/f_wst050.arc,romfs-player-model-inventory
50,female,legs,armor-f-pl050-legs,armor-mod/f/pl050/f_leg050.arc,romfs-player-model-inventory
50,male,head,armor-m-pl050-head,armor-mod/m/pl050/m_helm050.arc,romfs-player-model-inventory
50,male,chest,armor-m-pl050-chest,armor-mod/m/pl050/m_body050.arc,romfs-player-model-inventory
50,male,arms,armor-m-pl050-arms,armor-mod/m/pl050/m_arm050.arc,romfs-player-model-inventory
50,male,waist,armor-m-pl050-waist,armor-mod/m/pl050/m_wst050.arc,romfs-player-model-inventory
50,male,legs,armor-m-pl050-legs,armor-mod/m/pl050/m_leg050.arc,romfs-player-model-inventory
51,female,head,armor-f-pl051-head,armor-mod/f/pl051/f_helm051.arc,romfs-player-model-inventory
51,female,chest,armor-f-pl051-chest,armor-mod/f/pl051/f_body051.arc,romfs-player-model-inventory
51,female,arms,armor-f-pl051-arms,armor-mod/f/pl051/f_arm051.arc,romfs-player-model-inventory
51,female,waist,armor-f-pl051-waist,armor-mod/f/pl051/f_wst051.arc,romfs-player-model-inventory
51,female,legs,armor-f-pl051-legs,armor-mod/f/pl051/f_leg051.arc,romfs-player-model-inventory
51,male,head,armor-m-pl051-head,armor-mod/m/pl051/m_helm051.arc,romfs-player-model-inventory
51,male,chest,armor-m-pl051-chest,armor-mod/m/pl051/m_body051.arc,romfs-player-model-inventory
51,male,arms,armor-m-pl051-arms,armor-mod/m/pl051/m_arm051.arc,romfs-player-model-inventory
51,male,waist,armor-m-pl051-waist,armor-mod/m/pl051/m_wst051.arc,romfs-player-model-inventory
51,male,legs,armor-m-pl051-legs,armor-mod/m/pl051/m_leg051.arc,romfs-player-model-inventory
52,female,head,armor-f-pl052-head,armor-mod/f/pl052/f_helm052.arc,romfs-player-model-inventory
52,female,chest,armor-f-pl052-chest,armor-mod/f/pl052/f_body052.arc,romfs-player-model-inventory
52,female,arms,armor-f-pl052-arms,armor-mod/f/pl052/f_arm052.arc,romfs-player-model-inventory
52,female,waist,armor-f-pl052-waist,armor-mod/f/pl052/f_wst052.arc,romfs-player-model-inventory
52,female,legs,armor-f-pl052-legs,armor-mod/f/pl052/f_leg052.arc,romfs-player-model-inventory
52,male,head,armor-m-pl052-head,armor-mod/m/pl052/m_helm052.arc,romfs-player-model-inventory
52,male,chest,armor-m-pl052-chest,armor-mod/m/pl052/m_body052.arc,romfs-player-model-inventory
52,male,arms,armor-m-pl052-arms,armor-mod/m/pl052/m_arm052.arc,romfs-player-model-inventory
52,male,waist,armor-m-pl052-waist,armor-mod/m/pl052/m_wst052.arc,romfs-player-model-inventory
52,male,legs,armor-m-pl052-legs,armor-mod/m/pl052/m_leg052.arc,romfs-player-model-inventory
53,female,head,armor-f-pl053-head,armor-mod/f/pl053/f_helm053.arc,romfs-player-model-inventory
53,female,chest,armor-f-pl053-chest,armor-mod/f/pl053/f_body053.arc,romfs-player-model-inventory
53,female,arms,armor-f-pl053-arms,armor-mod/f/pl053/f_arm053.arc,romfs-player-model-inventory
53,female,waist,armor-f-pl053-waist,armor-mod/f/pl053/f_wst053.arc,romfs-player-model-inventory
53,female,legs,armor-f-pl053-legs,armor-mod/f/pl053/f_leg053.arc,romfs-player-model-inventory
53,male,head,armor-m-pl053-head,armor-mod/m/pl053/m_helm053.arc,romfs-player-model-inventory
53,male,chest,armor-m-pl053-chest,armor-mod/m/pl053/m_body053.arc,romfs-player-model-inventory
53,male,arms,armor-m-pl053-arms,armor-mod/m/pl053/m_arm053.arc,romfs-player-model-inventory
53,male,waist,armor-m-pl053-waist,armor-mod/m/pl053/m_wst053.arc,romfs-player-model-inventory
53,male,legs,armor-m-pl053-legs,armor-mod/m/pl053/m_leg053.arc,romfs-player-model-inventory
54,female,head,armor-f-pl054-head,armor-mod/f/pl054/f_helm054.arc,romfs-player-model-inventory
54,female,chest,armor-f-pl054-chest,armor-mod/f/pl054/f_body054.arc,romfs-player-model-inventory
54,female,arms,armor-f-pl054-arms,armor-mod/f/pl054/f_arm054.arc,romfs-player-model-inventory
54,female,waist,armor-f-pl054-waist,armor-mod/f/pl054/f_wst054.arc,romfs-player-model-inventory
54,female,legs,armor-f-pl054-legs,armor-mod/f/pl054/f_leg054.arc,romfs-player-model-inventory
54,male,head,armor-m-pl054-head,armor-mod/m/pl054/m_helm054.arc,romfs-player-model-inventory
54,male,chest,armor-m-pl054-chest,armor-mod/m/pl054/m_body054.arc,romfs-player-model-inventory
54,male,arms,armor-m-pl054-arms,armor-mod/m/pl054/m_arm054.arc,romfs-player-model-inventory
54,male,waist,armor-m-pl054-waist,armor-mod/m/pl054/m_wst054.arc,romfs-player-model-inventory
54,male,legs,armor-m-pl054-legs,armor-mod/m/pl054/m_leg054.arc,romfs-player-model-inventory
55,female,head,armor-f-pl055-head,armor-mod/f/pl055/f_helm055.arc,romfs-player-model-inventory
55,female,chest,armor-f-pl055-chest,armor-mod/f/pl055/f_body055.arc,romfs-player-model-inventory
55,female,arms,armor-f-pl055-arms,armor-mod/f/pl055/f_arm055.arc,romfs-player-model-inventory
55,female,waist,armor-f-pl055-waist,armor-mod/f/pl055/f_wst055.arc,romfs-player-model-inventory
55,female,legs,armor-f-pl055-legs,armor-mod/f/pl055/f_leg055.arc,romfs-player-model-inventory
55,male,head,armor-m-pl055-head,armor-mod/m/pl055/m_helm055.arc,romfs-player-model-inventory
55,male,chest,armor-m-pl055-chest,armor-mod/m/pl055/m_body055.arc,romfs-player-model-inventory
55,male,arms,armor-m-pl055-arms,armor-mod/m/pl055/m_arm055.arc,romfs-player-model-inventory
55,male,waist,armor-m-pl055-waist,armor-mod/m/pl055/m_wst055.arc,romfs-player-model-inventory
55,male,legs,armor-m-pl055-legs,armor-mod/m/pl055/m_leg055.arc,romfs-player-model-inventory
56,female,head,armor-f-pl056-head,armor-mod/f/pl056/f_helm056.arc,romfs-player-model-inventory
56,female,chest,armor-f-pl056-chest,armor-mod/f/pl056/f_body056.arc,romfs-player-model-inventory
56,female,arms,armor-f-pl056-arms,armor-mod/f/pl056/f_arm056.arc,romfs-player-model-inventory
56,female,waist,armor-f-pl056-waist,armor-mod/f/pl056/f_wst056.arc,romfs-player-model-inventory
56,female,legs,armor-f-pl056-legs,armor-mod/f/pl056/f_leg056.arc,romfs-player-model-inventory
56,male,head,armor-m-pl056-head,armor-mod/m/pl056/m_helm056.arc,romfs-player-model-inventory
56,male,chest,armor-m-pl056-chest,armor-mod/m/pl056/m_body056.arc,romfs-player-model-inventory
56,male,arms,armor-m-pl056-arms,armor-mod/m/pl056/m_arm056.arc,romfs-player-model-inventory
56,male,waist,armor-m-pl056-waist,armor-mod/m/pl056/m_wst056.arc,romfs-player-model-inventory
56,male,legs,armor-m-pl056-legs,armor-mod/m/pl056/m_leg056.arc,romfs-player-model-inventory
57,female,head,armor-f-pl057-head,armor-mod/f/pl057/f_helm057.arc,romfs-player-model-inventory
57,female,chest,armor-f-pl057-chest,armor-mod/f/pl057/f_body057.arc,romfs-player-model-inventory
57,female,arms,armor-f-pl057-arms,armor-mod/f/pl057/f_arm057.arc,romfs-player-model-inventory
57,female,waist,armor-f-pl057-waist,armor-mod/f/pl057/f_wst057.arc,romfs-player-model-inventory
57,female,legs,armor-f-pl057-legs,armor-mod/f/pl057/f_leg057.arc,romfs-player-model-inventory
57,male,head,armor-m-pl057-head,armor-mod/m/pl057/m_helm057.arc,romfs-player-model-inventory
57,male,chest,armor-m-pl057-chest,armor-mod/m/pl057/m_body057.arc,romfs-player-model-inventory
57,male,arms,armor-m-pl057-arms,armor-mod/m/pl057/m_arm057.arc,romfs-player-model-inventory
57,male,waist,armor-m-pl057-waist,armor-mod/m/pl057/m_wst057.arc,romfs-player-model-inventory
57,male,legs,armor-m-pl057-legs,armor-mod/m/pl057/m_leg057.arc,romfs-player-model-inventory
58,female,head,armor-f-pl058-head,armor-mod/f/pl058/f_helm058.arc,romfs-player-model-inventory
58,female,chest,armor-f-pl058-chest,armor-mod/f/pl058/f_body058.arc,romfs-player-model-inventory
58,female,arms,armor-f-pl058-arms,armor-mod/f/pl058/f_arm058.arc,romfs-player-model-inventory
58,female,waist,armor-f-pl058-waist,armor-mod/f/pl058/f_wst058.arc,romfs-player-model-inventory
58,female,legs,armor-f-pl058-legs,armor-mod/f/pl058/f_leg058.arc,romfs-player-model-inventory
58,male,head,armor-m-pl058-head,armor-mod/m/pl058/m_helm058.arc,romfs-player-model-inventory
58,male,chest,armor-m-pl058-chest,armor-mod/m/pl058/m_body058.arc,romfs-player-model-inventory
58,male,arms,armor-m-pl058-arms,armor-mod/m/pl058/m_arm058.arc,romfs-player-model-inventory
58,male,waist,armor-m-pl058-waist,armor-mod/m/pl058/m_wst058.arc,romfs-player-model-inventory
58,male,legs,armor-m-pl058-legs,armor-mod/m/pl058/m_leg058.arc,romfs-player-model-inventory
59,female,head,armor-f-pl059-head,armor-mod/f/pl059/f_helm059.arc,romfs-player-model-inventory
59,female,chest,armor-f-pl059-chest,armor-mod/f/pl059/f_body059.arc,romfs-player-model-inventory
59,female,arms,armor-f-pl059-arms,armor-mod/f/pl059/f_arm059.arc,romfs-player-model-inventory
59,female,waist,armor-f-pl059-waist,armor-mod/f/pl059/f_wst059.arc,romfs-player-model-inventory
59,female,legs,armor-f-pl059-legs,armor-mod/f/pl059/f_leg059.arc,romfs-player-model-inventory
59,male,head,armor-m-pl059-head,armor-mod/m/pl059/m_helm059.arc,romfs-player-model-inventory
59,male,chest,armor-m-pl059-chest,armor-mod/m/pl059/m_body059.arc,romfs-player-model-inventory
59,male,arms,armor-m-pl059-arms,armor-mod/m/pl059/m_arm059.arc,romfs-player-model-inventory
59,male,waist,armor-m-pl059-waist,armor-mod/m/pl059/m_wst059.arc,romfs-player-model-inventory
59,male,legs,armor-m-pl059-legs,armor-mod/m/pl059/m_leg059.arc,romfs-player-model-inventory
60,female,chest,armor-f-pl060-chest,armor-mod/f/pl060/f_body060.arc,romfs-player-model-inventory
60,female,arms,armor-f-pl060-arms,armor-mod/f/pl060/f_arm060.arc,romfs-player-model-inventory
60,female,legs,armor-f-pl060-legs,armor-mod/f/pl060/f_leg060.arc,romfs-player-model-inventory
60,male,chest,armor-m-pl060-chest,armor-mod/m/pl060/m_body060.arc,romfs-player-model-inventory
60,male,arms,armor-m-pl060-arms,armor-mod/m/pl060/m_arm060.arc,romfs-player-model-inventory
60,male,legs,armor-m-pl060-legs,armor-mod/m/pl060/m_leg060.arc,romfs-player-model-inventory
61,female,chest,armor-f-pl061-chest,armor-mod/f/pl061/f_body061.arc,romfs-player-model-inventory
61,female,arms,armor-f-pl061-arms,armor-mod/f/pl061/f_arm061.arc,romfs-player-model-inventory
61,female,legs,armor-f-pl061-legs,armor-mod/f/pl061/f_leg061.arc,romfs-player-model-inventory
61,male,chest,armor-m-pl061-chest,armor-mod/m/pl061/m_body061.arc,romfs-player-model-inventory
61,male,arms,armor-m-pl061-arms,armor-mod/m/pl061/m_arm061.arc,romfs-player-model-inventory
61,male,legs,armor-m-pl061-legs,armor-mod/m/pl061/m_leg061.arc,romfs-player-model-inventory
62,female,chest,armor-f-pl062-chest,armor-mod/f/pl062/f_body062.arc,romfs-player-model-inventory
62,female,arms,armor-f-pl062-arms,armor-mod/f/pl062/f_arm062.arc,romfs-player-model-inventory
62,female,legs,armor-f-pl062-legs,armor-mod/f/pl062/f_leg062.arc,romfs-player-model-inventory
62,male,chest,armor-m-pl062-chest,armor-mod/m/pl062/m_body062.arc,romfs-player-model-inventory
62,male,arms,armor-m-pl062-arms,armor-mod/m/pl062/m_arm062.arc,romfs-player-model-inventory
62,male,legs,armor-m-pl062-legs,armor-mod/m/pl062/m_leg062.arc,romfs-player-model-inventory
63,female,chest,armor-f-pl063-chest,armor-mod/f/pl063/f_body063.arc,romfs-player-model-inventory
63,female,arms,armor-f-pl063-arms,armor-mod/f/pl063/f_arm063.arc,romfs-player-model-inventory
63,female,legs,armor-f-pl063-legs,armor-mod/f/pl063/f_leg063.arc,romfs-player-model-inventory
63,male,chest,armor-m-pl063-chest,armor-mod/m/pl063/m_body063.arc,romfs-player-model-inventory
63,male,arms,armor-m-pl063-arms,armor-mod/m/pl063/m_arm063.arc,romfs-player-model-inventory
63,male,legs,armor-m-pl063-legs,armor-mod/m/pl063/m_leg063.arc,romfs-player-model-inventory
64,female,chest,armor-f-pl064-chest,armor-mod/f/pl064/f_body064.arc,romfs-player-model-inventory
64,male,chest,armor-m-pl064-chest,armor-mod/m/pl064/m_body064.arc,romfs-player-model-inventory
65,female,chest,armor-f-pl065-chest,armor-mod/f/pl065/f_body065.arc,romfs-player-model-inventory
65,male,chest,armor-m-pl065-chest,armor-mod/m/pl065/m_body065.arc,romfs-player-model-inventory
66,female,head,armor-f-pl066-head,armor-mod/f/pl066/f_helm066.arc,romfs-player-model-inventory
66,male,head,armor-m-pl066-head,armor-mod/m/pl066/m_helm066.arc,romfs-player-model-inventory
67,female,head,armor-f-pl067-head,armor-mod/f/pl067/f_helm067.arc,romfs-player-model-inventory
67,male,head,armor-m-pl067-head,armor-mod/m/pl067/m_helm067.arc,romfs-player-model-inventory
68,female,head,armor-f-pl068-head,armor-mod/f/pl068/f_helm068.arc,romfs-player-model-inventory
68,female,chest,armor-f-pl068-chest,armor-mod/f/pl068/f_body068.arc,romfs-player-model-inventory
68,female,arms,armor-f-pl068-arms,armor-mod/f/pl068/f_arm068.arc,romfs-player-model-inventory
68,female,legs,armor-f-pl068-legs,armor-mod/f/pl068/f_leg068.arc,romfs-player-model-inventory
68,male,head,armor-m-pl068-head,armor-mod/m/pl068/m_helm068.arc,romfs-player-model-inventory
68,male,chest,armor-m-pl068-chest,armor-mod/m/pl068/m_body068.arc,romfs-player-model-inventory
68,male,arms,armor-m-pl068-arms,armor-mod/m/pl068/m_arm068.arc,romfs-player-model-inventory
68,male,legs,armor-m-pl068-legs,armor-mod/m/pl068/m_leg068.arc,romfs-player-model-inventory
69,female,head,armor-f-pl069-head,armor-mod/f/pl069/f_helm069.arc,romfs-player-model-inventory
69,female,chest,armor-f-pl069-chest,armor-mod/f/pl069/f_body069.arc,romfs-player-model-inventory
69,female,arms,armor-f-pl069-arms,armor-mod/f/pl069/f_arm069.arc,romfs-player-model-inventory
69,female,legs,armor-f-pl069-legs,armor-mod/f/pl069/f_leg069.arc,romfs-player-model-inventory
69,male,head,armor-m-pl069-head,armor-mod/m/pl069/m_helm069.arc,romfs-player-model-inventory
69,male,chest,armor-m-pl069-chest,armor-mod/m/pl069/m_body069.arc,romfs-player-model-inventory
69,male,arms,armor-m-pl069-arms,armor-mod/m/pl069/m_arm069.arc,romfs-player-model-inventory
69,male,legs,armor-m-pl069-legs,armor-mod/m/pl069/m_leg069.arc,romfs-player-model-inventory
70,female,head,armor-f-pl070-head,armor-mod/f/pl070/f_helm070.arc,romfs-player-model-inventory
70,female,chest,armor-f-pl070-chest,armor-mod/f/pl070/f_body070.arc,romfs-player-model-inventory
70,female,arms,armor-f-pl070-arms,armor-mod/f/pl070/f_arm070.arc,romfs-player-model-inventory
70,female,waist,armor-f-pl070-waist,armor-mod/f/pl070/f_wst070.arc,romfs-player-model-inventory
70,female,legs,armor-f-pl070-legs,armor-mod/f/pl070/f_leg070.arc,romfs-player-model-inventory
70,male,head,armor-m-pl070-head,armor-mod/m/pl070/m_helm070.arc,romfs-player-model-inventory
70,male,chest,armor-m-pl070-chest,armor-mod/m/pl070/m_body070.arc,romfs-player-model-inventory
70,male,arms,armor-m-pl070-arms,armor-mod/m/pl070/m_arm070.arc,romfs-player-model-inventory
70,male,waist,armor-m-pl070-waist,armor-mod/m/pl070/m_wst070.arc,romfs-player-model-inventory
70,male,legs,armor-m-pl070-legs,armor-mod/m/pl070/m_leg070.arc,romfs-player-model-inventory
71,female,head,armor-f-pl071-head,armor-mod/f/pl071/f_helm071.arc,romfs-player-model-inventory
71,female,chest,armor-f-pl071-chest,armor-mod/f/pl071/f_body071.arc,romfs-player-model-inventory
71,female,arms,armor-f-pl071-arms,armor-mod/f/pl071/f_arm071.arc,romfs-player-model-inventory
71,female,waist,armor-f-pl071-waist,armor-mod/f/pl071/f_wst071.arc,romfs-player-model-inventory
71,female,legs,armor-f-pl071-legs,armor-mod/f/pl071/f_leg071.arc,romfs-player-model-inventory
71,male,head,armor-m-pl071-head,armor-mod/m/pl071/m_helm071.arc,romfs-player-model-inventory
71,male,chest,armor-m-pl071-chest,armor-mod/m/pl071/m_body071.arc,romfs-player-model-inventory
71,male,arms,armor-m-pl071-arms,armor-mod/m/pl071/m_arm071.arc,romfs-player-model-inventory
71,male,waist,armor-m-pl071-waist,armor-mod/m/pl071/m_wst071.arc,romfs-player-model-inventory
71,male,legs,armor-m-pl071-legs,armor-mod/m/pl071/m_leg071.arc,romfs-player-model-inventory
72,female,head,armor-f-pl072-head,armor-mod/f/pl072/f_helm072.arc,romfs-player-model-inventory
72,female,chest,armor-f-pl072-chest,armor-mod/f/pl072/f_body072.arc,romfs-player-model-inventory
72,female,arms,armor-f-pl072-arms,armor-mod/f/pl072/f_arm072.arc,romfs-player-model-inventory
72,female,waist,armor-f-pl072-waist,armor-mod/f/pl072/f_wst072.arc,romfs-player-model-inventory
72,female,legs,armor-f-pl072-legs,armor-mod/f/pl072/f_leg072.arc,romfs-player-model-inventory
72,male,head,armor-m-pl072-head,armor-mod/m/pl072/m_helm072.arc,romfs-player-model-inventory
72,male,chest,armor-m-pl072-chest,armor-mod/m/pl072/m_body072.arc,romfs-player-model-inventory
72,male,arms,armor-m-pl072-arms,armor-mod/m/pl072/m_arm072.arc,romfs-player-model-inventory
72,male,waist,armor-m-pl072-waist,armor-mod/m/pl072/m_wst072.arc,romfs-player-model-inventory
72,male,legs,armor-m-pl072-legs,armor-mod/m/pl072/m_leg072.arc,romfs-player-model-inventory
73,female,head,armor-f-pl073-head,armor-mod/f/pl073/f_helm073.arc,romfs-player-model-inventory
73,female,chest,armor-f-pl073-chest,armor-mod/f/pl073/f_body073.arc,romfs-player-model-inventory
73,female,arms,armor-f-pl073-arms,armor-mod/f/pl073/f_arm073.arc,romfs-player-model-inventory
73,female,waist,armor-f-pl073-waist,armor-mod/f/pl073/f_wst073.arc,romfs-player-model-inventory
73,female,legs,armor-f-pl073-legs,armor-mod/f/pl073/f_leg073.arc,romfs-player-model-inventory
73,male,head,armor-m-pl073-head,armor-mod/m/pl073/m_helm073.arc,romfs-player-model-inventory
73,male,chest,armor-m-pl073-chest,armor-mod/m/pl073/m_body073.arc,romfs-player-model-inventory
73,male,arms,armor-m-pl073-arms,armor-mod/m/pl073/m_arm073.arc,romfs-player-model-inventory
73,male,waist,armor-m-pl073-waist,armor-mod/m/pl073/m_wst073.arc,romfs-player-model-inventory
73,male,legs,armor-m-pl073-legs,armor-mod/m/pl073/m_leg073.arc,romfs-player-model-inventory
74,female,head,armor-f-pl074-head,armor-mod/f/pl074/f_helm074.arc,romfs-player-model-inventory
74,female,chest,armor-f-pl074-chest,armor-mod/f/pl074/f_body074.arc,romfs-player-model-inventory
74,female,arms,armor-f-pl074-arms,armor-mod/f/pl074/f_arm074.arc,romfs-player-model-inventory
74,female,waist,armor-f-pl074-waist,armor-mod/f/pl074/f_wst074.arc,romfs-player-model-inventory
74,female,legs,armor-f-pl074-legs,armor-mod/f/pl074/f_leg074.arc,romfs-player-model-inventory
74,male,head,armor-m-pl074-head,armor-mod/m/pl074/m_helm074.arc,romfs-player-model-inventory
74,male,chest,armor-m-pl074-chest,armor-mod/m/pl074/m_body074.arc,romfs-player-model-inventory
74,male,arms,armor-m-pl074-arms,armor-mod/m/pl074/m_arm074.arc,romfs-player-model-inventory
74,male,waist,armor-m-pl074-waist,armor-mod/m/pl074/m_wst074.arc,romfs-player-model-inventory
74,male,legs,armor-m-pl074-legs,armor-mod/m/pl074/m_leg074.arc,romfs-player-model-inventory
75,female,head,armor-f-pl075-head,armor-mod/f/pl075/f_helm075.arc,romfs-player-model-inventory
75,female,chest,armor-f-pl075-chest,armor-mod/f/pl075/f_body075.arc,romfs-player-model-inventory
75,female,arms,armor-f-pl075-arms,armor-mod/f/pl075/f_arm075.arc,romfs-player-model-inventory
75,female,waist,armor-f-pl075-waist,armor-mod/f/pl075/f_wst075.arc,romfs-player-model-inventory
75,female,legs,armor-f-pl075-legs,armor-mod/f/pl075/f_leg075.arc,romfs-player-model-inventory
75,male,head,armor-m-pl075-head,armor-mod/m/pl075/m_helm075.arc,romfs-player-model-inventory
75,male,chest,armor-m-pl075-chest,armor-mod/m/pl075/m_body075.arc,romfs-player-model-inventory
75,male,arms,armor-m-pl075-arms,armor-mod/m/pl075/m_arm075.arc,romfs-player-model-inventory
75,male,waist,armor-m-pl075-waist,armor-mod/m/pl075/m_wst075.arc,romfs-player-model-inventory
75,male,legs,armor-m-pl075-legs,armor-mod/m/pl075/m_leg075.arc,romfs-player-model-inventory
76,female,head,armor-f-pl076-head,armor-mod/f/pl076/f_helm076.arc,romfs-player-model-inventory
76,female,chest,armor-f-pl076-chest,armor-mod/f/pl076/f_body076.arc,romfs-player-model-inventory
76,female,arms,armor-f-pl076-arms,armor-mod/f/pl076/f_arm076.arc,romfs-player-model-inventory
76,female,waist,armor-f-pl076-waist,armor-mod/f/pl076/f_wst076.arc,romfs-player-model-inventory
76,female,legs,armor-f-pl076-legs,armor-mod/f/pl076/f_leg076.arc,romfs-player-model-inventory
76,male,head,armor-m-pl076-head,armor-mod/m/pl076/m_helm076.arc,romfs-player-model-inventory
76,male,chest,armor-m-pl076-chest,armor-mod/m/pl076/m_body076.arc,romfs-player-model-inventory
76,male,arms,armor-m-pl076-arms,armor-mod/m/pl076/m_arm076.arc,romfs-player-model-inventory
76,male,waist,armor-m-pl076-waist,armor-mod/m/pl076/m_wst076.arc,romfs-player-model-inventory
76,male,legs,armor-m-pl076-legs,armor-mod/m/pl076/m_leg076.arc,romfs-player-model-inventory
77,female,head,armor-f-pl077-head,armor-mod/f/pl077/f_helm077.arc,romfs-player-model-inventory
77,female,chest,armor-f-pl077-chest,armor-mod/f/pl077/f_body077.arc,romfs-player-model-inventory
77,female,arms,armor-f-pl077-arms,armor-mod/f/pl077/f_arm077.arc,romfs-player-model-inventory
77,female,waist,armor-f-pl077-waist,armor-mod/f/pl077/f_wst077.arc,romfs-player-model-inventory
77,female,legs,armor-f-pl077-legs,armor-mod/f/pl077/f_leg077.arc,romfs-player-model-inventory
77,male,head,armor-m-pl077-head,armor-mod/m/pl077/m_helm077.arc,romfs-player-model-inventory
77,male,chest,armor-m-pl077-chest,armor-mod/m/pl077/m_body077.arc,romfs-player-model-inventory
77,male,arms,armor-m-pl077-arms,armor-mod/m/pl077/m_arm077.arc,romfs-player-model-inventory
77,male,waist,armor-m-pl077-waist,armor-mod/m/pl077/m_wst077.arc,romfs-player-model-inventory
77,male,legs,armor-m-pl077-legs,armor-mod/m/pl077/m_leg077.arc,romfs-player-model-inventory
78,female,head,armor-f-pl078-head,armor-mod/f/pl078/f_helm078.arc,romfs-player-model-inventory
78,female,chest,armor-f-pl078-chest,armor-mod/f/pl078/f_body078.arc,romfs-player-model-inventory
78,female,arms,armor-f-pl078-arms,armor-mod/f/pl078/f_arm078.arc,romfs-player-model-inventory
78,female,waist,armor-f-pl078-waist,armor-mod/f/pl078/f_wst078.arc,romfs-player-model-inventory
78,female,legs,armor-f-pl078-legs,armor-mod/f/pl078/f_leg078.arc,romfs-player-model-inventory
78,male,head,armor-m-pl078-head,armor-mod/m/pl078/m_helm078.arc,romfs-player-model-inventory
78,male,chest,armor-m-pl078-chest,armor-mod/m/pl078/m_body078.arc,romfs-player-model-inventory
78,male,arms,armor-m-pl078-arms,armor-mod/m/pl078/m_arm078.arc,romfs-player-model-inventory
78,male,waist,armor-m-pl078-waist,armor-mod/m/pl078/m_wst078.arc,romfs-player-model-inventory
78,male,legs,armor-m-pl078-legs,armor-mod/m/pl078/m_leg078.arc,romfs-player-model-inventory
79,female,head,armor-f-pl079-head,armor-mod/f/pl079/f_helm079.arc,romfs-player-model-inventory
79,male,head,armor-m-pl079-head,armor-mod/m/pl079/m_helm079.arc,romfs-player-model-inventory
80,female,head,armor-f-pl080-head,armor-mod/f/pl080/f_helm080.arc,romfs-player-model-inventory
80,male,head,armor-m-pl080-head,armor-mod/m/pl080/m_helm080.arc,romfs-player-model-inventory
81,female,head,armor-f-pl081-head,armor-mod/f/pl081/f_helm081.arc,romfs-player-model-inventory
81,female,chest,armor-f-pl081-chest,armor-mod/f/pl081/f_body081.arc,romfs-player-model-inventory
81,male,head,armor-m-pl081-head,armor-mod/m/pl081/m_helm081.arc,romfs-player-model-inventory
81,male,chest,armor-m-pl081-chest,armor-mod/m/pl081/m_body081.arc,romfs-player-model-inventory
82,female,head,armor-f-pl082-head,armor-mod/f/pl082/f_helm082.arc,romfs-player-model-inventory
82,female,chest,armor-f-pl082-chest,armor-mod/f/pl082/f_body082.arc,romfs-player-model-inventory
82,female,arms,armor-f-pl082-arms,armor-mod/f/pl082/f_arm082.arc,romfs-player-model-inventory
82,female,waist,armor-f-pl082-waist,armor-mod/f/pl082/f_wst082.arc,romfs-player-model-inventory
82,female,legs,armor-f-pl082-legs,armor-mod/f/pl082/f_leg082.arc,romfs-player-model-inventory
82,male,head,armor-m-pl082-head,armor-mod/m/pl082/m_helm082.arc,romfs-player-model-inventory
82,male,chest,armor-m-pl082-chest,armor-mod/m/pl082/m_body082.arc,romfs-player-model-inventory
82,male,arms,armor-m-pl082-arms,armor-mod/m/pl082/m_arm082.arc,romfs-player-model-inventory
82,male,waist,armor-m-pl082-waist,armor-mod/m/pl082/m_wst082.arc,romfs-player-model-inventory
82,male,legs,armor-m-pl082-legs,armor-mod/m/pl082/m_leg082.arc,romfs-player-model-inventory
83,female,head,armor-f-pl083-head,armor-mod/f/pl083/f_helm083.arc,romfs-player-model-inventory
83,female,chest,armor-f-pl083-chest,armor-mod/f/pl083/f_body083.arc,romfs-player-model-inventory
83,female,arms,armor-f-pl083-arms,armor-mod/f/pl083/f_arm083.arc,romfs-player-model-inventory
83,female,waist,armor-f-pl083-waist,armor-mod/f/pl083/f_wst083.arc,romfs-player-model-inventory
83,female,legs,armor-f-pl083-legs,armor-mod/f/pl083/f_leg083.arc,romfs-player-model-inventory
83,male,head,armor-m-pl083-head,armor-mod/m/pl083/m_helm083.arc,romfs-player-model-inventory
83,male,chest,armor-m-pl083-chest,armor-mod/m/pl083/m_body083.arc,romfs-player-model-inventory
83,male,arms,armor-m-pl083-arms,armor-mod/m/pl083/m_arm083.arc,romfs-player-model-inventory
83,male,waist,armor-m-pl083-waist,armor-mod/m/pl083/m_wst083.arc,romfs-player-model-inventory
83,male,legs,armor-m-pl083-legs,armor-mod/m/pl083/m_leg083.arc,romfs-player-model-inventory
84,female,head,armor-f-pl084-head,armor-mod/f/pl084/f_helm084.arc,romfs-player-model-inventory
84,female,chest,armor-f-pl084-chest,armor-mod/f/pl084/f_body084.arc,romfs-player-model-inventory
84,female,arms,armor-f-pl084-arms,armor-mod/f/pl084/f_arm084.arc,romfs-player-model-inventory
84,female,waist,armor-f-pl084-waist,armor-mod/f/pl084/f_wst084.arc,romfs-player-model-inventory
84,female,legs,armor-f-pl084-legs,armor-mod/f/pl084/f_leg084.arc,romfs-player-model-inventory
84,male,head,armor-m-pl084-head,armor-mod/m/pl084/m_helm084.arc,romfs-player-model-inventory
84,male,chest,armor-m-pl084-chest,armor-mod/m/pl084/m_body084.arc,romfs-player-model-inventory
84,male,arms,armor-m-pl084-arms,armor-mod/m/pl084/m_arm084.arc,romfs-player-model-inventory
84,male,waist,armor-m-pl084-waist,armor-mod/m/pl084/m_wst084.arc,romfs-player-model-inventory
84,male,legs,armor-m-pl084-legs,armor-mod/m/pl084/m_leg084.arc,romfs-player-model-inventory
85,female,head,armor-f-pl085-head,armor-mod/f/pl085/f_helm085.arc,romfs-player-model-inventory
85,female,chest,armor-f-pl085-chest,armor-mod/f/pl085/f_body085.arc,romfs-player-model-inventory
85,female,arms,armor-f-pl085-arms,armor-mod/f/pl085/f_arm085.arc,romfs-player-model-inventory
85,female,waist,armor-f-pl085-waist,armor-mod/f/pl085/f_wst085.arc,romfs-player-model-inventory
85,female,legs,armor-f-pl085-legs,armor-mod/f/pl085/f_leg085.arc,romfs-player-model-inventory
85,male,head,armor-m-pl085-head,armor-mod/m/pl085/m_helm085.arc,romfs-player-model-inventory
85,male,chest,armor-m-pl085-chest,armor-mod/m/pl085/m_body085.arc,romfs-player-model-inventory
85,male,arms,armor-m-pl085-arms,armor-mod/m/pl085/m_arm085.arc,romfs-player-model-inventory
85,male,waist,armor-m-pl085-waist,armor-mod/m/pl085/m_wst085.arc,romfs-player-model-inventory
85,male,legs,armor-m-pl085-legs,armor-mod/m/pl085/m_leg085.arc,romfs-player-model-inventory
86,female,head,armor-f-pl086-head,armor-mod/f/pl086/f_helm086.arc,romfs-player-model-inventory
86,female,chest,armor-f-pl086-chest,armor-mod/f/pl086/f_body086.arc,romfs-player-model-inventory
86,female,arms,armor-f-pl086-arms,armor-mod/f/pl086/f_arm086.arc,romfs-player-model-inventory
86,female,waist,armor-f-pl086-waist,armor-mod/f/pl086/f_wst086.arc,romfs-player-model-inventory
86,female,legs,armor-f-pl086-legs,armor-mod/f/pl086/f_leg086.arc,romfs-player-model-inventory
86,male,head,armor-m-pl086-head,armor-mod/m/pl086/m_helm086.arc,romfs-player-model-inventory
86,male,chest,armor-m-pl086-chest,armor-mod/m/pl086/m_body086.arc,romfs-player-model-inventory
86,male,arms,armor-m-pl086-arms,armor-mod/m/pl086/m_arm086.arc,romfs-player-model-inventory
86,male,waist,armor-m-pl086-waist,armor-mod/m/pl086/m_wst086.arc,romfs-player-model-inventory
86,male,legs,armor-m-pl086-legs,armor-mod/m/pl086/m_leg086.arc,romfs-player-model-inventory
87,female,head,armor-f-pl087-head,armor-mod/f/pl087/f_helm087.arc,romfs-player-model-inventory
87,female,chest,armor-f-pl087-chest,armor-mod/f/pl087/f_body087.arc,romfs-player-model-inventory
87,female,arms,armor-f-pl087-arms,armor-mod/f/pl087/f_arm087.arc,romfs-player-model-inventory
87,female,waist,armor-f-pl087-waist,armor-mod/f/pl087/f_wst087.arc,romfs-player-model-inventory
87,female,legs,armor-f-pl087-legs,armor-mod/f/pl087/f_leg087.arc,romfs-player-model-inventory
87,male,head,armor-m-pl087-head,armor-mod/m/pl087/m_helm087.arc,romfs-player-model-inventory
87,male,chest,armor-m-pl087-chest,armor-mod/m/pl087/m_body087.arc,romfs-player-model-inventory
87,male,arms,armor-m-pl087-arms,armor-mod/m/pl087/m_arm087.arc,romfs-player-model-inventory
87,male,waist,armor-m-pl087-waist,armor-mod/m/pl087/m_wst087.arc,romfs-player-model-inventory
87,male,legs,armor-m-pl087-legs,armor-mod/m/pl087/m_leg087.arc,romfs-player-model-inventory
88,female,head,armor-f-pl088-head,armor-mod/f/pl088/f_helm088.arc,romfs-player-model-inventory
88,female,chest,armor-f-pl088-chest,armor-mod/f/pl088/f_body088.arc,romfs-player-model-inventory
88,female,arms,armor-f-pl088-arms,armor-mod/f/pl088/f_arm088.arc,romfs-player-model-inventory
88,female,waist,armor-f-pl088-waist,armor-mod/f/pl088/f_wst088.arc,romfs-player-model-inventory
88,female,legs,armor-f-pl088-legs,armor-mod/f/pl088/f_leg088.arc,romfs-player-model-inventory
88,male,head,armor-m-pl088-head,armor-mod/m/pl088/m_helm088.arc,romfs-player-model-inventory
88,male,chest,armor-m-pl088-chest,armor-mod/m/pl088/m_body088.arc,romfs-player-model-inventory
88,male,arms,armor-m-pl088-arms,armor-mod/m/pl088/m_arm088.arc,romfs-player-model-inventory
88,male,waist,armor-m-pl088-waist,armor-mod/m/pl088/m_wst088.arc,romfs-player-model-inventory
88,male,legs,armor-m-pl088-legs,armor-mod/m/pl088/m_leg088.arc,romfs-player-model-inventory
89,female,head,armor-f-pl089-head,armor-mod/f/pl089/f_helm089.arc,romfs-player-model-inventory
89,female,chest,armor-f-pl089-chest,armor-mod/f/pl089/f_body089.arc,romfs-player-model-inventory
89,female,arms,armor-f-pl089-arms,armor-mod/f/pl089/f_arm089.arc,romfs-player-model-inventory
89,female,waist,armor-f-pl089-waist,armor-mod/f/pl089/f_wst089.arc,romfs-player-model-inventory
89,female,legs,armor-f-pl089-legs,armor-mod/f/pl089/f_leg089.arc,romfs-player-model-inventory
89,male,head,armor-m-pl089-head,armor-mod/m/pl089/m_helm089.arc,romfs-player-model-inventory
89,male,chest,armor-m-pl089-chest,armor-mod/m/pl089/m_body089.arc,romfs-player-model-inventory
89,male,arms,armor-m-pl089-arms,armor-mod/m/pl089/m_arm089.arc,romfs-player-model-inventory
89,male,waist,armor-m-pl089-waist,armor-mod/m/pl089/m_wst089.arc,romfs-player-model-inventory
89,male,legs,armor-m-pl089-legs,armor-mod/m/pl089/m_leg089.arc,romfs-player-model-inventory
90,female,head,armor-f-pl090-head,armor-mod/f/pl090/f_helm090.arc,romfs-player-model-inventory
90,female,chest,armor-f-pl090-chest,armor-mod/f/pl090/f_body090.arc,romfs-player-model-inventory
90,female,arms,armor-f-pl090-arms,armor-mod/f/pl090/f_arm090.arc,romfs-player-model-inventory
90,female,waist,armor-f-pl090-waist,armor-mod/f/pl090/f_wst090.arc,romfs-player-model-inventory
90,female,legs,armor-f-pl090-legs,armor-mod/f/pl090/f_leg090.arc,romfs-player-model-inventory
90,male,head,armor-m-pl090-head,armor-mod/m/pl090/m_helm090.arc,romfs-player-model-inventory
90,male,chest,armor-m-pl090-chest,armor-mod/m/pl090/m_body090.arc,romfs-player-model-inventory
90,male,arms,armor-m-pl090-arms,armor-mod/m/pl090/m_arm090.arc,romfs-player-model-inventory
90,male,waist,armor-m-pl090-waist,armor-mod/m/pl090/m_wst090.arc,romfs-player-model-inventory
90,male,legs,armor-m-pl090-legs,armor-mod/m/pl090/m_leg090.arc,romfs-player-model-inventory
91,female,head,armor-f-pl091-head,armor-mod/f/pl091/f_helm091.arc,romfs-player-model-inventory
91,female,chest,armor-f-pl091-chest,armor-mod/f/pl091/f_body091.arc,romfs-player-model-inventory
91,female,arms,armor-f-pl091-arms,armor-mod/f/pl091/f_arm091.arc,romfs-player-model-inventory
91,female,waist,armor-f-pl091-waist,armor-mod/f/pl091/f_wst091.arc,romfs-player-model-inventory
91,female,legs,armor-f-pl091-legs,armor-mod/f/pl091/f_leg091.arc,romfs-player-model-inventory
91,male,head,armor-m-pl091-head,armor-mod/m/pl091/m_helm091.arc,romfs-player-model-inventory
91,male,chest,armor-m-pl091-chest,armor-mod/m/pl091/m_body091.arc,romfs-player-model-inventory
91,male,arms,armor-m-pl091-arms,armor-mod/m/pl091/m_arm091.arc,romfs-player-model-inventory
91,male,waist,armor-m-pl091-waist,armor-mod/m/pl091/m_wst091.arc,romfs-player-model-inventory
91,male,legs,armor-m-pl091-legs,armor-mod/m/pl091/m_leg091.arc,romfs-player-model-inventory
92,female,head,armor-f-pl092-head,armor-mod/f/pl092/f_helm092.arc,romfs-player-model-inventory
92,female,chest,armor-f-pl092-chest,armor-mod/f/pl092/f_body092.arc,romfs-player-model-inventory
92,female,arms,armor-f-pl092-arms,armor-mod/f/pl092/f_arm092.arc,romfs-player-model-inventory
92,female,waist,armor-f-pl092-waist,armor-mod/f/pl092/f_wst092.arc,romfs-player-model-inventory
92,female,legs,armor-f-pl092-legs,armor-mod/f/pl092/f_leg092.arc,romfs-player-model-inventory
92,male,head,armor-m-pl092-head,armor-mod/m/pl092/m_helm092.arc,romfs-player-model-inventory
92,male,chest,armor-m-pl092-chest,armor-mod/m/pl092/m_body092.arc,romfs-player-model-inventory
92,male,arms,armor-m-pl092-arms,armor-mod/m/pl092/m_arm092.arc,romfs-player-model-inventory
92,male,waist,armor-m-pl092-waist,armor-mod/m/pl092/m_wst092.arc,romfs-player-model-inventory
92,male,legs,armor-m-pl092-legs,armor-mod/m/pl092/m_leg092.arc,romfs-player-model-inventory
93,female,head,armor-f-pl093-head,armor-mod/f/pl093/f_helm093.arc,romfs-player-model-inventory
93,female,chest,armor-f-pl093-chest,armor-mod/f/pl093/f_body093.arc,romfs-player-model-inventory
93,female,arms,armor-f-pl093-arms,armor-mod/f/pl093/f_arm093.arc,romfs-player-model-inventory
93,female,waist,armor-f-pl093-waist,armor-mod/f/pl093/f_wst093.arc,romfs-player-model-inventory
93,female,legs,armor-f-pl093-legs,armor-mod/f/pl093/f_leg093.arc,romfs-player-model-inventory
93,male,head,armor-m-pl093-head,armor-mod/m/pl093/m_helm093.arc,romfs-player-model-inventory
93,male,chest,armor-m-pl093-chest,armor-mod/m/pl093/m_body093.arc,romfs-player-model-inventory
93,male,arms,armor-m-pl093-arms,armor-mod/m/pl093/m_arm093.arc,romfs-player-model-inventory
93,male,waist,armor-m-pl093-waist,armor-mod/m/pl093/m_wst093.arc,romfs-player-model-inventory
93,male,legs,armor-m-pl093-legs,armor-mod/m/pl093/m_leg093.arc,romfs-player-model-inventory
94,female,head,armor-f-pl094-head,armor-mod/f/pl094/f_helm094.arc,romfs-player-model-inventory
94,female,chest,armor-f-pl094-chest,armor-mod/f/pl094/f_body094.arc,romfs-player-model-inventory
94,female,arms,armor-f-pl094-arms,armor-mod/f/pl094/f_arm094.arc,romfs-player-model-inventory
94,female,waist,armor-f-pl094-waist,armor-mod/f/pl094/f_wst094.arc,romfs-player-model-inventory
94,female,legs,armor-f-pl094-legs,armor-mod/f/pl094/f_leg094.arc,romfs-player-model-inventory
94,male,head,armor-m-pl094-head,armor-mod/m/pl094/m_helm094.arc,romfs-player-model-inventory
94,male,chest,armor-m-pl094-chest,armor-mod/m/pl094/m_body094.arc,romfs-player-model-inventory
94,male,arms,armor-m-pl094-arms,armor-mod/m/pl094/m_arm094.arc,romfs-player-model-inventory
94,male,waist,armor-m-pl094-waist,armor-mod/m/pl094/m_wst094.arc,romfs-player-model-inventory
94,male,legs,armor-m-pl094-legs,armor-mod/m/pl094/m_leg094.arc,romfs-player-model-inventory
95,female,head,armor-f-pl095-head,armor-mod/f/pl095/f_helm095.arc,romfs-player-model-inventory
95,female,chest,armor-f-pl095-chest,armor-mod/f/pl095/f_body095.arc,romfs-player-model-inventory
95,female,arms,armor-f-pl095-arms,armor-mod/f/pl095/f_arm095.arc,romfs-player-model-inventory
95,female,waist,armor-f-pl095-waist,armor-mod/f/pl095/f_wst095.arc,romfs-player-model-inventory
95,female,legs,armor-f-pl095-legs,armor-mod/f/pl095/f_leg095.arc,romfs-player-model-inventory
95,male,head,armor-m-pl095-head,armor-mod/m/pl095/m_helm095.arc,romfs-player-model-inventory
95,male,chest,armor-m-pl095-chest,armor-mod/m/pl095/m_body095.arc,romfs-player-model-inventory
95,male,arms,armor-m-pl095-arms,armor-mod/m/pl095/m_arm095.arc,romfs-player-model-inventory
95,male,waist,armor-m-pl095-waist,armor-mod/m/pl095/m_wst095.arc,romfs-player-model-inventory
95,male,legs,armor-m-pl095-legs,armor-mod/m/pl095/m_leg095.arc,romfs-player-model-inventory
96,female,head,armor-f-pl096-head,armor-mod/f/pl096/f_helm096.arc,romfs-player-model-inventory
96,female,chest,armor-f-pl096-chest,armor-mod/f/pl096/f_body096.arc,romfs-player-model-inventory
96,female,arms,armor-f-pl096-arms,armor-mod/f/pl096/f_arm096.arc,romfs-player-model-inventory
96,female,waist,armor-f-pl096-waist,armor-mod/f/pl096/f_wst096.arc,romfs-player-model-inventory
96,female,legs,armor-f-pl096-legs,armor-mod/f/pl096/f_leg096.arc,romfs-player-model-inventory
96,male,head,armor-m-pl096-head,armor-mod/m/pl096/m_helm096.arc,romfs-player-model-inventory
96,male,chest,armor-m-pl096-chest,armor-mod/m/pl096/m_body096.arc,romfs-player-model-inventory
96,male,arms,armor-m-pl096-arms,armor-mod/m/pl096/m_arm096.arc,romfs-player-model-inventory
96,male,waist,armor-m-pl096-waist,armor-mod/m/pl096/m_wst096.arc,romfs-player-model-inventory
96,male,legs,armor-m-pl096-legs,armor-mod/m/pl096/m_leg096.arc,romfs-player-model-inventory
97,female,head,armor-f-pl097-head,armor-mod/f/pl097/f_helm097.arc,romfs-player-model-inventory
97,female,chest,armor-f-pl097-chest,armor-mod/f/pl097/f_body097.arc,romfs-player-model-inventory
97,female,arms,armor-f-pl097-arms,armor-mod/f/pl097/f_arm097.arc,romfs-player-model-inventory
97,female,waist,armor-f-pl097-waist,armor-mod/f/pl097/f_wst097.arc,romfs-player-model-inventory
97,female,legs,armor-f-pl097-legs,armor-mod/f/pl097/f_leg097.arc,romfs-player-model-inventory
97,male,head,armor-m-pl097-head,armor-mod/m/pl097/m_helm097.arc,romfs-player-model-inventory
97,male,chest,armor-m-pl097-chest,armor-mod/m/pl097/m_body097.arc,romfs-player-model-inventory
97,male,arms,armor-m-pl097-arms,armor-mod/m/pl097/m_arm097.arc,romfs-player-model-inventory
97,male,waist,armor-m-pl097-waist,armor-mod/m/pl097/m_wst097.arc,romfs-player-model-inventory
97,male,legs,armor-m-pl097-legs,armor-mod/m/pl097/m_leg097.arc,romfs-player-model-inventory
98,female,head,armor-f-pl098-head,armor-mod/f/pl098/f_helm098.arc,romfs-player-model-inventory
98,female,chest,armor-f-pl098-chest,armor-mod/f/pl098/f_body098.arc,romfs-player-model-inventory
98,female,arms,armor-f-pl098-arms,armor-mod/f/pl098/f_arm098.arc,romfs-player-model-inventory
98,female,waist,armor-f-pl098-waist,armor-mod/f/pl098/f_wst098.arc,romfs-player-model-inventory
98,female,legs,armor-f-pl098-legs,armor-mod/f/pl098/f_leg098.arc,romfs-player-model-inventory
98,male,head,armor-m-pl098-head,armor-mod/m/pl098/m_helm098.arc,romfs-player-model-inventory
98,male,chest,armor-m-pl098-chest,armor-mod/m/pl098/m_body098.arc,romfs-player-model-inventory
98,male,arms,armor-m-pl098-arms,armor-mod/m/pl098/m_arm098.arc,romfs-player-model-inventory
98,male,waist,armor-m-pl098-waist,armor-mod/m/pl098/m_wst098.arc,romfs-player-model-inventory
98,male,legs,armor-m-pl098-legs,armor-mod/m/pl098/m_leg098.arc,romfs-player-model-inventory
99,female,head,armor-f-pl099-head,armor-mod/f/pl099/f_helm099.arc,romfs-player-model-inventory
99,female,chest,armor-f-pl099-chest,armor-mod/f/pl099/f_body099.arc,romfs-player-model-inventory
99,female,arms,armor-f-pl099-arms,armor-mod/f/pl099/f_arm099.arc,romfs-player-model-inventory
99,female,waist,armor-f-pl099-waist,armor-mod/f/pl099/f_wst099.arc,romfs-player-model-inventory
99,female,legs,armor-f-pl099-legs,armor-mod/f/pl099/f_leg099.arc,romfs-player-model-inventory
99,male,head,armor-m-pl099-head,armor-mod/m/pl099/m_helm099.arc,romfs-player-model-inventory
99,male,chest,armor-m-pl099-chest,armor-mod/m/pl099/m_body099.arc,romfs-player-model-inventory
99,male,arms,armor-m-pl099-arms,armor-mod/m/pl099/m_arm099.arc,romfs-player-model-inventory
99,male,waist,armor-m-pl099-waist,armor-mod/m/pl099/m_wst099.arc,romfs-player-model-inventory
99,male,legs,armor-m-pl099-legs,armor-mod/m/pl099/m_leg099.arc,romfs-player-model-inventory
100,female,head,armor-f-pl100-head,armor-mod/f/pl100/f_helm100.arc,romfs-player-model-inventory
100,female,chest,armor-f-pl100-chest,armor-mod/f/pl100/f_body100.arc,romfs-player-model-inventory
100,female,arms,armor-f-pl100-arms,armor-mod/f/pl100/f_arm100.arc,romfs-player-model-inventory
100,female,waist,armor-f-pl100-waist,armor-mod/f/pl100/f_wst100.arc,romfs-player-model-inventory
100,female,legs,armor-f-pl100-legs,armor-mod/f/pl100/f_leg100.arc,romfs-player-model-inventory
100,male,head,armor-m-pl100-head,armor-mod/m/pl100/m_helm100.arc,romfs-player-model-inventory
100,male,chest,armor-m-pl100-chest,armor-mod/m/pl100/m_body100.arc,romfs-player-model-inventory
100,male,arms,armor-m-pl100-arms,armor-mod/m/pl100/m_arm100.arc,romfs-player-model-inventory
100,male,waist,armor-m-pl100-waist,armor-mod/m/pl100/m_wst100.arc,romfs-player-model-inventory
100,male,legs,armor-m-pl100-legs,armor-mod/m/pl100/m_leg100.arc,romfs-player-model-inventory
101,female,head,armor-f-pl101-head,armor-mod/f/pl101/f_helm101.arc,romfs-player-model-inventory
101,female,chest,armor-f-pl101-chest,armor-mod/f/pl101/f_body101.arc,romfs-player-model-inventory
101,female,arms,armor-f-pl101-arms,armor-mod/f/pl101/f_arm101.arc,romfs-player-model-inventory
101,female,waist,armor-f-pl101-waist,armor-mod/f/pl101/f_wst101.arc,romfs-player-model-inventory
101,female,legs,armor-f-pl101-legs,armor-mod/f/pl101/f_leg101.arc,romfs-player-model-inventory
101,male,head,armor-m-pl101-head,armor-mod/m/pl101/m_helm101.arc,romfs-player-model-inventory
101,male,chest,armor-m-pl101-chest,armor-mod/m/pl101/m_body101.arc,romfs-player-model-inventory
101,male,arms,armor-m-pl101-arms,armor-mod/m/pl101/m_arm101.arc,romfs-player-model-inventory
101,male,waist,armor-m-pl101-waist,armor-mod/m/pl101/m_wst101.arc,romfs-player-model-inventory
101,male,legs,armor-m-pl101-legs,armor-mod/m/pl101/m_leg101.arc,romfs-player-model-inventory
102,female,head,armor-f-pl102-head,armor-mod/f/pl102/f_helm102.arc,romfs-player-model-inventory
102,female,chest,armor-f-pl102-chest,armor-mod/f/pl102/f_body102.arc,romfs-player-model-inventory
102,female,arms,armor-f-pl102-arms,armor-mod/f/pl102/f_arm102.arc,romfs-player-model-inventory
102,female,waist,armor-f-pl102-waist,armor-mod/f/pl102/f_wst102.arc,romfs-player-model-inventory
102,female,legs,armor-f-pl102-legs,armor-mod/f/pl102/f_leg102.arc,romfs-player-model-inventory
102,male,head,armor-m-pl102-head,armor-mod/m/pl102/m_helm102.arc,romfs-player-model-inventory
102,male,chest,armor-m-pl102-chest,armor-mod/m/pl102/m_body102.arc,romfs-player-model-inventory
102,male,arms,armor-m-pl102-arms,armor-mod/m/pl102/m_arm102.arc,romfs-player-model-inventory
102,male,waist,armor-m-pl102-waist,armor-mod/m/pl102/m_wst102.arc,romfs-player-model-inventory
102,male,legs,armor-m-pl102-legs,armor-mod/m/pl102/m_leg102.arc,romfs-player-model-inventory
103,female,head,armor-f-pl103-head,armor-mod/f/pl103/f_helm103.arc,romfs-player-model-inventory
103,female,chest,armor-f-pl103-chest,armor-mod/f/pl103/f_body103.arc,romfs-player-model-inventory
103,female,arms,armor-f-pl103-arms,armor-mod/f/pl103/f_arm103.arc,romfs-player-model-inventory
103,female,waist,armor-f-pl103-waist,armor-mod/f/pl103/f_wst103.arc,romfs-player-model-inventory
103,female,legs,armor-f-pl103-legs,armor-mod/f/pl103/f_leg103.arc,romfs-player-model-inventory
103,male,head,armor-m-pl103-head,armor-mod/m/pl103/m_helm103.arc,romfs-player-model-inventory
103,male,chest,armor-m-pl103-chest,armor-mod/m/pl103/m_body103.arc,romfs-player-model-inventory
103,male,arms,armor-m-pl103-arms,armor-mod/m/pl103/m_arm103.arc,romfs-player-model-inventory
103,male,waist,armor-m-pl103-waist,armor-mod/m/pl103/m_wst103.arc,romfs-player-model-inventory
103,male,legs,armor-m-pl103-legs,armor-mod/m/pl103/m_leg103.arc,romfs-player-model-inventory
104,female,head,armor-f-pl104-head,armor-mod/f/pl104/f_helm104.arc,romfs-player-model-inventory
104,female,chest,armor-f-pl104-chest,armor-mod/f/pl104/f_body104.arc,romfs-player-model-inventory
104,female,arms,armor-f-pl104-arms,armor-mod/f/pl104/f_arm104.arc,romfs-player-model-inventory
104,female,waist,armor-f-pl104-waist,armor-mod/f/pl104/f_wst104.arc,romfs-player-model-inventory
104,female,legs,armor-f-pl104-legs,armor-mod/f/pl104/f_leg104.arc,romfs-player-model-inventory
104,male,head,armor-m-pl104-head,armor-mod/m/pl104/m_helm104.arc,romfs-player-model-inventory
104,male,chest,armor-m-pl104-chest,armor-mod/m/pl104/m_body104.arc,romfs-player-model-inventory
104,male,arms,armor-m-pl104-arms,armor-mod/m/pl104/m_arm104.arc,romfs-player-model-inventory
104,male,waist,armor-m-pl104-waist,armor-mod/m/pl104/m_wst104.arc,romfs-player-model-inventory
104,male,legs,armor-m-pl104-legs,armor-mod/m/pl104/m_leg104.arc,romfs-player-model-inventory
105,female,head,armor-f-pl105-head,armor-mod/f/pl105/f_helm105.arc,romfs-player-model-inventory
105,female,chest,armor-f-pl105-chest,armor-mod/f/pl105/f_body105.arc,romfs-player-model-inventory
105,female,arms,armor-f-pl105-arms,armor-mod/f/pl105/f_arm105.arc,romfs-player-model-inventory
105,female,waist,armor-f-pl105-waist,armor-mod/f/pl105/f_wst105.arc,romfs-player-model-inventory
105,female,legs,armor-f-pl105-legs,armor-mod/f/pl105/f_leg105.arc,romfs-player-model-inventory
105,male,head,armor-m-pl105-head,armor-mod/m/pl105/m_helm105.arc,romfs-player-model-inventory
105,male,chest,armor-m-pl105-chest,armor-mod/m/pl105/m_body105.arc,romfs-player-model-inventory
105,male,arms,armor-m-pl105-arms,armor-mod/m/pl105/m_arm105.arc,romfs-player-model-inventory
105,male,waist,armor-m-pl105-waist,armor-mod/m/pl105/m_wst105.arc,romfs-player-model-inventory
105,male,legs,armor-m-pl105-legs,armor-mod/m/pl105/m_leg105.arc,romfs-player-model-inventory
106,female,head,armor-f-pl106-head,armor-mod/f/pl106/f_helm106.arc,romfs-player-model-inventory
106,female,chest,armor-f-pl106-chest,armor-mod/f/pl106/f_body106.arc,romfs-player-model-inventory
106,female,arms,armor-f-pl106-arms,armor-mod/f/pl106/f_arm106.arc,romfs-player-model-inventory
106,female,waist,armor-f-pl106-waist,armor-mod/f/pl106/f_wst106.arc,romfs-player-model-inventory
106,female,legs,armor-f-pl106-legs,armor-mod/f/pl106/f_leg106.arc,romfs-player-model-inventory
106,male,head,armor-m-pl106-head,armor-mod/m/pl106/m_helm106.arc,romfs-player-model-inventory
106,male,chest,armor-m-pl106-chest,armor-mod/m/pl106/m_body106.arc,romfs-player-model-inventory
106,male,arms,armor-m-pl106-arms,armor-mod/m/pl106/m_arm106.arc,romfs-player-model-inventory
106,male,waist,armor-m-pl106-waist,armor-mod/m/pl106/m_wst106.arc,romfs-player-model-inventory
106,male,legs,armor-m-pl106-legs,armor-mod/m/pl106/m_leg106.arc,romfs-player-model-inventory
107,female,head,armor-f-pl107-head,armor-mod/f/pl107/f_helm107.arc,romfs-player-model-inventory
107,female,chest,armor-f-pl107-chest,armor-mod/f/pl107/f_body107.arc,romfs-player-model-inventory
107,female,arms,armor-f-pl107-arms,armor-mod/f/pl107/f_arm107.arc,romfs-player-model-inventory
107,female,waist,armor-f-pl107-waist,armor-mod/f/pl107/f_wst107.arc,romfs-player-model-inventory
107,female,legs,armor-f-pl107-legs,armor-mod/f/pl107/f_leg107.arc,romfs-player-model-inventory
107,male,head,armor-m-pl107-head,armor-mod/m/pl107/m_helm107.arc,romfs-player-model-inventory
107,male,chest,armor-m-pl107-chest,armor-mod/m/pl107/m_body107.arc,romfs-player-model-inventory
107,male,arms,armor-m-pl107-arms,armor-mod/m/pl107/m_arm107.arc,romfs-player-model-inventory
107,male,waist,armor-m-pl107-waist,armor-mod/m/pl107/m_wst107.arc,romfs-player-model-inventory
107,male,legs,armor-m-pl107-legs,armor-mod/m/pl107/m_leg107.arc,romfs-player-model-inventory
108,female,head,armor-f-pl108-head,armor-mod/f/pl108/f_helm108.arc,romfs-player-model-inventory
108,female,chest,armor-f-pl108-chest,armor-mod/f/pl108/f_body108.arc,romfs-player-model-inventory
108,female,arms,armor-f-pl108-arms,armor-mod/f/pl108/f_arm108.arc,romfs-player-model-inventory
108,female,waist,armor-f-pl108-waist,armor-mod/f/pl108/f_wst108.arc,romfs-player-model-inventory
108,female,legs,armor-f-pl108-legs,armor-mod/f/pl108/f_leg108.arc,romfs-player-model-inventory
108,male,head,armor-m-pl108-head,armor-mod/m/pl108/m_helm108.arc,romfs-player-model-inventory
108,male,chest,armor-m-pl108-chest,armor-mod/m/pl108/m_body108.arc,romfs-player-model-inventory
108,male,arms,armor-m-pl108-arms,armor-mod/m/pl108/m_arm108.arc,romfs-player-model-inventory
108,male,waist,armor-m-pl108-waist,armor-mod/m/pl108/m_wst108.arc,romfs-player-model-inventory
108,male,legs,armor-m-pl108-legs,armor-mod/m/pl108/m_leg108.arc,romfs-player-model-inventory
109,female,head,armor-f-pl109-head,armor-mod/f/pl109/f_helm109.arc,romfs-player-model-inventory
109,female,chest,armor-f-pl109-chest,armor-mod/f/pl109/f_body109.arc,romfs-player-model-inventory
109,female,arms,armor-f-pl109-arms,armor-mod/f/pl109/f_arm109.arc,romfs-player-model-inventory
109,female,waist,armor-f-pl109-waist,armor-mod/f/pl109/f_wst109.arc,romfs-player-model-inventory
109,female,legs,armor-f-pl109-legs,armor-mod/f/pl109/f_leg109.arc,romfs-player-model-inventory
109,male,head,armor-m-pl109-head,armor-mod/m/pl109/m_helm109.arc,romfs-player-model-inventory
109,male,chest,armor-m-pl109-chest,armor-mod/m/pl109/m_body109.arc,romfs-player-model-inventory
109,male,arms,armor-m-pl109-arms,armor-mod/m/pl109/m_arm109.arc,romfs-player-model-inventory
109,male,waist,armor-m-pl109-waist,armor-mod/m/pl109/m_wst109.arc,romfs-player-model-inventory
109,male,legs,armor-m-pl109-legs,armor-mod/m/pl109/m_leg109.arc,romfs-player-model-inventory
110,female,head,armor-f-pl110-head,armor-mod/f/pl110/f_helm110.arc,romfs-player-model-inventory
110,female,chest,armor-f-pl110-chest,armor-mod/f/pl110/f_body110.arc,romfs-player-model-inventory
110,female,arms,armor-f-pl110-arms,armor-mod/f/pl110/f_arm110.arc,romfs-player-model-inventory
110,female,waist,armor-f-pl110-waist,armor-mod/f/pl110/f_wst110.arc,romfs-player-model-inventory
110,female,legs,armor-f-pl110-legs,armor-mod/f/pl110/f_leg110.arc,romfs-player-model-inventory
110,male,head,armor-m-pl110-head,armor-mod/m/pl110/m_helm110.arc,romfs-player-model-inventory
110,male,chest,armor-m-pl110-chest,armor-mod/m/pl110/m_body110.arc,romfs-player-model-inventory
110,male,arms,armor-m-pl110-arms,armor-mod/m/pl110/m_arm110.arc,romfs-player-model-inventory
110,male,waist,armor-m-pl110-waist,armor-mod/m/pl110/m_wst110.arc,romfs-player-model-inventory
110,male,legs,armor-m-pl110-legs,armor-mod/m/pl110/m_leg110.arc,romfs-player-model-inventory
111,female,head,armor-f-pl111-head,armor-mod/f/pl111/f_helm111.arc,romfs-player-model-inventory
111,female,chest,armor-f-pl111-chest,armor-mod/f/pl111/f_body111.arc,romfs-player-model-inventory
111,female,arms,armor-f-pl111-arms,armor-mod/f/pl111/f_arm111.arc,romfs-player-model-inventory
111,female,waist,armor-f-pl111-waist,armor-mod/f/pl111/f_wst111.arc,romfs-player-model-inventory
111,female,legs,armor-f-pl111-legs,armor-mod/f/pl111/f_leg111.arc,romfs-player-model-inventory
111,male,head,armor-m-pl111-head,armor-mod/m/pl111/m_helm111.arc,romfs-player-model-inventory
111,male,chest,armor-m-pl111-chest,armor-mod/m/pl111/m_body111.arc,romfs-player-model-inventory
111,male,arms,armor-m-pl111-arms,armor-mod/m/pl111/m_arm111.arc,romfs-player-model-inventory
111,male,waist,armor-m-pl111-waist,armor-mod/m/pl111/m_wst111.arc,romfs-player-model-inventory
111,male,legs,armor-m-pl111-legs,armor-mod/m/pl111/m_leg111.arc,romfs-player-model-inventory
112,female,head,armor-f-pl112-head,armor-mod/f/pl112/f_helm112.arc,romfs-player-model-inventory
112,female,chest,armor-f-pl112-chest,armor-mod/f/pl112/f_body112.arc,romfs-player-model-inventory
112,female,arms,armor-f-pl112-arms,armor-mod/f/pl112/f_arm112.arc,romfs-player-model-inventory
112,female,waist,armor-f-pl112-waist,armor-mod/f/pl112/f_wst112.arc,romfs-player-model-inventory
112,female,legs,armor-f-pl112-legs,armor-mod/f/pl112/f_leg112.arc,romfs-player-model-inventory
112,male,head,armor-m-pl112-head,armor-mod/m/pl112/m_helm112.arc,romfs-player-model-inventory
112,male,chest,armor-m-pl112-chest,armor-mod/m/pl112/m_body112.arc,romfs-player-model-inventory
112,male,arms,armor-m-pl112-arms,armor-mod/m/pl112/m_arm112.arc,romfs-player-model-inventory
112,male,waist,armor-m-pl112-waist,armor-mod/m/pl112/m_wst112.arc,romfs-player-model-inventory
112,male,legs,armor-m-pl112-legs,armor-mod/m/pl112/m_leg112.arc,romfs-player-model-inventory
113,female,head,armor-f-pl113-head,armor-mod/f/pl113/f_helm113.arc,romfs-player-model-inventory
113,female,chest,armor-f-pl113-chest,armor-mod/f/pl113/f_body113.arc,romfs-player-model-inventory
113,female,arms,armor-f-pl113-arms,armor-mod/f/pl113/f_arm113.arc,romfs-player-model-inventory
113,female,waist,armor-f-pl113-waist,armor-mod/f/pl113/f_wst113.arc,romfs-player-model-inventory
113,female,legs,armor-f-pl113-legs,armor-mod/f/pl113/f_leg113.arc,romfs-player-model-inventory
113,male,head,armor-m-pl113-head,armor-mod/m/pl113/m_helm113.arc,romfs-player-model-inventory
113,male,chest,armor-m-pl113-chest,armor-mod/m/pl113/m_body113.arc,romfs-player-model-inventory
113,male,arms,armor-m-pl113-arms,armor-mod/m/pl113/m_arm113.arc,romfs-player-model-inventory
113,male,waist,armor-m-pl113-waist,armor-mod/m/pl113/m_wst113.arc,romfs-player-model-inventory
113,male,legs,armor-m-pl113-legs,armor-mod/m/pl113/m_leg113.arc,romfs-player-model-inventory
114,female,head,armor-f-pl114-head,armor-mod/f/pl114/f_helm114.arc,romfs-player-model-inventory
114,female,chest,armor-f-pl114-chest,armor-mod/f/pl114/f_body114.arc,romfs-player-model-inventory
114,female,arms,armor-f-pl114-arms,armor-mod/f/pl114/f_arm114.arc,romfs-player-model-inventory
114,female,waist,armor-f-pl114-waist,armor-mod/f/pl114/f_wst114.arc,romfs-player-model-inventory
114,female,legs,armor-f-pl114-legs,armor-mod/f/pl114/f_leg114.arc,romfs-player-model-inventory
114,male,head,armor-m-pl114-head,armor-mod/m/pl114/m_helm114.arc,romfs-player-model-inventory
114,male,chest,armor-m-pl114-chest,armor-mod/m/pl114/m_body114.arc,romfs-player-model-inventory
114,male,arms,armor-m-pl114-arms,armor-mod/m/pl114/m_arm114.arc,romfs-player-model-inventory
114,male,waist,armor-m-pl114-waist,armor-mod/m/pl114/m_wst114.arc,romfs-player-model-inventory
114,male,legs,armor-m-pl114-legs,armor-mod/m/pl114/m_leg114.arc,romfs-player-model-inventory
115,female,head,armor-f-pl115-head,armor-mod/f/pl115/f_helm115.arc,romfs-player-model-inventory
115,female,chest,armor-f-pl115-chest,armor-mod/f/pl115/f_body115.arc,romfs-player-model-inventory
115,female,arms,armor-f-pl115-arms,armor-mod/f/pl115/f_arm115.arc,romfs-player-model-inventory
115,female,waist,armor-f-pl115-waist,armor-mod/f/pl115/f_wst115.arc,romfs-player-model-inventory
115,female,legs,armor-f-pl115-legs,armor-mod/f/pl115/f_leg115.arc,romfs-player-model-inventory
115,male,head,armor-m-pl115-head,armor-mod/m/pl115/m_helm115.arc,romfs-player-model-inventory
115,male,chest,armor-m-pl115-chest,armor-mod/m/pl115/m_body115.arc,romfs-player-model-inventory
115,male,arms,armor-m-pl115-arms,armor-mod/m/pl115/m_arm115.arc,romfs-player-model-inventory
115,male,waist,armor-m-pl115-waist,armor-mod/m/pl115/m_wst115.arc,romfs-player-model-inventory
115,male,legs,armor-m-pl115-legs,armor-mod/m/pl115/m_leg115.arc,romfs-player-model-inventory
116,female,head,armor-f-pl116-head,armor-mod/f/pl116/f_helm116.arc,romfs-player-model-inventory
116,female,chest,armor-f-pl116-chest,armor-mod/f/pl116/f_body116.arc,romfs-player-model-inventory
116,female,arms,armor-f-pl116-arms,armor-mod/f/pl116/f_arm116.arc,romfs-player-model-inventory
116,female,waist,armor-f-pl116-waist,armor-mod/f/pl116/f_wst116.arc,romfs-player-model-inventory
116,female,legs,armor-f-pl116-legs,armor-mod/f/pl116/f_leg116.arc,romfs-player-model-inventory
116,male,head,armor-m-pl116-head,armor-mod/m/pl116/m_helm116.arc,romfs-player-model-inventory
116,male,chest,armor-m-pl116-chest,armor-mod/m/pl116/m_body116.arc,romfs-player-model-inventory
116,male,arms,armor-m-pl116-arms,armor-mod/m/pl116/m_arm116.arc,romfs-player-model-inventory
116,male,waist,armor-m-pl116-waist,armor-mod/m/pl116/m_wst116.arc,romfs-player-model-inventory
116,male,legs,armor-m-pl116-legs,armor-mod/m/pl116/m_leg116.arc,romfs-player-model-inventory
117,female,head,armor-f-pl117-head,armor-mod/f/pl117/f_helm117.arc,romfs-player-model-inventory
117,female,chest,armor-f-pl117-chest,armor-mod/f/pl117/f_body117.arc,romfs-player-model-inventory
117,female,arms,armor-f-pl117-arms,armor-mod/f/pl117/f_arm117.arc,romfs-player-model-inventory
117,female,waist,armor-f-pl117-waist,armor-mod/f/pl117/f_wst117.arc,romfs-player-model-inventory
117,female,legs,armor-f-pl117-legs,armor-mod/f/pl117/f_leg117.arc,romfs-player-model-inventory
117,male,head,armor-m-pl117-head,armor-mod/m/pl117/m_helm117.arc,romfs-player-model-inventory
117,male,chest,armor-m-pl117-chest,armor-mod/m/pl117/m_body117.arc,romfs-player-model-inventory
117,male,arms,armor-m-pl117-arms,armor-mod/m/pl117/m_arm117.arc,romfs-player-model-inventory
117,male,waist,armor-m-pl117-waist,armor-mod/m/pl117/m_wst117.arc,romfs-player-model-inventory
117,male,legs,armor-m-pl117-legs,armor-mod/m/pl117/m_leg117.arc,romfs-player-model-inventory
118,female,head,armor-f-pl118-head,armor-mod/f/pl118/f_helm118.arc,romfs-player-model-inventory
118,female,chest,armor-f-pl118-chest,armor-mod/f/pl118/f_body118.arc,romfs-player-model-inventory
118,female,arms,armor-f-pl118-arms,armor-mod/f/pl118/f_arm118.arc,romfs-player-model-inventory
118,female,waist,armor-f-pl118-waist,armor-mod/f/pl118/f_wst118.arc,romfs-player-model-inventory
118,female,legs,armor-f-pl118-legs,armor-mod/f/pl118/f_leg118.arc,romfs-player-model-inventory
118,male,head,armor-m-pl118-head,armor-mod/m/pl118/m_helm118.arc,romfs-player-model-inventory
118,male,chest,armor-m-pl118-chest,armor-mod/m/pl118/m_body118.arc,romfs-player-model-inventory
118,male,arms,armor-m-pl118-arms,armor-mod/m/pl118/m_arm118.arc,romfs-player-model-inventory
118,male,waist,armor-m-pl118-waist,armor-mod/m/pl118/m_wst118.arc,romfs-player-model-inventory
118,male,legs,armor-m-pl118-legs,armor-mod/m/pl118/m_leg118.arc,romfs-player-model-inventory
119,female,head,armor-f-pl119-head,armor-mod/f/pl119/f_helm119.arc,romfs-player-model-inventory
119,female,chest,armor-f-pl119-chest,armor-mod/f/pl119/f_body119.arc,romfs-player-model-inventory
119,female,arms,armor-f-pl119-arms,armor-mod/f/pl119/f_arm119.arc,romfs-player-model-inventory
119,female,waist,armor-f-pl119-waist,armor-mod/f/pl119/f_wst119.arc,romfs-player-model-inventory
119,female,legs,armor-f-pl119-legs,armor-mod/f/pl119/f_leg119.arc,romfs-player-model-inventory
119,male,head,armor-m-pl119-head,armor-mod/m/pl119/m_helm119.arc,romfs-player-model-inventory
119,male,chest,armor-m-pl119-chest,armor-mod/m/pl119/m_body119.arc,romfs-player-model-inventory
119,male,arms,armor-m-pl119-arms,armor-mod/m/pl119/m_arm119.arc,romfs-player-model-inventory
119,male,waist,armor-m-pl119-waist,armor-mod/m/pl119/m_wst119.arc,romfs-player-model-inventory
119,male,legs,armor-m-pl119-legs,armor-mod/m/pl119/m_leg119.arc,romfs-player-model-inventory
120,female,head,armor-f-pl120-head,armor-mod/f/pl120/f_helm120.arc,romfs-player-model-inventory
120,female,chest,armor-f-pl120-chest,armor-mod/f/pl120/f_body120.arc,romfs-player-model-inventory
120,female,arms,armor-f-pl120-arms,armor-mod/f/pl120/f_arm120.arc,romfs-player-model-inventory
120,female,waist,armor-f-pl120-waist,armor-mod/f/pl120/f_wst120.arc,romfs-player-model-inventory
120,female,legs,armor-f-pl120-legs,armor-mod/f/pl120/f_leg120.arc,romfs-player-model-inventory
120,male,head,armor-m-pl120-head,armor-mod/m/pl120/m_helm120.arc,romfs-player-model-inventory
120,male,chest,armor-m-pl120-chest,armor-mod/m/pl120/m_body120.arc,romfs-player-model-inventory
120,male,arms,armor-m-pl120-arms,armor-mod/m/pl120/m_arm120.arc,romfs-player-model-inventory
120,male,waist,armor-m-pl120-waist,armor-mod/m/pl120/m_wst120.arc,romfs-player-model-inventory
120,male,legs,armor-m-pl120-legs,armor-mod/m/pl120/m_leg120.arc,romfs-player-model-inventory
121,female,head,armor-f-pl121-head,armor-mod/f/pl121/f_helm121.arc,romfs-player-model-inventory
121,female,chest,armor-f-pl121-chest,armor-mod/f/pl121/f_body121.arc,romfs-player-model-inventory
121,female,arms,armor-f-pl121-arms,armor-mod/f/pl121/f_arm121.arc,romfs-player-model-inventory
121,female,waist,armor-f-pl121-waist,armor-mod/f/pl121/f_wst121.arc,romfs-player-model-inventory
121,female,legs,armor-f-pl121-legs,armor-mod/f/pl121/f_leg121.arc,romfs-player-model-inventory
121,male,head,armor-m-pl121-head,armor-mod/m/pl121/m_helm121.arc,romfs-player-model-inventory
121,male,chest,armor-m-pl121-chest,armor-mod/m/pl121/m_body121.arc,romfs-player-model-inventory
121,male,arms,armor-m-pl121-arms,armor-mod/m/pl121/m_arm121.arc,romfs-player-model-inventory
121,male,waist,armor-m-pl121-waist,armor-mod/m/pl121/m_wst121.arc,romfs-player-model-inventory
121,male,legs,armor-m-pl121-legs,armor-mod/m/pl121/m_leg121.arc,romfs-player-model-inventory
122,female,head,armor-f-pl122-head,armor-mod/f/pl122/f_helm122.arc,romfs-player-model-inventory
122,female,chest,armor-f-pl122-chest,armor-mod/f/pl122/f_body122.arc,romfs-player-model-inventory
122,female,arms,armor-f-pl122-arms,armor-mod/f/pl122/f_arm122.arc,romfs-player-model-inventory
122,female,waist,armor-f-pl122-waist,armor-mod/f/pl122/f_wst122.arc,romfs-player-model-inventory
122,female,legs,armor-f-pl122-legs,armor-mod/f/pl122/f_leg122.arc,romfs-player-model-inventory
122,male,head,armor-m-pl122-head,armor-mod/m/pl122/m_helm122.arc,romfs-player-model-inventory
122,male,chest,armor-m-pl122-chest,armor-mod/m/pl122/m_body122.arc,romfs-player-model-inventory
122,male,arms,armor-m-pl122-arms,armor-mod/m/pl122/m_arm122.arc,romfs-player-model-inventory
122,male,waist,armor-m-pl122-waist,armor-mod/m/pl122/m_wst122.arc,romfs-player-model-inventory
122,male,legs,armor-m-pl122-legs,armor-mod/m/pl122/m_leg122.arc,romfs-player-model-inventory
123,female,head,armor-f-pl123-head,armor-mod/f/pl123/f_helm123.arc,romfs-player-model-inventory
123,female,chest,armor-f-pl123-chest,armor-mod/f/pl123/f_body123.arc,romfs-player-model-inventory
123,female,arms,armor-f-pl123-arms,armor-mod/f/pl123/f_arm123.arc,romfs-player-model-inventory
123,female,waist,armor-f-pl123-waist,armor-mod/f/pl123/f_wst123.arc,romfs-player-model-inventory
123,female,legs,armor-f-pl123-legs,armor-mod/f/pl123/f_leg123.arc,romfs-player-model-inventory
123,male,head,armor-m-pl123-head,armor-mod/m/pl123/m_helm123.arc,romfs-player-model-inventory
123,male,chest,armor-m-pl123-chest,armor-mod/m/pl123/m_body123.arc,romfs-player-model-inventory
123,male,arms,armor-m-pl123-arms,armor-mod/m/pl123/m_arm123.arc,romfs-player-model-inventory
123,male,waist,armor-m-pl123-waist,armor-mod/m/pl123/m_wst123.arc,romfs-player-model-inventory
123,male,legs,armor-m-pl123-legs,armor-mod/m/pl123/m_leg123.arc,romfs-player-model-inventory
124,female,head,armor-f-pl124-head,armor-mod/f/pl124/f_helm124.arc,romfs-player-model-inventory
124,female,chest,armor-f-pl124-chest,armor-mod/f/pl124/f_body124.arc,romfs-player-model-inventory
124,female,arms,armor-f-pl124-arms,armor-mod/f/pl124/f_arm124.arc,romfs-player-model-inventory
124,female,waist,armor-f-pl124-waist,armor-mod/f/pl124/f_wst124.arc,romfs-player-model-inventory
124,female,legs,armor-f-pl124-legs,armor-mod/f/pl124/f_leg124.arc,romfs-player-model-inventory
124,male,head,armor-m-pl124-head,armor-mod/m/pl124/m_helm124.arc,romfs-player-model-inventory
124,male,chest,armor-m-pl124-chest,armor-mod/m/pl124/m_body124.arc,romfs-player-model-inventory
124,male,arms,armor-m-pl124-arms,armor-mod/m/pl124/m_arm124.arc,romfs-player-model-inventory
124,male,waist,armor-m-pl124-waist,armor-mod/m/pl124/m_wst124.arc,romfs-player-model-inventory
124,male,legs,armor-m-pl124-legs,armor-mod/m/pl124/m_leg124.arc,romfs-player-model-inventory
125,female,head,armor-f-pl125-head,armor-mod/f/pl125/f_helm125.arc,romfs-player-model-inventory
125,female,chest,armor-f-pl125-chest,armor-mod/f/pl125/f_body125.arc,romfs-player-model-inventory
125,female,arms,armor-f-pl125-arms,armor-mod/f/pl125/f_arm125.arc,romfs-player-model-inventory
125,female,waist,armor-f-pl125-waist,armor-mod/f/pl125/f_wst125.arc,romfs-player-model-inventory
125,female,legs,armor-f-pl125-legs,armor-mod/f/pl125/f_leg125.arc,romfs-player-model-inventory
125,male,head,armor-m-pl125-head,armor-mod/m/pl125/m_helm125.arc,romfs-player-model-inventory
125,male,chest,armor-m-pl125-chest,armor-mod/m/pl125/m_body125.arc,romfs-player-model-inventory
125,male,arms,armor-m-pl125-arms,armor-mod/m/pl125/m_arm125.arc,romfs-player-model-inventory
125,male,waist,armor-m-pl125-waist,armor-mod/m/pl125/m_wst125.arc,romfs-player-model-inventory
125,male,legs,armor-m-pl125-legs,armor-mod/m/pl125/m_leg125.arc,romfs-player-model-inventory
126,female,head,armor-f-pl126-head,armor-mod/f/pl126/f_helm126.arc,romfs-player-model-inventory
126,female,chest,armor-f-pl126-chest,armor-mod/f/pl126/f_body126.arc,romfs-player-model-inventory
126,female,arms,armor-f-pl126-arms,armor-mod/f/pl126/f_arm126.arc,romfs-player-model-inventory
126,female,waist,armor-f-pl126-waist,armor-mod/f/pl126/f_wst126.arc,romfs-player-model-inventory
126,female,legs,armor-f-pl126-legs,armor-mod/f/pl126/f_leg126.arc,romfs-player-model-inventory
126,male,head,armor-m-pl126-head,armor-mod/m/pl126/m_helm126.arc,romfs-player-model-inventory
126,male,chest,armor-m-pl126-chest,armor-mod/m/pl126/m_body126.arc,romfs-player-model-inventory
126,male,arms,armor-m-pl126-arms,armor-mod/m/pl126/m_arm126.arc,romfs-player-model-inventory
126,male,waist,armor-m-pl126-waist,armor-mod/m/pl126/m_wst126.arc,romfs-player-model-inventory
126,male,legs,armor-m-pl126-legs,armor-mod/m/pl126/m_leg126.arc,romfs-player-model-inventory
127,female,head,armor-f-pl127-head,armor-mod/f/pl127/f_helm127.arc,romfs-player-model-inventory
127,female,chest,armor-f-pl127-chest,armor-mod/f/pl127/f_body127.arc,romfs-player-model-inventory
127,female,arms,armor-f-pl127-arms,armor-mod/f/pl127/f_arm127.arc,romfs-player-model-inventory
127,female,waist,armor-f-pl127-waist,armor-mod/f/pl127/f_wst127.arc,romfs-player-model-inventory
127,female,legs,armor-f-pl127-legs,armor-mod/f/pl127/f_leg127.arc,romfs-player-model-inventory
127,male,head,armor-m-pl127-head,armor-mod/m/pl127/m_helm127.arc,romfs-player-model-inventory
127,male,chest,armor-m-pl127-chest,armor-mod/m/pl127/m_body127.arc,romfs-player-model-inventory
127,male,arms,armor-m-pl127-arms,armor-mod/m/pl127/m_arm127.arc,romfs-player-model-inventory
127,male,waist,armor-m-pl127-waist,armor-mod/m/pl127/m_wst127.arc,romfs-player-model-inventory
127,male,legs,armor-m-pl127-legs,armor-mod/m/pl127/m_leg127.arc,romfs-player-model-inventory
128,female,chest,armor-f-pl128-chest,armor-mod/f/pl128/f_body128.arc,romfs-player-model-inventory
128,female,arms,armor-f-pl128-arms,armor-mod/f/pl128/f_arm128.arc,romfs-player-model-inventory
128,female,legs,armor-f-pl128-legs,armor-mod/f/pl128/f_leg128.arc,romfs-player-model-inventory
128,male,chest,armor-m-pl128-chest,armor-mod/m/pl128/m_body128.arc,romfs-player-model-inventory
128,male,arms,armor-m-pl128-arms,armor-mod/m/pl128/m_arm128.arc,romfs-player-model-inventory
128,male,legs,armor-m-pl128-legs,armor-mod/m/pl128/m_leg128.arc,romfs-player-model-inventory
129,female,head,armor-f-pl129-head,armor-mod/f/pl129/f_helm129.arc,romfs-player-model-inventory
129,female,chest,armor-f-pl129-chest,armor-mod/f/pl129/f_body129.arc,romfs-player-model-inventory
129,female,arms,armor-f-pl129-arms,armor-mod/f/pl129/f_arm129.arc,romfs-player-model-inventory
129,female,waist,armor-f-pl129-waist,armor-mod/f/pl129/f_wst129.arc,romfs-player-model-inventory
129,female,legs,armor-f-pl129-legs,armor-mod/f/pl129/f_leg129.arc,romfs-player-model-inventory
129,male,head,armor-m-pl129-head,armor-mod/m/pl129/m_helm129.arc,romfs-player-model-inventory
129,male,chest,armor-m-pl129-chest,armor-mod/m/pl129/m_body129.arc,romfs-player-model-inventory
129,male,arms,armor-m-pl129-arms,armor-mod/m/pl129/m_arm129.arc,romfs-player-model-inventory
129,male,waist,armor-m-pl129-waist,armor-mod/m/pl129/m_wst129.arc,romfs-player-model-inventory
129,male,legs,armor-m-pl129-legs,armor-mod/m/pl129/m_leg129.arc,romfs-player-model-inventory
130,female,head,armor-f-pl130-head,armor-mod/f/pl130/f_helm130.arc,romfs-player-model-inventory
130,female,chest,armor-f-pl130-chest,armor-mod/f/pl130/f_body130.arc,romfs-player-model-inventory
130,female,arms,armor-f-pl130-arms,armor-mod/f/pl130/f_arm130.arc,romfs-player-model-inventory
130,female,waist,armor-f-pl130-waist,armor-mod/f/pl130/f_wst130.arc,romfs-player-model-inventory
130,female,legs,armor-f-pl130-legs,armor-mod/f/pl130/f_leg130.arc,romfs-player-model-inventory
130,male,head,armor-m-pl130-head,armor-mod/m/pl130/m_helm130.arc,romfs-player-model-inventory
130,male,chest,armor-m-pl130-chest,armor-mod/m/pl130/m_body130.arc,romfs-player-model-inventory
130,male,arms,armor-m-pl130-arms,armor-mod/m/pl130/m_arm130.arc,romfs-player-model-inventory
130,male,waist,armor-m-pl130-waist,armor-mod/m/pl130/m_wst130.arc,romfs-player-model-inventory
130,male,legs,armor-m-pl130-legs,armor-mod/m/pl130/m_leg130.arc,romfs-player-model-inventory
131,female,head,armor-f-pl131-head,armor-mod/f/pl131/f_helm131.arc,romfs-player-model-inventory
131,female,chest,armor-f-pl131-chest,armor-mod/f/pl131/f_body131.arc,romfs-player-model-inventory
131,female,arms,armor-f-pl131-arms,armor-mod/f/pl131/f_arm131.arc,romfs-player-model-inventory
131,female,waist,armor-f-pl131-waist,armor-mod/f/pl131/f_wst131.arc,romfs-player-model-inventory
131,female,legs,armor-f-pl131-legs,armor-mod/f/pl131/f_leg131.arc,romfs-player-model-inventory
131,male,head,armor-m-pl131-head,armor-mod/m/pl131/m_helm131.arc,romfs-player-model-inventory
131,male,chest,armor-m-pl131-chest,armor-mod/m/pl131/m_body131.arc,romfs-player-model-inventory
131,male,arms,armor-m-pl131-arms,armor-mod/m/pl131/m_arm131.arc,romfs-player-model-inventory
131,male,waist,armor-m-pl131-waist,armor-mod/m/pl131/m_wst131.arc,romfs-player-model-inventory
131,male,legs,armor-m-pl131-legs,armor-mod/m/pl131/m_leg131.arc,romfs-player-model-inventory
132,female,head,armor-f-pl132-head,armor-mod/f/pl132/f_helm132.arc,romfs-player-model-inventory
132,female,chest,armor-f-pl132-chest,armor-mod/f/pl132/f_body132.arc,romfs-player-model-inventory
132,female,arms,armor-f-pl132-arms,armor-mod/f/pl132/f_arm132.arc,romfs-player-model-inventory
132,female,waist,armor-f-pl132-waist,armor-mod/f/pl132/f_wst132.arc,romfs-player-model-inventory
132,female,legs,armor-f-pl132-legs,armor-mod/f/pl132/f_leg132.arc,romfs-player-model-inventory
132,male,head,armor-m-pl132-head,armor-mod/m/pl132/m_helm132.arc,romfs-player-model-inventory
132,male,chest,armor-m-pl132-chest,armor-mod/m/pl132/m_body132.arc,romfs-player-model-inventory
132,male,arms,armor-m-pl132-arms,armor-mod/m/pl132/m_arm132.arc,romfs-player-model-inventory
132,male,waist,armor-m-pl132-waist,armor-mod/m/pl132/m_wst132.arc,romfs-player-model-inventory
132,male,legs,armor-m-pl132-legs,armor-mod/m/pl132/m_leg132.arc,romfs-player-model-inventory
133,female,head,armor-f-pl133-head,armor-mod/f/pl133/f_helm133.arc,romfs-player-model-inventory
133,female,chest,armor-f-pl133-chest,armor-mod/f/pl133/f_body133.arc,romfs-player-model-inventory
133,female,arms,armor-f-pl133-arms,armor-mod/f/pl133/f_arm133.arc,romfs-player-model-inventory
133,female,waist,armor-f-pl133-waist,armor-mod/f/pl133/f_wst133.arc,romfs-player-model-inventory
133,female,legs,armor-f-pl133-legs,armor-mod/f/pl133/f_leg133.arc,romfs-player-model-inventory
133,male,head,armor-m-pl133-head,armor-mod/m/pl133/m_helm133.arc,romfs-player-model-inventory
133,male,chest,armor-m-pl133-chest,armor-mod/m/pl133/m_body133.arc,romfs-player-model-inventory
133,male,arms,armor-m-pl133-arms,armor-mod/m/pl133/m_arm133.arc,romfs-player-model-inventory
133,male,waist,armor-m-pl133-waist,armor-mod/m/pl133/m_wst133.arc,romfs-player-model-inventory
133,male,legs,armor-m-pl133-legs,armor-mod/m/pl133/m_leg133.arc,romfs-player-model-inventory
134,female,head,armor-f-pl134-head,armor-mod/f/pl134/f_helm134.arc,romfs-player-model-inventory
134,female,chest,armor-f-pl134-chest,armor-mod/f/pl134/f_body134.arc,romfs-player-model-inventory
134,female,arms,armor-f-pl134-arms,armor-mod/f/pl134/f_arm134.arc,romfs-player-model-inventory
134,female,waist,armor-f-pl134-waist,armor-mod/f/pl134/f_wst134.arc,romfs-player-model-inventory
134,female,legs,armor-f-pl134-legs,armor-mod/f/pl134/f_leg134.arc,romfs-player-model-inventory
135,female,head,armor-f-pl135-head,armor-mod/f/pl135/f_helm135.arc,romfs-player-model-inventory
135,female,chest,armor-f-pl135-chest,armor-mod/f/pl135/f_body135.arc,romfs-player-model-inventory
135,female,arms,armor-f-pl135-arms,armor-mod/f/pl135/f_arm135.arc,romfs-player-model-inventory
135,female,waist,armor-f-pl135-waist,armor-mod/f/pl135/f_wst135.arc,romfs-player-model-inventory
135,female,legs,armor-f-pl135-legs,armor-mod/f/pl135/f_leg135.arc,romfs-player-model-inventory
135,male,head,armor-m-pl135-head,armor-mod/m/pl135/m_helm135.arc,romfs-player-model-inventory
135,male,chest,armor-m-pl135-chest,armor-mod/m/pl135/m_body135.arc,romfs-player-model-inventory
135,male,arms,armor-m-pl135-arms,armor-mod/m/pl135/m_arm135.arc,romfs-player-model-inventory
135,male,waist,armor-m-pl135-waist,armor-mod/m/pl135/m_wst135.arc,romfs-player-model-inventory
135,male,legs,armor-m-pl135-legs,armor-mod/m/pl135/m_leg135.arc,romfs-player-model-inventory
136,female,head,armor-f-pl136-head,armor-mod/f/pl136/f_helm136.arc,romfs-player-model-inventory
136,female,chest,armor-f-pl136-chest,armor-mod/f/pl136/f_body136.arc,romfs-player-model-inventory
136,female,arms,armor-f-pl136-arms,armor-mod/f/pl136/f_arm136.arc,romfs-player-model-inventory
136,female,waist,armor-f-pl136-waist,armor-mod/f/pl136/f_wst136.arc,romfs-player-model-inventory
136,female,legs,armor-f-pl136-legs,armor-mod/f/pl136/f_leg136.arc,romfs-player-model-inventory
136,male,head,armor-m-pl136-head,armor-mod/m/pl136/m_helm136.arc,romfs-player-model-inventory
136,male,chest,armor-m-pl136-chest,armor-mod/m/pl136/m_body136.arc,romfs-player-model-inventory
136,male,arms,armor-m-pl136-arms,armor-mod/m/pl136/m_arm136.arc,romfs-player-model-inventory
136,male,waist,armor-m-pl136-waist,armor-mod/m/pl136/m_wst136.arc,romfs-player-model-inventory
136,male,legs,armor-m-pl136-legs,armor-mod/m/pl136/m_leg136.arc,romfs-player-model-inventory
137,female,head,armor-f-pl137-head,armor-mod/f/pl137/f_helm137.arc,romfs-player-model-inventory
137,female,chest,armor-f-pl137-chest,armor-mod/f/pl137/f_body137.arc,romfs-player-model-inventory
137,female,arms,armor-f-pl137-arms,armor-mod/f/pl137/f_arm137.arc,romfs-player-model-inventory
137,female,waist,armor-f-pl137-waist,armor-mod/f/pl137/f_wst137.arc,romfs-player-model-inventory
137,female,legs,armor-f-pl137-legs,armor-mod/f/pl137/f_leg137.arc,romfs-player-model-inventory
137,male,head,armor-m-pl137-head,armor-mod/m/pl137/m_helm137.arc,romfs-player-model-inventory
137,male,chest,armor-m-pl137-chest,armor-mod/m/pl137/m_body137.arc,romfs-player-model-inventory
137,male,arms,armor-m-pl137-arms,armor-mod/m/pl137/m_arm137.arc,romfs-player-model-inventory
137,male,waist,armor-m-pl137-waist,armor-mod/m/pl137/m_wst137.arc,romfs-player-model-inventory
137,male,legs,armor-m-pl137-legs,armor-mod/m/pl137/m_leg137.arc,romfs-player-model-inventory
138,female,head,armor-f-pl138-head,armor-mod/f/pl138/f_helm138.arc,romfs-player-model-inventory
138,female,chest,armor-f-pl138-chest,armor-mod/f/pl138/f_body138.arc,romfs-player-model-inventory
138,female,arms,armor-f-pl138-arms,armor-mod/f/pl138/f_arm138.arc,romfs-player-model-inventory
138,female,waist,armor-f-pl138-waist,armor-mod/f/pl138/f_wst138.arc,romfs-player-model-inventory
138,female,legs,armor-f-pl138-legs,armor-mod/f/pl138/f_leg138.arc,romfs-player-model-inventory
138,male,head,armor-m-pl138-head,armor-mod/m/pl138/m_helm138.arc,romfs-player-model-inventory
138,male,chest,armor-m-pl138-chest,armor-mod/m/pl138/m_body138.arc,romfs-player-model-inventory
138,male,arms,armor-m-pl138-arms,armor-mod/m/pl138/m_arm138.arc,romfs-player-model-inventory
138,male,waist,armor-m-pl138-waist,armor-mod/m/pl138/m_wst138.arc,romfs-player-model-inventory
138,male,legs,armor-m-pl138-legs,armor-mod/m/pl138/m_leg138.arc,romfs-player-model-inventory
139,female,head,armor-f-pl139-head,armor-mod/f/pl139/f_helm139.arc,romfs-player-model-inventory
139,female,chest,armor-f-pl139-chest,armor-mod/f/pl139/f_body139.arc,romfs-player-model-inventory
139,female,arms,armor-f-pl139-arms,armor-mod/f/pl139/f_arm139.arc,romfs-player-model-inventory
139,female,waist,armor-f-pl139-waist,armor-mod/f/pl139/f_wst139.arc,romfs-player-model-inventory
139,female,legs,armor-f-pl139-legs,armor-mod/f/pl139/f_leg139.arc,romfs-player-model-inventory
139,male,head,armor-m-pl139-head,armor-mod/m/pl139/m_helm139.arc,romfs-player-model-inventory
139,male,chest,armor-m-pl139-chest,armor-mod/m/pl139/m_body139.arc,romfs-player-model-inventory
139,male,arms,armor-m-pl139-arms,armor-mod/m/pl139/m_arm139.arc,romfs-player-model-inventory
139,male,waist,armor-m-pl139-waist,armor-mod/m/pl139/m_wst139.arc,romfs-player-model-inventory
139,male,legs,armor-m-pl139-legs,armor-mod/m/pl139/m_leg139.arc,romfs-player-model-inventory
140,female,head,armor-f-pl140-head,armor-mod/f/pl140/f_helm140.arc,romfs-player-model-inventory
140,female,chest,armor-f-pl140-chest,armor-mod/f/pl140/f_body140.arc,romfs-player-model-inventory
140,female,arms,armor-f-pl140-arms,armor-mod/f/pl140/f_arm140.arc,romfs-player-model-inventory
140,female,waist,armor-f-pl140-waist,armor-mod/f/pl140/f_wst140.arc,romfs-player-model-inventory
140,female,legs,armor-f-pl140-legs,armor-mod/f/pl140/f_leg140.arc,romfs-player-model-inventory
140,male,head,armor-m-pl140-head,armor-mod/m/pl140/m_helm140.arc,romfs-player-model-inventory
140,male,chest,armor-m-pl140-chest,armor-mod/m/pl140/m_body140.arc,romfs-player-model-inventory
140,male,arms,armor-m-pl140-arms,armor-mod/m/pl140/m_arm140.arc,romfs-player-model-inventory
140,male,waist,armor-m-pl140-waist,armor-mod/m/pl140/m_wst140.arc,romfs-player-model-inventory
140,male,legs,armor-m-pl140-legs,armor-mod/m/pl140/m_leg140.arc,romfs-player-model-inventory
141,female,head,armor-f-pl141-head,armor-mod/f/pl141/f_helm141.arc,romfs-player-model-inventory
141,female,chest,armor-f-pl141-chest,armor-mod/f/pl141/f_body141.arc,romfs-player-model-inventory
141,female,arms,armor-f-pl141-arms,armor-mod/f/pl141/f_arm141.arc,romfs-player-model-inventory
141,female,waist,armor-f-pl141-waist,armor-mod/f/pl141/f_wst141.arc,romfs-player-model-inventory
141,female,legs,armor-f-pl141-legs,armor-mod/f/pl141/f_leg141.arc,romfs-player-model-inventory
141,male,head,armor-m-pl141-head,armor-mod/m/pl141/m_helm141.arc,romfs-player-model-inventory
141,male,chest,armor-m-pl141-chest,armor-mod/m/pl141/m_body141.arc,romfs-player-model-inventory
141,male,arms,armor-m-pl141-arms,armor-mod/m/pl141/m_arm141.arc,romfs-player-model-inventory
141,male,waist,armor-m-pl141-waist,armor-mod/m/pl141/m_wst141.arc,romfs-player-model-inventory
141,male,legs,armor-m-pl141-legs,armor-mod/m/pl141/m_leg141.arc,romfs-player-model-inventory
142,female,head,armor-f-pl142-head,armor-mod/f/pl142/f_helm142.arc,romfs-player-model-inventory
142,female,chest,armor-f-pl142-chest,armor-mod/f/pl142/f_body142.arc,romfs-player-model-inventory
142,female,arms,armor-f-pl142-arms,armor-mod/f/pl142/f_arm142.arc,romfs-player-model-inventory
142,female,waist,armor-f-pl142-waist,armor-mod/f/pl142/f_wst142.arc,romfs-player-model-inventory
142,female,legs,armor-f-pl142-legs,armor-mod/f/pl142/f_leg142.arc,romfs-player-model-inventory
142,male,head,armor-m-pl142-head,armor-mod/m/pl142/m_helm142.arc,romfs-player-model-inventory
142,male,chest,armor-m-pl142-chest,armor-mod/m/pl142/m_body142.arc,romfs-player-model-inventory
142,male,arms,armor-m-pl142-arms,armor-mod/m/pl142/m_arm142.arc,romfs-player-model-inventory
142,male,waist,armor-m-pl142-waist,armor-mod/m/pl142/m_wst142.arc,romfs-player-model-inventory
142,male,legs,armor-m-pl142-legs,armor-mod/m/pl142/m_leg142.arc,romfs-player-model-inventory
143,female,head,armor-f-pl143-head,armor-mod/f/pl143/f_helm143.arc,romfs-player-model-inventory
143,female,chest,armor-f-pl143-chest,armor-mod/f/pl143/f_body143.arc,romfs-player-model-inventory
143,female,arms,armor-f-pl143-arms,armor-mod/f/pl143/f_arm143.arc,romfs-player-model-inventory
143,female,waist,armor-f-pl143-waist,armor-mod/f/pl143/f_wst143.arc,romfs-player-model-inventory
143,female,legs,armor-f-pl143-legs,armor-mod/f/pl143/f_leg143.arc,romfs-player-model-inventory
143,male,head,armor-m-pl143-head,armor-mod/m/pl143/m_helm143.arc,romfs-player-model-inventory
143,male,chest,armor-m-pl143-chest,armor-mod/m/pl143/m_body143.arc,romfs-player-model-inventory
143,male,arms,armor-m-pl143-arms,armor-mod/m/pl143/m_arm143.arc,romfs-player-model-inventory
143,male,waist,armor-m-pl143-waist,armor-mod/m/pl143/m_wst143.arc,romfs-player-model-inventory
143,male,legs,armor-m-pl143-legs,armor-mod/m/pl143/m_leg143.arc,romfs-player-model-inventory
144,female,head,armor-f-pl144-head,armor-mod/f/pl144/f_helm144.arc,romfs-player-model-inventory
144,female,chest,armor-f-pl144-chest,armor-mod/f/pl144/f_body144.arc,romfs-player-model-inventory
144,female,arms,armor-f-pl144-arms,armor-mod/f/pl144/f_arm144.arc,romfs-player-model-inventory
144,female,waist,armor-f-pl144-waist,armor-mod/f/pl144/f_wst144.arc,romfs-player-model-inventory
144,female,legs,armor-f-pl144-legs,armor-mod/f/pl144/f_leg144.arc,romfs-player-model-inventory
144,male,head,armor-m-pl144-head,armor-mod/m/pl144/m_helm144.arc,romfs-player-model-inventory
144,male,chest,armor-m-pl144-chest,armor-mod/m/pl144/m_body144.arc,romfs-player-model-inventory
144,male,arms,armor-m-pl144-arms,armor-mod/m/pl144/m_arm144.arc,romfs-player-model-inventory
144,male,waist,armor-m-pl144-waist,armor-mod/m/pl144/m_wst144.arc,romfs-player-model-inventory
144,male,legs,armor-m-pl144-legs,armor-mod/m/pl144/m_leg144.arc,romfs-player-model-inventory
145,female,head,armor-f-pl145-head,armor-mod/f/pl145/f_helm145.arc,romfs-player-model-inventory
145,female,chest,armor-f-pl145-chest,armor-mod/f/pl145/f_body145.arc,romfs-player-model-inventory
145,female,arms,armor-f-pl145-arms,armor-mod/f/pl145/f_arm145.arc,romfs-player-model-inventory
145,female,waist,armor-f-pl145-waist,armor-mod/f/pl145/f_wst145.arc,romfs-player-model-inventory
145,female,legs,armor-f-pl145-legs,armor-mod/f/pl145/f_leg145.arc,romfs-player-model-inventory
145,male,head,armor-m-pl145-head,armor-mod/m/pl145/m_helm145.arc,romfs-player-model-inventory
145,male,chest,armor-m-pl145-chest,armor-mod/m/pl145/m_body145.arc,romfs-player-model-inventory
145,male,arms,armor-m-pl145-arms,armor-mod/m/pl145/m_arm145.arc,romfs-player-model-inventory
145,male,waist,armor-m-pl145-waist,armor-mod/m/pl145/m_wst145.arc,romfs-player-model-inventory
145,male,legs,armor-m-pl145-legs,armor-mod/m/pl145/m_leg145.arc,romfs-player-model-inventory
146,female,head,armor-f-pl146-head,armor-mod/f/pl146/f_helm146.arc,romfs-player-model-inventory
146,female,chest,armor-f-pl146-chest,armor-mod/f/pl146/f_body146.arc,romfs-player-model-inventory
146,female,arms,armor-f-pl146-arms,armor-mod/f/pl146/f_arm146.arc,romfs-player-model-inventory
146,female,waist,armor-f-pl146-waist,armor-mod/f/pl146/f_wst146.arc,romfs-player-model-inventory
146,female,legs,armor-f-pl146-legs,armor-mod/f/pl146/f_leg146.arc,romfs-player-model-inventory
146,male,head,armor-m-pl146-head,armor-mod/m/pl146/m_helm146.arc,romfs-player-model-inventory
146,male,chest,armor-m-pl146-chest,armor-mod/m/pl146/m_body146.arc,romfs-player-model-inventory
146,male,arms,armor-m-pl146-arms,armor-mod/m/pl146/m_arm146.arc,romfs-player-model-inventory
146,male,waist,armor-m-pl146-waist,armor-mod/m/pl146/m_wst146.arc,romfs-player-model-inventory
146,male,legs,armor-m-pl146-legs,armor-mod/m/pl146/m_leg146.arc,romfs-player-model-inventory
147,female,head,armor-f-pl147-head,armor-mod/f/pl147/f_helm147.arc,romfs-player-model-inventory
147,female,chest,armor-f-pl147-chest,armor-mod/f/pl147/f_body147.arc,romfs-player-model-inventory
147,female,arms,armor-f-pl147-arms,armor-mod/f/pl147/f_arm147.arc,romfs-player-model-inventory
147,female,waist,armor-f-pl147-waist,armor-mod/f/pl147/f_wst147.arc,romfs-player-model-inventory
147,female,legs,armor-f-pl147-legs,armor-mod/f/pl147/f_leg147.arc,romfs-player-model-inventory
147,male,head,armor-m-pl147-head,armor-mod/m/pl147/m_helm147.arc,romfs-player-model-inventory
147,male,chest,armor-m-pl147-chest,armor-mod/m/pl147/m_body147.arc,romfs-player-model-inventory
147,male,arms,armor-m-pl147-arms,armor-mod/m/pl147/m_arm147.arc,romfs-player-model-inventory
147,male,waist,armor-m-pl147-waist,armor-mod/m/pl147/m_wst147.arc,romfs-player-model-inventory
147,male,legs,armor-m-pl147-legs,armor-mod/m/pl147/m_leg147.arc,romfs-player-model-inventory
148,female,head,armor-f-pl148-head,armor-mod/f/pl148/f_helm148.arc,romfs-player-model-inventory
148,female,chest,armor-f-pl148-chest,armor-mod/f/pl148/f_body148.arc,romfs-player-model-inventory
148,female,arms,armor-f-pl148-arms,armor-mod/f/pl148/f_arm148.arc,romfs-player-model-inventory
148,female,waist,armor-f-pl148-waist,armor-mod/f/pl148/f_wst148.arc,romfs-player-model-inventory
148,female,legs,armor-f-pl148-legs,armor-mod/f/pl148/f_leg148.arc,romfs-player-model-inventory
148,male,head,armor-m-pl148-head,armor-mod/m/pl148/m_helm148.arc,romfs-player-model-inventory
148,male,chest,armor-m-pl148-chest,armor-mod/m/pl148/m_body148.arc,romfs-player-model-inventory
148,male,arms,armor-m-pl148-arms,armor-mod/m/pl148/m_arm148.arc,romfs-player-model-inventory
148,male,waist,armor-m-pl148-waist,armor-mod/m/pl148/m_wst148.arc,romfs-player-model-inventory
148,male,legs,armor-m-pl148-legs,armor-mod/m/pl148/m_leg148.arc,romfs-player-model-inventory
149,female,head,armor-f-pl149-head,armor-mod/f/pl149/f_helm149.arc,romfs-player-model-inventory
149,female,chest,armor-f-pl149-chest,armor-mod/f/pl149/f_body149.arc,romfs-player-model-inventory
149,female,arms,armor-f-pl149-arms,armor-mod/f/pl149/f_arm149.arc,romfs-player-model-inventory
149,female,waist,armor-f-pl149-waist,armor-mod/f/pl149/f_wst149.arc,romfs-player-model-inventory
149,female,legs,armor-f-pl149-legs,armor-mod/f/pl149/f_leg149.arc,romfs-player-model-inventory
149,male,head,armor-m-pl149-head,armor-mod/m/pl149/m_helm149.arc,romfs-player-model-inventory
149,male,chest,armor-m-pl149-chest,armor-mod/m/pl149/m_body149.arc,romfs-player-model-inventory
149,male,arms,armor-m-pl149-arms,armor-mod/m/pl149/m_arm149.arc,romfs-player-model-inventory
149,male,waist,armor-m-pl149-waist,armor-mod/m/pl149/m_wst149.arc,romfs-player-model-inventory
149,male,legs,armor-m-pl149-legs,armor-mod/m/pl149/m_leg149.arc,romfs-player-model-inventory
150,female,head,armor-f-pl150-head,armor-mod/f/pl150/f_helm150.arc,romfs-player-model-inventory
150,female,chest,armor-f-pl150-chest,armor-mod/f/pl150/f_body150.arc,romfs-player-model-inventory
150,female,arms,armor-f-pl150-arms,armor-mod/f/pl150/f_arm150.arc,romfs-player-model-inventory
150,female,waist,armor-f-pl150-waist,armor-mod/f/pl150/f_wst150.arc,romfs-player-model-inventory
150,female,legs,armor-f-pl150-legs,armor-mod/f/pl150/f_leg150.arc,romfs-player-model-inventory
150,male,head,armor-m-pl150-head,armor-mod/m/pl150/m_helm150.arc,romfs-player-model-inventory
150,male,chest,armor-m-pl150-chest,armor-mod/m/pl150/m_body150.arc,romfs-player-model-inventory
150,male,arms,armor-m-pl150-arms,armor-mod/m/pl150/m_arm150.arc,romfs-player-model-inventory
150,male,waist,armor-m-pl150-waist,armor-mod/m/pl150/m_wst150.arc,romfs-player-model-inventory
150,male,legs,armor-m-pl150-legs,armor-mod/m/pl150/m_leg150.arc,romfs-player-model-inventory
151,female,head,armor-f-pl151-head,armor-mod/f/pl151/f_helm151.arc,romfs-player-model-inventory
151,female,chest,armor-f-pl151-chest,armor-mod/f/pl151/f_body151.arc,romfs-player-model-inventory
151,female,arms,armor-f-pl151-arms,armor-mod/f/pl151/f_arm151.arc,romfs-player-model-inventory
151,female,waist,armor-f-pl151-waist,armor-mod/f/pl151/f_wst151.arc,romfs-player-model-inventory
151,female,legs,armor-f-pl151-legs,armor-mod/f/pl151/f_leg151.arc,romfs-player-model-inventory
151,male,head,armor-m-pl151-head,armor-mod/m/pl151/m_helm151.arc,romfs-player-model-inventory
151,male,chest,armor-m-pl151-chest,armor-mod/m/pl151/m_body151.arc,romfs-player-model-inventory
151,male,arms,armor-m-pl151-arms,armor-mod/m/pl151/m_arm151.arc,romfs-player-model-inventory
151,male,waist,armor-m-pl151-waist,armor-mod/m/pl151/m_wst151.arc,romfs-player-model-inventory
151,male,legs,armor-m-pl151-legs,armor-mod/m/pl151/m_leg151.arc,romfs-player-model-inventory
152,female,head,armor-f-pl152-head,armor-mod/f/pl152/f_helm152.arc,romfs-player-model-inventory
152,female,chest,armor-f-pl152-chest,armor-mod/f/pl152/f_body152.arc,romfs-player-model-inventory
152,female,arms,armor-f-pl152-arms,armor-mod/f/pl152/f_arm152.arc,romfs-player-model-inventory
152,female,waist,armor-f-pl152-waist,armor-mod/f/pl152/f_wst152.arc,romfs-player-model-inventory
152,female,legs,armor-f-pl152-legs,armor-mod/f/pl152/f_leg152.arc,romfs-player-model-inventory
152,male,head,armor-m-pl152-head,armor-mod/m/pl152/m_helm152.arc,romfs-player-model-inventory
152,male,chest,armor-m-pl152-chest,armor-mod/m/pl152/m_body152.arc,romfs-player-model-inventory
152,male,arms,armor-m-pl152-arms,armor-mod/m/pl152/m_arm152.arc,romfs-player-model-inventory
152,male,waist,armor-m-pl152-waist,armor-mod/m/pl152/m_wst152.arc,romfs-player-model-inventory
152,male,legs,armor-m-pl152-legs,armor-mod/m/pl152/m_leg152.arc,romfs-player-model-inventory
153,female,head,armor-f-pl153-head,armor-mod/f/pl153/f_helm153.arc,romfs-player-model-inventory
153,female,chest,armor-f-pl153-chest,armor-mod/f/pl153/f_body153.arc,romfs-player-model-inventory
153,female,arms,armor-f-pl153-arms,armor-mod/f/pl153/f_arm153.arc,romfs-player-model-inventory
153,female,waist,armor-f-pl153-waist,armor-mod/f/pl153/f_wst153.arc,romfs-player-model-inventory
153,female,legs,armor-f-pl153-legs,armor-mod/f/pl153/f_leg153.arc,romfs-player-model-inventory
153,male,head,armor-m-pl153-head,armor-mod/m/pl153/m_helm153.arc,romfs-player-model-inventory
153,male,chest,armor-m-pl153-chest,armor-mod/m/pl153/m_body153.arc,romfs-player-model-inventory
153,male,arms,armor-m-pl153-arms,armor-mod/m/pl153/m_arm153.arc,romfs-player-model-inventory
153,male,waist,armor-m-pl153-waist,armor-mod/m/pl153/m_wst153.arc,romfs-player-model-inventory
153,male,legs,armor-m-pl153-legs,armor-mod/m/pl153/m_leg153.arc,romfs-player-model-inventory
154,female,head,armor-f-pl154-head,armor-mod/f/pl154/f_helm154.arc,romfs-player-model-inventory
154,female,chest,armor-f-pl154-chest,armor-mod/f/pl154/f_body154.arc,romfs-player-model-inventory
154,female,arms,armor-f-pl154-arms,armor-mod/f/pl154/f_arm154.arc,romfs-player-model-inventory
154,female,waist,armor-f-pl154-waist,armor-mod/f/pl154/f_wst154.arc,romfs-player-model-inventory
154,female,legs,armor-f-pl154-legs,armor-mod/f/pl154/f_leg154.arc,romfs-player-model-inventory
154,male,head,armor-m-pl154-head,armor-mod/m/pl154/m_helm154.arc,romfs-player-model-inventory
154,male,chest,armor-m-pl154-chest,armor-mod/m/pl154/m_body154.arc,romfs-player-model-inventory
154,male,arms,armor-m-pl154-arms,armor-mod/m/pl154/m_arm154.arc,romfs-player-model-inventory
154,male,waist,armor-m-pl154-waist,armor-mod/m/pl154/m_wst154.arc,romfs-player-model-inventory
154,male,legs,armor-m-pl154-legs,armor-mod/m/pl154/m_leg154.arc,romfs-player-model-inventory
155,female,head,armor-f-pl155-head,armor-mod/f/pl155/f_helm155.arc,romfs-player-model-inventory
155,female,chest,armor-f-pl155-chest,armor-mod/f/pl155/f_body155.arc,romfs-player-model-inventory
155,female,arms,armor-f-pl155-arms,armor-mod/f/pl155/f_arm155.arc,romfs-player-model-inventory
155,female,waist,armor-f-pl155-waist,armor-mod/f/pl155/f_wst155.arc,romfs-player-model-inventory
155,female,legs,armor-f-pl155-legs,armor-mod/f/pl155/f_leg155.arc,romfs-player-model-inventory
155,male,head,armor-m-pl155-head,armor-mod/m/pl155/m_helm155.arc,romfs-player-model-inventory
155,male,chest,armor-m-pl155-chest,armor-mod/m/pl155/m_body155.arc,romfs-player-model-inventory
155,male,arms,armor-m-pl155-arms,armor-mod/m/pl155/m_arm155.arc,romfs-player-model-inventory
155,male,waist,armor-m-pl155-waist,armor-mod/m/pl155/m_wst155.arc,romfs-player-model-inventory
155,male,legs,armor-m-pl155-legs,armor-mod/m/pl155/m_leg155.arc,romfs-player-model-inventory
156,female,head,armor-f-pl156-head,armor-mod/f/pl156/f_helm156.arc,romfs-player-model-inventory
156,female,chest,armor-f-pl156-chest,armor-mod/f/pl156/f_body156.arc,romfs-player-model-inventory
156,female,arms,armor-f-pl156-arms,armor-mod/f/pl156/f_arm156.arc,romfs-player-model-inventory
156,female,waist,armor-f-pl156-waist,armor-mod/f/pl156/f_wst156.arc,romfs-player-model-inventory
156,female,legs,armor-f-pl156-legs,armor-mod/f/pl156/f_leg156.arc,romfs-player-model-inventory
156,male,head,armor-m-pl156-head,armor-mod/m/pl156/m_helm156.arc,romfs-player-model-inventory
156,male,chest,armor-m-pl156-chest,armor-mod/m/pl156/m_body156.arc,romfs-player-model-inventory
156,male,arms,armor-m-pl156-arms,armor-mod/m/pl156/m_arm156.arc,romfs-player-model-inventory
156,male,waist,armor-m-pl156-waist,armor-mod/m/pl156/m_wst156.arc,romfs-player-model-inventory
156,male,legs,armor-m-pl156-legs,armor-mod/m/pl156/m_leg156.arc,romfs-player-model-inventory
157,female,head,armor-f-pl157-head,armor-mod/f/pl157/f_helm157.arc,romfs-player-model-inventory
157,female,chest,armor-f-pl157-chest,armor-mod/f/pl157/f_body157.arc,romfs-player-model-inventory
157,female,arms,armor-f-pl157-arms,armor-mod/f/pl157/f_arm157.arc,romfs-player-model-inventory
157,female,waist,armor-f-pl157-waist,armor-mod/f/pl157/f_wst157.arc,romfs-player-model-inventory
157,female,legs,armor-f-pl157-legs,armor-mod/f/pl157/f_leg157.arc,romfs-player-model-inventory
157,male,head,armor-m-pl157-head,armor-mod/m/pl157/m_helm157.arc,romfs-player-model-inventory
157,male,chest,armor-m-pl157-chest,armor-mod/m/pl157/m_body157.arc,romfs-player-model-inventory
157,male,arms,armor-m-pl157-arms,armor-mod/m/pl157/m_arm157.arc,romfs-player-model-inventory
157,male,waist,armor-m-pl157-waist,armor-mod/m/pl157/m_wst157.arc,romfs-player-model-inventory
157,male,legs,armor-m-pl157-legs,armor-mod/m/pl157/m_leg157.arc,romfs-player-model-inventory
158,female,head,armor-f-pl158-head,armor-mod/f/pl158/f_helm158.arc,romfs-player-model-inventory
158,female,chest,armor-f-pl158-chest,armor-mod/f/pl158/f_body158.arc,romfs-player-model-inventory
158,female,arms,armor-f-pl158-arms,armor-mod/f/pl158/f_arm158.arc,romfs-player-model-inventory
158,female,waist,armor-f-pl158-waist,armor-mod/f/pl158/f_wst158.arc,romfs-player-model-inventory
158,female,legs,armor-f-pl158-legs,armor-mod/f/pl158/f_leg158.arc,romfs-player-model-inventory
158,male,head,armor-m-pl158-head,armor-mod/m/pl158/m_helm158.arc,romfs-player-model-inventory
158,male,chest,armor-m-pl158-chest,armor-mod/m/pl158/m_body158.arc,romfs-player-model-inventory
158,male,arms,armor-m-pl158-arms,armor-mod/m/pl158/m_arm158.arc,romfs-player-model-inventory
158,male,waist,armor-m-pl158-waist,armor-mod/m/pl158/m_wst158.arc,romfs-player-model-inventory
158,male,legs,armor-m-pl158-legs,armor-mod/m/pl158/m_leg158.arc,romfs-player-model-inventory
159,female,head,armor-f-pl159-head,armor-mod/f/pl159/f_helm159.arc,romfs-player-model-inventory
159,female,chest,armor-f-pl159-chest,armor-mod/f/pl159/f_body159.arc,romfs-player-model-inventory
159,female,arms,armor-f-pl159-arms,armor-mod/f/pl159/f_arm159.arc,romfs-player-model-inventory
159,female,waist,armor-f-pl159-waist,armor-mod/f/pl159/f_wst159.arc,romfs-player-model-inventory
159,female,legs,armor-f-pl159-legs,armor-mod/f/pl159/f_leg159.arc,romfs-player-model-inventory
159,male,head,armor-m-pl159-head,armor-mod/m/pl159/m_helm159.arc,romfs-player-model-inventory
159,male,chest,armor-m-pl159-chest,armor-mod/m/pl159/m_body159.arc,romfs-player-model-inventory
159,male,arms,armor-m-pl159-arms,armor-mod/m/pl159/m_arm159.arc,romfs-player-model-inventory
159,male,waist,armor-m-pl159-waist,armor-mod/m/pl159/m_wst159.arc,romfs-player-model-inventory
159,male,legs,armor-m-pl159-legs,armor-mod/m/pl159/m_leg159.arc,romfs-player-model-inventory
160,female,head,armor-f-pl160-head,armor-mod/f/pl160/f_helm160.arc,romfs-player-model-inventory
160,female,chest,armor-f-pl160-chest,armor-mod/f/pl160/f_body160.arc,romfs-player-model-inventory
160,female,arms,armor-f-pl160-arms,armor-mod/f/pl160/f_arm160.arc,romfs-player-model-inventory
160,female,waist,armor-f-pl160-waist,armor-mod/f/pl160/f_wst160.arc,romfs-player-model-inventory
160,female,legs,armor-f-pl160-legs,armor-mod/f/pl160/f_leg160.arc,romfs-player-model-inventory
160,male,head,armor-m-pl160-head,armor-mod/m/pl160/m_helm160.arc,romfs-player-model-inventory
160,male,chest,armor-m-pl160-chest,armor-mod/m/pl160/m_body160.arc,romfs-player-model-inventory
160,male,arms,armor-m-pl160-arms,armor-mod/m/pl160/m_arm160.arc,romfs-player-model-inventory
160,male,waist,armor-m-pl160-waist,armor-mod/m/pl160/m_wst160.arc,romfs-player-model-inventory
160,male,legs,armor-m-pl160-legs,armor-mod/m/pl160/m_leg160.arc,romfs-player-model-inventory
161,female,head,armor-f-pl161-head,armor-mod/f/pl161/f_helm161.arc,romfs-player-model-inventory
161,female,chest,armor-f-pl161-chest,armor-mod/f/pl161/f_body161.arc,romfs-player-model-inventory
161,female,arms,armor-f-pl161-arms,armor-mod/f/pl161/f_arm161.arc,romfs-player-model-inventory
161,female,waist,armor-f-pl161-waist,armor-mod/f/pl161/f_wst161.arc,romfs-player-model-inventory
161,female,legs,armor-f-pl161-legs,armor-mod/f/pl161/f_leg161.arc,romfs-player-model-inventory
161,male,head,armor-m-pl161-head,armor-mod/m/pl161/m_helm161.arc,romfs-player-model-inventory
161,male,chest,armor-m-pl161-chest,armor-mod/m/pl161/m_body161.arc,romfs-player-model-inventory
161,male,arms,armor-m-pl161-arms,armor-mod/m/pl161/m_arm161.arc,romfs-player-model-inventory
161,male,waist,armor-m-pl161-waist,armor-mod/m/pl161/m_wst161.arc,romfs-player-model-inventory
161,male,legs,armor-m-pl161-legs,armor-mod/m/pl161/m_leg161.arc,romfs-player-model-inventory
162,female,head,armor-f-pl162-head,armor-mod/f/pl162/f_helm162.arc,romfs-player-model-inventory
162,female,chest,armor-f-pl162-chest,armor-mod/f/pl162/f_body162.arc,romfs-player-model-inventory
162,female,arms,armor-f-pl162-arms,armor-mod/f/pl162/f_arm162.arc,romfs-player-model-inventory
162,female,waist,armor-f-pl162-waist,armor-mod/f/pl162/f_wst162.arc,romfs-player-model-inventory
162,female,legs,armor-f-pl162-legs,armor-mod/f/pl162/f_leg162.arc,romfs-player-model-inventory
162,male,head,armor-m-pl162-head,armor-mod/m/pl162/m_helm162.arc,romfs-player-model-inventory
162,male,chest,armor-m-pl162-chest,armor-mod/m/pl162/m_body162.arc,romfs-player-model-inventory
162,male,arms,armor-m-pl162-arms,armor-mod/m/pl162/m_arm162.arc,romfs-player-model-inventory
162,male,waist,armor-m-pl162-waist,armor-mod/m/pl162/m_wst162.arc,romfs-player-model-inventory
162,male,legs,armor-m-pl162-legs,armor-mod/m/pl162/m_leg162.arc,romfs-player-model-inventory
163,female,head,armor-f-pl163-head,armor-mod/f/pl163/f_helm163.arc,romfs-player-model-inventory
163,female,chest,armor-f-pl163-chest,armor-mod/f/pl163/f_body163.arc,romfs-player-model-inventory
163,female,arms,armor-f-pl163-arms,armor-mod/f/pl163/f_arm163.arc,romfs-player-model-inventory
163,female,waist,armor-f-pl163-waist,armor-mod/f/pl163/f_wst163.arc,romfs-player-model-inventory
163,female,legs,armor-f-pl163-legs,armor-mod/f/pl163/f_leg163.arc,romfs-player-model-inventory
163,male,head,armor-m-pl163-head,armor-mod/m/pl163/m_helm163.arc,romfs-player-model-inventory
163,male,chest,armor-m-pl163-chest,armor-mod/m/pl163/m_body163.arc,romfs-player-model-inventory
163,male,arms,armor-m-pl163-arms,armor-mod/m/pl163/m_arm163.arc,romfs-player-model-inventory
163,male,waist,armor-m-pl163-waist,armor-mod/m/pl163/m_wst163.arc,romfs-player-model-inventory
163,male,legs,armor-m-pl163-legs,armor-mod/m/pl163/m_leg163.arc,romfs-player-model-inventory
164,female,head,armor-f-pl164-head,armor-mod/f/pl164/f_helm164.arc,romfs-player-model-inventory
164,female,chest,armor-f-pl164-chest,armor-mod/f/pl164/f_body164.arc,romfs-player-model-inventory
164,female,arms,armor-f-pl164-arms,armor-mod/f/pl164/f_arm164.arc,romfs-player-model-inventory
164,female,waist,armor-f-pl164-waist,armor-mod/f/pl164/f_wst164.arc,romfs-player-model-inventory
164,female,legs,armor-f-pl164-legs,armor-mod/f/pl164/f_leg164.arc,romfs-player-model-inventory
164,male,head,armor-m-pl164-head,armor-mod/m/pl164/m_helm164.arc,romfs-player-model-inventory
164,male,chest,armor-m-pl164-chest,armor-mod/m/pl164/m_body164.arc,romfs-player-model-inventory
164,male,arms,armor-m-pl164-arms,armor-mod/m/pl164/m_arm164.arc,romfs-player-model-inventory
164,male,waist,armor-m-pl164-waist,armor-mod/m/pl164/m_wst164.arc,romfs-player-model-inventory
164,male,legs,armor-m-pl164-legs,armor-mod/m/pl164/m_leg164.arc,romfs-player-model-inventory
165,female,head,armor-f-pl165-head,armor-mod/f/pl165/f_helm165.arc,romfs-player-model-inventory
165,female,chest,armor-f-pl165-chest,armor-mod/f/pl165/f_body165.arc,romfs-player-model-inventory
165,female,arms,armor-f-pl165-arms,armor-mod/f/pl165/f_arm165.arc,romfs-player-model-inventory
165,female,waist,armor-f-pl165-waist,armor-mod/f/pl165/f_wst165.arc,romfs-player-model-inventory
165,female,legs,armor-f-pl165-legs,armor-mod/f/pl165/f_leg165.arc,romfs-player-model-inventory
165,male,head,armor-m-pl165-head,armor-mod/m/pl165/m_helm165.arc,romfs-player-model-inventory
165,male,chest,armor-m-pl165-chest,armor-mod/m/pl165/m_body165.arc,romfs-player-model-inventory
165,male,arms,armor-m-pl165-arms,armor-mod/m/pl165/m_arm165.arc,romfs-player-model-inventory
165,male,waist,armor-m-pl165-waist,armor-mod/m/pl165/m_wst165.arc,romfs-player-model-inventory
165,male,legs,armor-m-pl165-legs,armor-mod/m/pl165/m_leg165.arc,romfs-player-model-inventory
166,female,head,armor-f-pl166-head,armor-mod/f/pl166/f_helm166.arc,romfs-player-model-inventory
166,female,chest,armor-f-pl166-chest,armor-mod/f/pl166/f_body166.arc,romfs-player-model-inventory
166,female,arms,armor-f-pl166-arms,armor-mod/f/pl166/f_arm166.arc,romfs-player-model-inventory
166,female,waist,armor-f-pl166-waist,armor-mod/f/pl166/f_wst166.arc,romfs-player-model-inventory
166,female,legs,armor-f-pl166-legs,armor-mod/f/pl166/f_leg166.arc,romfs-player-model-inventory
166,male,head,armor-m-pl166-head,armor-mod/m/pl166/m_helm166.arc,romfs-player-model-inventory
166,male,chest,armor-m-pl166-chest,armor-mod/m/pl166/m_body166.arc,romfs-player-model-inventory
166,male,arms,armor-m-pl166-arms,armor-mod/m/pl166/m_arm166.arc,romfs-player-model-inventory
166,male,waist,armor-m-pl166-waist,armor-mod/m/pl166/m_wst166.arc,romfs-player-model-inventory
166,male,legs,armor-m-pl166-legs,armor-mod/m/pl166/m_leg166.arc,romfs-player-model-inventory
167,female,head,armor-f-pl167-head,armor-mod/f/pl167/f_helm167.arc,romfs-player-model-inventory
167,female,chest,armor-f-pl167-chest,armor-mod/f/pl167/f_body167.arc,romfs-player-model-inventory
167,female,arms,armor-f-pl167-arms,armor-mod/f/pl167/f_arm167.arc,romfs-player-model-inventory
167,female,waist,armor-f-pl167-waist,armor-mod/f/pl167/f_wst167.arc,romfs-player-model-inventory
167,female,legs,armor-f-pl167-legs,armor-mod/f/pl167/f_leg167.arc,romfs-player-model-inventory
167,male,head,armor-m-pl167-head,armor-mod/m/pl167/m_helm167.arc,romfs-player-model-inventory
167,male,chest,armor-m-pl167-chest,armor-mod/m/pl167/m_body167.arc,romfs-player-model-inventory
167,male,arms,armor-m-pl167-arms,armor-mod/m/pl167/m_arm167.arc,romfs-player-model-inventory
167,male,waist,armor-m-pl167-waist,armor-mod/m/pl167/m_wst167.arc,romfs-player-model-inventory
167,male,legs,armor-m-pl167-legs,armor-mod/m/pl167/m_leg167.arc,romfs-player-model-inventory
168,female,head,armor-f-pl168-head,armor-mod/f/pl168/f_helm168.arc,romfs-player-model-inventory
168,female,chest,armor-f-pl168-chest,armor-mod/f/pl168/f_body168.arc,romfs-player-model-inventory
168,female,arms,armor-f-pl168-arms,armor-mod/f/pl168/f_arm168.arc,romfs-player-model-inventory
168,female,waist,armor-f-pl168-waist,armor-mod/f/pl168/f_wst168.arc,romfs-player-model-inventory
168,female,legs,armor-f-pl168-legs,armor-mod/f/pl168/f_leg168.arc,romfs-player-model-inventory
168,male,head,armor-m-pl168-head,armor-mod/m/pl168/m_helm168.arc,romfs-player-model-inventory
168,male,chest,armor-m-pl168-chest,armor-mod/m/pl168/m_body168.arc,romfs-player-model-inventory
168,male,arms,armor-m-pl168-arms,armor-mod/m/pl168/m_arm168.arc,romfs-player-model-inventory
168,male,waist,armor-m-pl168-waist,armor-mod/m/pl168/m_wst168.arc,romfs-player-model-inventory
168,male,legs,armor-m-pl168-legs,armor-mod/m/pl168/m_leg168.arc,romfs-player-model-inventory
169,female,head,armor-f-pl169-head,armor-mod/f/pl169/f_helm169.arc,romfs-player-model-inventory
169,female,chest,armor-f-pl169-chest,armor-mod/f/pl169/f_body169.arc,romfs-player-model-inventory
169,female,arms,armor-f-pl169-arms,armor-mod/f/pl169/f_arm169.arc,romfs-player-model-inventory
169,female,waist,armor-f-pl169-waist,armor-mod/f/pl169/f_wst169.arc,romfs-player-model-inventory
169,female,legs,armor-f-pl169-legs,armor-mod/f/pl169/f_leg169.arc,romfs-player-model-inventory
169,male,head,armor-m-pl169-head,armor-mod/m/pl169/m_helm169.arc,romfs-player-model-inventory
169,male,chest,armor-m-pl169-chest,armor-mod/m/pl169/m_body169.arc,romfs-player-model-inventory
169,male,arms,armor-m-pl169-arms,armor-mod/m/pl169/m_arm169.arc,romfs-player-model-inventory
169,male,waist,armor-m-pl169-waist,armor-mod/m/pl169/m_wst169.arc,romfs-player-model-inventory
169,male,legs,armor-m-pl169-legs,armor-mod/m/pl169/m_leg169.arc,romfs-player-model-inventory
170,female,head,armor-f-pl170-head,armor-mod/f/pl170/f_helm170.arc,romfs-player-model-inventory
170,female,chest,armor-f-pl170-chest,armor-mod/f/pl170/f_body170.arc,romfs-player-model-inventory
170,female,arms,armor-f-pl170-arms,armor-mod/f/pl170/f_arm170.arc,romfs-player-model-inventory
170,female,waist,armor-f-pl170-waist,armor-mod/f/pl170/f_wst170.arc,romfs-player-model-inventory
170,female,legs,armor-f-pl170-legs,armor-mod/f/pl170/f_leg170.arc,romfs-player-model-inventory
170,male,head,armor-m-pl170-head,armor-mod/m/pl170/m_helm170.arc,romfs-player-model-inventory
170,male,chest,armor-m-pl170-chest,armor-mod/m/pl170/m_body170.arc,romfs-player-model-inventory
170,male,arms,armor-m-pl170-arms,armor-mod/m/pl170/m_arm170.arc,romfs-player-model-inventory
170,male,waist,armor-m-pl170-waist,armor-mod/m/pl170/m_wst170.arc,romfs-player-model-inventory
170,male,legs,armor-m-pl170-legs,armor-mod/m/pl170/m_leg170.arc,romfs-player-model-inventory
171,female,head,armor-f-pl171-head,armor-mod/f/pl171/f_helm171.arc,romfs-player-model-inventory
171,female,chest,armor-f-pl171-chest,armor-mod/f/pl171/f_body171.arc,romfs-player-model-inventory
171,female,arms,armor-f-pl171-arms,armor-mod/f/pl171/f_arm171.arc,romfs-player-model-inventory
171,female,waist,armor-f-pl171-waist,armor-mod/f/pl171/f_wst171.arc,romfs-player-model-inventory
171,female,legs,armor-f-pl171-legs,armor-mod/f/pl171/f_leg171.arc,romfs-player-model-inventory
171,male,head,armor-m-pl171-head,armor-mod/m/pl171/m_helm171.arc,romfs-player-model-inventory
171,male,chest,armor-m-pl171-chest,armor-mod/m/pl171/m_body171.arc,romfs-player-model-inventory
171,male,arms,armor-m-pl171-arms,armor-mod/m/pl171/m_arm171.arc,romfs-player-model-inventory
171,male,waist,armor-m-pl171-waist,armor-mod/m/pl171/m_wst171.arc,romfs-player-model-inventory
171,male,legs,armor-m-pl171-legs,armor-mod/m/pl171/m_leg171.arc,romfs-player-model-inventory
172,female,head,armor-f-pl172-head,armor-mod/f/pl172/f_helm172.arc,romfs-player-model-inventory
172,female,chest,armor-f-pl172-chest,armor-mod/f/pl172/f_body172.arc,romfs-player-model-inventory
172,female,arms,armor-f-pl172-arms,armor-mod/f/pl172/f_arm172.arc,romfs-player-model-inventory
172,female,waist,armor-f-pl172-waist,armor-mod/f/pl172/f_wst172.arc,romfs-player-model-inventory
172,female,legs,armor-f-pl172-legs,armor-mod/f/pl172/f_leg172.arc,romfs-player-model-inventory
172,male,head,armor-m-pl172-head,armor-mod/m/pl172/m_helm172.arc,romfs-player-model-inventory
172,male,chest,armor-m-pl172-chest,armor-mod/m/pl172/m_body172.arc,romfs-player-model-inventory
172,male,arms,armor-m-pl172-arms,armor-mod/m/pl172/m_arm172.arc,romfs-player-model-inventory
172,male,waist,armor-m-pl172-waist,armor-mod/m/pl172/m_wst172.arc,romfs-player-model-inventory
172,male,legs,armor-m-pl172-legs,armor-mod/m/pl172/m_leg172.arc,romfs-player-model-inventory
173,female,head,armor-f-pl173-head,armor-mod/f/pl173/f_helm173.arc,romfs-player-model-inventory
173,female,chest,armor-f-pl173-chest,armor-mod/f/pl173/f_body173.arc,romfs-player-model-inventory
173,female,arms,armor-f-pl173-arms,armor-mod/f/pl173/f_arm173.arc,romfs-player-model-inventory
173,female,waist,armor-f-pl173-waist,armor-mod/f/pl173/f_wst173.arc,romfs-player-model-inventory
173,female,legs,armor-f-pl173-legs,armor-mod/f/pl173/f_leg173.arc,romfs-player-model-inventory
173,male,head,armor-m-pl173-head,armor-mod/m/pl173/m_helm173.arc,romfs-player-model-inventory
173,male,chest,armor-m-pl173-chest,armor-mod/m/pl173/m_body173.arc,romfs-player-model-inventory
173,male,arms,armor-m-pl173-arms,armor-mod/m/pl173/m_arm173.arc,romfs-player-model-inventory
173,male,waist,armor-m-pl173-waist,armor-mod/m/pl173/m_wst173.arc,romfs-player-model-inventory
173,male,legs,armor-m-pl173-legs,armor-mod/m/pl173/m_leg173.arc,romfs-player-model-inventory
174,female,head,armor-f-pl174-head,armor-mod/f/pl174/f_helm174.arc,romfs-player-model-inventory
174,female,chest,armor-f-pl174-chest,armor-mod/f/pl174/f_body174.arc,romfs-player-model-inventory
174,female,arms,armor-f-pl174-arms,armor-mod/f/pl174/f_arm174.arc,romfs-player-model-inventory
174,female,waist,armor-f-pl174-waist,armor-mod/f/pl174/f_wst174.arc,romfs-player-model-inventory
174,female,legs,armor-f-pl174-legs,armor-mod/f/pl174/f_leg174.arc,romfs-player-model-inventory
174,male,head,armor-m-pl174-head,armor-mod/m/pl174/m_helm174.arc,romfs-player-model-inventory
174,male,chest,armor-m-pl174-chest,armor-mod/m/pl174/m_body174.arc,romfs-player-model-inventory
174,male,arms,armor-m-pl174-arms,armor-mod/m/pl174/m_arm174.arc,romfs-player-model-inventory
174,male,waist,armor-m-pl174-waist,armor-mod/m/pl174/m_wst174.arc,romfs-player-model-inventory
174,male,legs,armor-m-pl174-legs,armor-mod/m/pl174/m_leg174.arc,romfs-player-model-inventory
175,female,head,armor-f-pl175-head,armor-mod/f/pl175/f_helm175.arc,romfs-player-model-inventory
175,female,chest,armor-f-pl175-chest,armor-mod/f/pl175/f_body175.arc,romfs-player-model-inventory
175,female,arms,armor-f-pl175-arms,armor-mod/f/pl175/f_arm175.arc,romfs-player-model-inventory
175,female,waist,armor-f-pl175-waist,armor-mod/f/pl175/f_wst175.arc,romfs-player-model-inventory
175,female,legs,armor-f-pl175-legs,armor-mod/f/pl175/f_leg175.arc,romfs-player-model-inventory
175,male,head,armor-m-pl175-head,armor-mod/m/pl175/m_helm175.arc,romfs-player-model-inventory
175,male,chest,armor-m-pl175-chest,armor-mod/m/pl175/m_body175.arc,romfs-player-model-inventory
175,male,arms,armor-m-pl175-arms,armor-mod/m/pl175/m_arm175.arc,romfs-player-model-inventory
175,male,waist,armor-m-pl175-waist,armor-mod/m/pl175/m_wst175.arc,romfs-player-model-inventory
175,male,legs,armor-m-pl175-legs,armor-mod/m/pl175/m_leg175.arc,romfs-player-model-inventory
176,female,head,armor-f-pl176-head,armor-mod/f/pl176/f_helm176.arc,romfs-player-model-inventory
176,female,chest,armor-f-pl176-chest,armor-mod/f/pl176/f_body176.arc,romfs-player-model-inventory
176,female,arms,armor-f-pl176-arms,armor-mod/f/pl176/f_arm176.arc,romfs-player-model-inventory
176,female,waist,armor-f-pl176-waist,armor-mod/f/pl176/f_wst176.arc,romfs-player-model-inventory
176,female,legs,armor-f-pl176-legs,armor-mod/f/pl176/f_leg176.arc,romfs-player-model-inventory
176,male,head,armor-m-pl176-head,armor-mod/m/pl176/m_helm176.arc,romfs-player-model-inventory
176,male,chest,armor-m-pl176-chest,armor-mod/m/pl176/m_body176.arc,romfs-player-model-inventory
176,male,arms,armor-m-pl176-arms,armor-mod/m/pl176/m_arm176.arc,romfs-player-model-inventory
176,male,waist,armor-m-pl176-waist,armor-mod/m/pl176/m_wst176.arc,romfs-player-model-inventory
176,male,legs,armor-m-pl176-legs,armor-mod/m/pl176/m_leg176.arc,romfs-player-model-inventory
177,female,head,armor-f-pl177-head,armor-mod/f/pl177/f_helm177.arc,romfs-player-model-inventory
177,female,chest,armor-f-pl177-chest,armor-mod/f/pl177/f_body177.arc,romfs-player-model-inventory
177,female,arms,armor-f-pl177-arms,armor-mod/f/pl177/f_arm177.arc,romfs-player-model-inventory
177,female,waist,armor-f-pl177-waist,armor-mod/f/pl177/f_wst177.arc,romfs-player-model-inventory
177,female,legs,armor-f-pl177-legs,armor-mod/f/pl177/f_leg177.arc,romfs-player-model-inventory
177,male,head,armor-m-pl177-head,armor-mod/m/pl177/m_helm177.arc,romfs-player-model-inventory
177,male,chest,armor-m-pl177-chest,armor-mod/m/pl177/m_body177.arc,romfs-player-model-inventory
177,male,arms,armor-m-pl177-arms,armor-mod/m/pl177/m_arm177.arc,romfs-player-model-inventory
177,male,waist,armor-m-pl177-waist,armor-mod/m/pl177/m_wst177.arc,romfs-player-model-inventory
177,male,legs,armor-m-pl177-legs,armor-mod/m/pl177/m_leg177.arc,romfs-player-model-inventory
178,female,head,armor-f-pl178-head,armor-mod/f/pl178/f_helm178.arc,romfs-player-model-inventory
178,female,chest,armor-f-pl178-chest,armor-mod/f/pl178/f_body178.arc,romfs-player-model-inventory
178,female,arms,armor-f-pl178-arms,armor-mod/f/pl178/f_arm178.arc,romfs-player-model-inventory
178,female,waist,armor-f-pl178-waist,armor-mod/f/pl178/f_wst178.arc,romfs-player-model-inventory
178,female,legs,armor-f-pl178-legs,armor-mod/f/pl178/f_leg178.arc,romfs-player-model-inventory
178,male,head,armor-m-pl178-head,armor-mod/m/pl178/m_helm178.arc,romfs-player-model-inventory
178,male,chest,armor-m-pl178-chest,armor-mod/m/pl178/m_body178.arc,romfs-player-model-inventory
178,male,arms,armor-m-pl178-arms,armor-mod/m/pl178/m_arm178.arc,romfs-player-model-inventory
178,male,waist,armor-m-pl178-waist,armor-mod/m/pl178/m_wst178.arc,romfs-player-model-inventory
178,male,legs,armor-m-pl178-legs,armor-mod/m/pl178/m_leg178.arc,romfs-player-model-inventory
179,female,head,armor-f-pl179-head,armor-mod/f/pl179/f_helm179.arc,romfs-player-model-inventory
179,female,chest,armor-f-pl179-chest,armor-mod/f/pl179/f_body179.arc,romfs-player-model-inventory
179,female,arms,armor-f-pl179-arms,armor-mod/f/pl179/f_arm179.arc,romfs-player-model-inventory
179,female,waist,armor-f-pl179-waist,armor-mod/f/pl179/f_wst179.arc,romfs-player-model-inventory
179,female,legs,armor-f-pl179-legs,armor-mod/f/pl179/f_leg179.arc,romfs-player-model-inventory
179,male,head,armor-m-pl179-head,armor-mod/m/pl179/m_helm179.arc,romfs-player-model-inventory
179,male,chest,armor-m-pl179-chest,armor-mod/m/pl179/m_body179.arc,romfs-player-model-inventory
179,male,arms,armor-m-pl179-arms,armor-mod/m/pl179/m_arm179.arc,romfs-player-model-inventory
179,male,waist,armor-m-pl179-waist,armor-mod/m/pl179/m_wst179.arc,romfs-player-model-inventory
179,male,legs,armor-m-pl179-legs,armor-mod/m/pl179/m_leg179.arc,romfs-player-model-inventory
180,female,head,armor-f-pl180-head,armor-mod/f/pl180/f_helm180.arc,romfs-player-model-inventory
180,female,chest,armor-f-pl180-chest,armor-mod/f/pl180/f_body180.arc,romfs-player-model-inventory
180,female,arms,armor-f-pl180-arms,armor-mod/f/pl180/f_arm180.arc,romfs-player-model-inventory
180,female,waist,armor-f-pl180-waist,armor-mod/f/pl180/f_wst180.arc,romfs-player-model-inventory
180,female,legs,armor-f-pl180-legs,armor-mod/f/pl180/f_leg180.arc,romfs-player-model-inventory
180,male,head,armor-m-pl180-head,armor-mod/m/pl180/m_helm180.arc,romfs-player-model-inventory
180,male,chest,armor-m-pl180-chest,armor-mod/m/pl180/m_body180.arc,romfs-player-model-inventory
180,male,arms,armor-m-pl180-arms,armor-mod/m/pl180/m_arm180.arc,romfs-player-model-inventory
180,male,waist,armor-m-pl180-waist,armor-mod/m/pl180/m_wst180.arc,romfs-player-model-inventory
180,male,legs,armor-m-pl180-legs,armor-mod/m/pl180/m_leg180.arc,romfs-player-model-inventory
181,female,head,armor-f-pl181-head,armor-mod/f/pl181/f_helm181.arc,romfs-player-model-inventory
181,female,chest,armor-f-pl181-chest,armor-mod/f/pl181/f_body181.arc,romfs-player-model-inventory
181,female,arms,armor-f-pl181-arms,armor-mod/f/pl181/f_arm181.arc,romfs-player-model-inventory
181,female,waist,armor-f-pl181-waist,armor-mod/f/pl181/f_wst181.arc,romfs-player-model-inventory
181,female,legs,armor-f-pl181-legs,armor-mod/f/pl181/f_leg181.arc,romfs-player-model-inventory
181,male,head,armor-m-pl181-head,armor-mod/m/pl181/m_helm181.arc,romfs-player-model-inventory
181,male,chest,armor-m-pl181-chest,armor-mod/m/pl181/m_body181.arc,romfs-player-model-inventory
181,male,arms,armor-m-pl181-arms,armor-mod/m/pl181/m_arm181.arc,romfs-player-model-inventory
181,male,waist,armor-m-pl181-waist,armor-mod/m/pl181/m_wst181.arc,romfs-player-model-inventory
181,male,legs,armor-m-pl181-legs,armor-mod/m/pl181/m_leg181.arc,romfs-player-model-inventory
182,female,head,armor-f-pl182-head,armor-mod/f/pl182/f_helm182.arc,romfs-player-model-inventory
182,female,chest,armor-f-pl182-chest,armor-mod/f/pl182/f_body182.arc,romfs-player-model-inventory
182,female,arms,armor-f-pl182-arms,armor-mod/f/pl182/f_arm182.arc,romfs-player-model-inventory
182,female,waist,armor-f-pl182-waist,armor-mod/f/pl182/f_wst182.arc,romfs-player-model-inventory
182,female,legs,armor-f-pl182-legs,armor-mod/f/pl182/f_leg182.arc,romfs-player-model-inventory
182,male,head,armor-m-pl182-head,armor-mod/m/pl182/m_helm182.arc,romfs-player-model-inventory
182,male,chest,armor-m-pl182-chest,armor-mod/m/pl182/m_body182.arc,romfs-player-model-inventory
182,male,arms,armor-m-pl182-arms,armor-mod/m/pl182/m_arm182.arc,romfs-player-model-inventory
182,male,waist,armor-m-pl182-waist,armor-mod/m/pl182/m_wst182.arc,romfs-player-model-inventory
182,male,legs,armor-m-pl182-legs,armor-mod/m/pl182/m_leg182.arc,romfs-player-model-inventory
183,female,head,armor-f-pl183-head,armor-mod/f/pl183/f_helm183.arc,romfs-player-model-inventory
183,female,chest,armor-f-pl183-chest,armor-mod/f/pl183/f_body183.arc,romfs-player-model-inventory
183,female,arms,armor-f-pl183-arms,armor-mod/f/pl183/f_arm183.arc,romfs-player-model-inventory
183,female,waist,armor-f-pl183-waist,armor-mod/f/pl183/f_wst183.arc,romfs-player-model-inventory
183,female,legs,armor-f-pl183-legs,armor-mod/f/pl183/f_leg183.arc,romfs-player-model-inventory
183,male,head,armor-m-pl183-head,armor-mod/m/pl183/m_helm183.arc,romfs-player-model-inventory
183,male,chest,armor-m-pl183-chest,armor-mod/m/pl183/m_body183.arc,romfs-player-model-inventory
183,male,arms,armor-m-pl183-arms,armor-mod/m/pl183/m_arm183.arc,romfs-player-model-inventory
183,male,waist,armor-m-pl183-waist,armor-mod/m/pl183/m_wst183.arc,romfs-player-model-inventory
183,male,legs,armor-m-pl183-legs,armor-mod/m/pl183/m_leg183.arc,romfs-player-model-inventory
184,female,head,armor-f-pl184-head,armor-mod/f/pl184/f_helm184.arc,romfs-player-model-inventory
184,female,chest,armor-f-pl184-chest,armor-mod/f/pl184/f_body184.arc,romfs-player-model-inventory
184,female,arms,armor-f-pl184-arms,armor-mod/f/pl184/f_arm184.arc,romfs-player-model-inventory
184,female,waist,armor-f-pl184-waist,armor-mod/f/pl184/f_wst184.arc,romfs-player-model-inventory
184,female,legs,armor-f-pl184-legs,armor-mod/f/pl184/f_leg184.arc,romfs-player-model-inventory
184,male,head,armor-m-pl184-head,armor-mod/m/pl184/m_helm184.arc,romfs-player-model-inventory
184,male,chest,armor-m-pl184-chest,armor-mod/m/pl184/m_body184.arc,romfs-player-model-inventory
184,male,arms,armor-m-pl184-arms,armor-mod/m/pl184/m_arm184.arc,romfs-player-model-inventory
184,male,waist,armor-m-pl184-waist,armor-mod/m/pl184/m_wst184.arc,romfs-player-model-inventory
184,male,legs,armor-m-pl184-legs,armor-mod/m/pl184/m_leg184.arc,romfs-player-model-inventory
185,female,head,armor-f-pl185-head,armor-mod/f/pl185/f_helm185.arc,romfs-player-model-inventory
185,female,chest,armor-f-pl185-chest,armor-mod/f/pl185/f_body185.arc,romfs-player-model-inventory
185,female,arms,armor-f-pl185-arms,armor-mod/f/pl185/f_arm185.arc,romfs-player-model-inventory
185,female,waist,armor-f-pl185-waist,armor-mod/f/pl185/f_wst185.arc,romfs-player-model-inventory
185,female,legs,armor-f-pl185-legs,armor-mod/f/pl185/f_leg185.arc,romfs-player-model-inventory
185,male,head,armor-m-pl185-head,armor-mod/m/pl185/m_helm185.arc,romfs-player-model-inventory
185,male,chest,armor-m-pl185-chest,armor-mod/m/pl185/m_body185.arc,romfs-player-model-inventory
185,male,arms,armor-m-pl185-arms,armor-mod/m/pl185/m_arm185.arc,romfs-player-model-inventory
185,male,waist,armor-m-pl185-waist,armor-mod/m/pl185/m_wst185.arc,romfs-player-model-inventory
185,male,legs,armor-m-pl185-legs,armor-mod/m/pl185/m_leg185.arc,romfs-player-model-inventory
186,female,head,armor-f-pl186-head,armor-mod/f/pl186/f_helm186.arc,romfs-player-model-inventory
186,female,chest,armor-f-pl186-chest,armor-mod/f/pl186/f_body186.arc,romfs-player-model-inventory
186,female,arms,armor-f-pl186-arms,armor-mod/f/pl186/f_arm186.arc,romfs-player-model-inventory
186,female,waist,armor-f-pl186-waist,armor-mod/f/pl186/f_wst186.arc,romfs-player-model-inventory
186,female,legs,armor-f-pl186-legs,armor-mod/f/pl186/f_leg186.arc,romfs-player-model-inventory
186,male,head,armor-m-pl186-head,armor-mod/m/pl186/m_helm186.arc,romfs-player-model-inventory
186,male,chest,armor-m-pl186-chest,armor-mod/m/pl186/m_body186.arc,romfs-player-model-inventory
186,male,arms,armor-m-pl186-arms,armor-mod/m/pl186/m_arm186.arc,romfs-player-model-inventory
186,male,waist,armor-m-pl186-waist,armor-mod/m/pl186/m_wst186.arc,romfs-player-model-inventory
186,male,legs,armor-m-pl186-legs,armor-mod/m/pl186/m_leg186.arc,romfs-player-model-inventory
187,female,head,armor-f-pl187-head,armor-mod/f/pl187/f_helm187.arc,romfs-player-model-inventory
187,female,chest,armor-f-pl187-chest,armor-mod/f/pl187/f_body187.arc,romfs-player-model-inventory
187,female,arms,armor-f-pl187-arms,armor-mod/f/pl187/f_arm187.arc,romfs-player-model-inventory
187,female,waist,armor-f-pl187-waist,armor-mod/f/pl187/f_wst187.arc,romfs-player-model-inventory
187,female,legs,armor-f-pl187-legs,armor-mod/f/pl187/f_leg187.arc,romfs-player-model-inventory
187,male,head,armor-m-pl187-head,armor-mod/m/pl187/m_helm187.arc,romfs-player-model-inventory
187,male,chest,armor-m-pl187-chest,armor-mod/m/pl187/m_body187.arc,romfs-player-model-inventory
187,male,arms,armor-m-pl187-arms,armor-mod/m/pl187/m_arm187.arc,romfs-player-model-inventory
187,male,waist,armor-m-pl187-waist,armor-mod/m/pl187/m_wst187.arc,romfs-player-model-inventory
187,male,legs,armor-m-pl187-legs,armor-mod/m/pl187/m_leg187.arc,romfs-player-model-inventory
188,female,head,armor-f-pl188-head,armor-mod/f/pl188/f_helm188.arc,romfs-player-model-inventory
188,female,chest,armor-f-pl188-chest,armor-mod/f/pl188/f_body188.arc,romfs-player-model-inventory
188,female,arms,armor-f-pl188-arms,armor-mod/f/pl188/f_arm188.arc,romfs-player-model-inventory
188,female,waist,armor-f-pl188-waist,armor-mod/f/pl188/f_wst188.arc,romfs-player-model-inventory
188,female,legs,armor-f-pl188-legs,armor-mod/f/pl188/f_leg188.arc,romfs-player-model-inventory
188,male,head,armor-m-pl188-head,armor-mod/m/pl188/m_helm188.arc,romfs-player-model-inventory
188,male,chest,armor-m-pl188-chest,armor-mod/m/pl188/m_body188.arc,romfs-player-model-inventory
188,male,arms,armor-m-pl188-arms,armor-mod/m/pl188/m_arm188.arc,romfs-player-model-inventory
188,male,waist,armor-m-pl188-waist,armor-mod/m/pl188/m_wst188.arc,romfs-player-model-inventory
188,male,legs,armor-m-pl188-legs,armor-mod/m/pl188/m_leg188.arc,romfs-player-model-inventory
189,female,head,armor-f-pl189-head,armor-mod/f/pl189/f_helm189.arc,romfs-player-model-inventory
189,female,chest,armor-f-pl189-chest,armor-mod/f/pl189/f_body189.arc,romfs-player-model-inventory
189,female,arms,armor-f-pl189-arms,armor-mod/f/pl189/f_arm189.arc,romfs-player-model-inventory
189,female,waist,armor-f-pl189-waist,armor-mod/f/pl189/f_wst189.arc,romfs-player-model-inventory
189,female,legs,armor-f-pl189-legs,armor-mod/f/pl189/f_leg189.arc,romfs-player-model-inventory
189,male,head,armor-m-pl189-head,armor-mod/m/pl189/m_helm189.arc,romfs-player-model-inventory
189,male,chest,armor-m-pl189-chest,armor-mod/m/pl189/m_body189.arc,romfs-player-model-inventory
189,male,arms,armor-m-pl189-arms,armor-mod/m/pl189/m_arm189.arc,romfs-player-model-inventory
189,male,waist,armor-m-pl189-waist,armor-mod/m/pl189/m_wst189.arc,romfs-player-model-inventory
189,male,legs,armor-m-pl189-legs,armor-mod/m/pl189/m_leg189.arc,romfs-player-model-inventory
190,female,head,armor-f-pl190-head,armor-mod/f/pl190/f_helm190.arc,romfs-player-model-inventory
190,female,chest,armor-f-pl190-chest,armor-mod/f/pl190/f_body190.arc,romfs-player-model-inventory
190,female,arms,armor-f-pl190-arms,armor-mod/f/pl190/f_arm190.arc,romfs-player-model-inventory
190,female,waist,armor-f-pl190-waist,armor-mod/f/pl190/f_wst190.arc,romfs-player-model-inventory
190,female,legs,armor-f-pl190-legs,armor-mod/f/pl190/f_leg190.arc,romfs-player-model-inventory
190,male,head,armor-m-pl190-head,armor-mod/m/pl190/m_helm190.arc,romfs-player-model-inventory
190,male,chest,armor-m-pl190-chest,armor-mod/m/pl190/m_body190.arc,romfs-player-model-inventory
190,male,arms,armor-m-pl190-arms,armor-mod/m/pl190/m_arm190.arc,romfs-player-model-inventory
190,male,waist,armor-m-pl190-waist,armor-mod/m/pl190/m_wst190.arc,romfs-player-model-inventory
190,male,legs,armor-m-pl190-legs,armor-mod/m/pl190/m_leg190.arc,romfs-player-model-inventory
191,female,head,armor-f-pl191-head,armor-mod/f/pl191/f_helm191.arc,romfs-player-model-inventory
191,female,chest,armor-f-pl191-chest,armor-mod/f/pl191/f_body191.arc,romfs-player-model-inventory
191,female,arms,armor-f-pl191-arms,armor-mod/f/pl191/f_arm191.arc,romfs-player-model-inventory
191,female,waist,armor-f-pl191-waist,armor-mod/f/pl191/f_wst191.arc,romfs-player-model-inventory
191,female,legs,armor-f-pl191-legs,armor-mod/f/pl191/f_leg191.arc,romfs-player-model-inventory
191,male,head,armor-m-pl191-head,armor-mod/m/pl191/m_helm191.arc,romfs-player-model-inventory
191,male,chest,armor-m-pl191-chest,armor-mod/m/pl191/m_body191.arc,romfs-player-model-inventory
191,male,arms,armor-m-pl191-arms,armor-mod/m/pl191/m_arm191.arc,romfs-player-model-inventory
191,male,waist,armor-m-pl191-waist,armor-mod/m/pl191/m_wst191.arc,romfs-player-model-inventory
191,male,legs,armor-m-pl191-legs,armor-mod/m/pl191/m_leg191.arc,romfs-player-model-inventory
192,female,head,armor-f-pl192-head,armor-mod/f/pl192/f_helm192.arc,romfs-player-model-inventory
192,female,chest,armor-f-pl192-chest,armor-mod/f/pl192/f_body192.arc,romfs-player-model-inventory
192,female,arms,armor-f-pl192-arms,armor-mod/f/pl192/f_arm192.arc,romfs-player-model-inventory
192,female,waist,armor-f-pl192-waist,armor-mod/f/pl192/f_wst192.arc,romfs-player-model-inventory
192,female,legs,armor-f-pl192-legs,armor-mod/f/pl192/f_leg192.arc,romfs-player-model-inventory
192,male,head,armor-m-pl192-head,armor-mod/m/pl192/m_helm192.arc,romfs-player-model-inventory
192,male,chest,armor-m-pl192-chest,armor-mod/m/pl192/m_body192.arc,romfs-player-model-inventory
192,male,arms,armor-m-pl192-arms,armor-mod/m/pl192/m_arm192.arc,romfs-player-model-inventory
192,male,waist,armor-m-pl192-waist,armor-mod/m/pl192/m_wst192.arc,romfs-player-model-inventory
192,male,legs,armor-m-pl192-legs,armor-mod/m/pl192/m_leg192.arc,romfs-player-model-inventory
193,female,head,armor-f-pl193-head,armor-mod/f/pl193/f_helm193.arc,romfs-player-model-inventory
193,female,chest,armor-f-pl193-chest,armor-mod/f/pl193/f_body193.arc,romfs-player-model-inventory
193,female,arms,armor-f-pl193-arms,armor-mod/f/pl193/f_arm193.arc,romfs-player-model-inventory
193,female,waist,armor-f-pl193-waist,armor-mod/f/pl193/f_wst193.arc,romfs-player-model-inventory
193,female,legs,armor-f-pl193-legs,armor-mod/f/pl193/f_leg193.arc,romfs-player-model-inventory
193,male,head,armor-m-pl193-head,armor-mod/m/pl193/m_helm193.arc,romfs-player-model-inventory
193,male,chest,armor-m-pl193-chest,armor-mod/m/pl193/m_body193.arc,romfs-player-model-inventory
193,male,arms,armor-m-pl193-arms,armor-mod/m/pl193/m_arm193.arc,romfs-player-model-inventory
193,male,waist,armor-m-pl193-waist,armor-mod/m/pl193/m_wst193.arc,romfs-player-model-inventory
193,male,legs,armor-m-pl193-legs,armor-mod/m/pl193/m_leg193.arc,romfs-player-model-inventory
194,female,head,armor-f-pl194-head,armor-mod/f/pl194/f_helm194.arc,romfs-player-model-inventory
194,female,chest,armor-f-pl194-chest,armor-mod/f/pl194/f_body194.arc,romfs-player-model-inventory
194,female,arms,armor-f-pl194-arms,armor-mod/f/pl194/f_arm194.arc,romfs-player-model-inventory
194,female,waist,armor-f-pl194-waist,armor-mod/f/pl194/f_wst194.arc,romfs-player-model-inventory
194,female,legs,armor-f-pl194-legs,armor-mod/f/pl194/f_leg194.arc,romfs-player-model-inventory
194,male,head,armor-m-pl194-head,armor-mod/m/pl194/m_helm194.arc,romfs-player-model-inventory
194,male,chest,armor-m-pl194-chest,armor-mod/m/pl194/m_body194.arc,romfs-player-model-inventory
194,male,arms,armor-m-pl194-arms,armor-mod/m/pl194/m_arm194.arc,romfs-player-model-inventory
194,male,waist,armor-m-pl194-waist,armor-mod/m/pl194/m_wst194.arc,romfs-player-model-inventory
194,male,legs,armor-m-pl194-legs,armor-mod/m/pl194/m_leg194.arc,romfs-player-model-inventory
195,female,head,armor-f-pl195-head,armor-mod/f/pl195/f_helm195.arc,romfs-player-model-inventory
195,female,chest,armor-f-pl195-chest,armor-mod/f/pl195/f_body195.arc,romfs-player-model-inventory
195,female,arms,armor-f-pl195-arms,armor-mod/f/pl195/f_arm195.arc,romfs-player-model-inventory
195,female,waist,armor-f-pl195-waist,armor-mod/f/pl195/f_wst195.arc,romfs-player-model-inventory
195,female,legs,armor-f-pl195-legs,armor-mod/f/pl195/f_leg195.arc,romfs-player-model-inventory
195,male,head,armor-m-pl195-head,armor-mod/m/pl195/m_helm195.arc,romfs-player-model-inventory
195,male,chest,armor-m-pl195-chest,armor-mod/m/pl195/m_body195.arc,romfs-player-model-inventory
195,male,arms,armor-m-pl195-arms,armor-mod/m/pl195/m_arm195.arc,romfs-player-model-inventory
195,male,waist,armor-m-pl195-waist,armor-mod/m/pl195/m_wst195.arc,romfs-player-model-inventory
195,male,legs,armor-m-pl195-legs,armor-mod/m/pl195/m_leg195.arc,romfs-player-model-inventory
196,female,head,armor-f-pl196-head,armor-mod/f/pl196/f_helm196.arc,romfs-player-model-inventory
196,female,chest,armor-f-pl196-chest,armor-mod/f/pl196/f_body196.arc,romfs-player-model-inventory
196,female,arms,armor-f-pl196-arms,armor-mod/f/pl196/f_arm196.arc,romfs-player-model-inventory
196,female,waist,armor-f-pl196-waist,armor-mod/f/pl196/f_wst196.arc,romfs-player-model-inventory
196,female,legs,armor-f-pl196-legs,armor-mod/f/pl196/f_leg196.arc,romfs-player-model-inventory
196,male,head,armor-m-pl196-head,armor-mod/m/pl196/m_helm196.arc,romfs-player-model-inventory
196,male,chest,armor-m-pl196-chest,armor-mod/m/pl196/m_body196.arc,romfs-player-model-inventory
196,male,arms,armor-m-pl196-arms,armor-mod/m/pl196/m_arm196.arc,romfs-player-model-inventory
196,male,waist,armor-m-pl196-waist,armor-mod/m/pl196/m_wst196.arc,romfs-player-model-inventory
196,male,legs,armor-m-pl196-legs,armor-mod/m/pl196/m_leg196.arc,romfs-player-model-inventory
197,female,head,armor-f-pl197-head,armor-mod/f/pl197/f_helm197.arc,romfs-player-model-inventory
197,female,chest,armor-f-pl197-chest,armor-mod/f/pl197/f_body197.arc,romfs-player-model-inventory
197,female,arms,armor-f-pl197-arms,armor-mod/f/pl197/f_arm197.arc,romfs-player-model-inventory
197,female,waist,armor-f-pl197-waist,armor-mod/f/pl197/f_wst197.arc,romfs-player-model-inventory
197,female,legs,armor-f-pl197-legs,armor-mod/f/pl197/f_leg197.arc,romfs-player-model-inventory
197,male,head,armor-m-pl197-head,armor-mod/m/pl197/m_helm197.arc,romfs-player-model-inventory
197,male,chest,armor-m-pl197-chest,armor-mod/m/pl197/m_body197.arc,romfs-player-model-inventory
197,male,arms,armor-m-pl197-arms,armor-mod/m/pl197/m_arm197.arc,romfs-player-model-inventory
197,male,waist,armor-m-pl197-waist,armor-mod/m/pl197/m_wst197.arc,romfs-player-model-inventory
197,male,legs,armor-m-pl197-legs,armor-mod/m/pl197/m_leg197.arc,romfs-player-model-inventory
198,female,head,armor-f-pl198-head,armor-mod/f/pl198/f_helm198.arc,romfs-player-model-inventory
198,female,chest,armor-f-pl198-chest,armor-mod/f/pl198/f_body198.arc,romfs-player-model-inventory
198,female,arms,armor-f-pl198-arms,armor-mod/f/pl198/f_arm198.arc,romfs-player-model-inventory
198,female,waist,armor-f-pl198-waist,armor-mod/f/pl198/f_wst198.arc,romfs-player-model-inventory
198,female,legs,armor-f-pl198-legs,armor-mod/f/pl198/f_leg198.arc,romfs-player-model-inventory
198,male,head,armor-m-pl198-head,armor-mod/m/pl198/m_helm198.arc,romfs-player-model-inventory
198,male,chest,armor-m-pl198-chest,armor-mod/m/pl198/m_body198.arc,romfs-player-model-inventory
198,male,arms,armor-m-pl198-arms,armor-mod/m/pl198/m_arm198.arc,romfs-player-model-inventory
198,male,waist,armor-m-pl198-waist,armor-mod/m/pl198/m_wst198.arc,romfs-player-model-inventory
198,male,legs,armor-m-pl198-legs,armor-mod/m/pl198/m_leg198.arc,romfs-player-model-inventory
199,female,legs,armor-f-pl199-legs,armor-mod/f/pl199/f_leg199.arc,romfs-player-model-inventory
199,male,legs,armor-m-pl199-legs,armor-mod/m/pl199/m_leg199.arc,romfs-player-model-inventory
200,female,head,armor-f-pl200-head,armor-mod/f/pl200/f_helm200.arc,romfs-player-model-inventory
200,female,chest,armor-f-pl200-chest,armor-mod/f/pl200/f_body200.arc,romfs-player-model-inventory
200,female,arms,armor-f-pl200-arms,armor-mod/f/pl200/f_arm200.arc,romfs-player-model-inventory
200,female,waist,armor-f-pl200-waist,armor-mod/f/pl200/f_wst200.arc,romfs-player-model-inventory
200,female,legs,armor-f-pl200-legs,armor-mod/f/pl200/f_leg200.arc,romfs-player-model-inventory
200,male,head,armor-m-pl200-head,armor-mod/m/pl200/m_helm200.arc,romfs-player-model-inventory
200,male,chest,armor-m-pl200-chest,armor-mod/m/pl200/m_body200.arc,romfs-player-model-inventory
200,male,arms,armor-m-pl200-arms,armor-mod/m/pl200/m_arm200.arc,romfs-player-model-inventory
200,male,waist,armor-m-pl200-waist,armor-mod/m/pl200/m_wst200.arc,romfs-player-model-inventory
200,male,legs,armor-m-pl200-legs,armor-mod/m/pl200/m_leg200.arc,romfs-player-model-inventory
201,female,chest,armor-f-pl201-chest,armor-mod/f/pl201/f_body201.arc,romfs-player-model-inventory
201,male,chest,armor-m-pl201-chest,armor-mod/m/pl201/m_body201.arc,romfs-player-model-inventory
202,female,chest,armor-f-pl202-chest,armor-mod/f/pl202/f_body202.arc,romfs-player-model-inventory
202,female,waist,armor-f-pl202-waist,armor-mod/f/pl202/f_wst202.arc,romfs-player-model-inventory
202,female,legs,armor-f-pl202-legs,armor-mod/f/pl202/f_leg202.arc,romfs-player-model-inventory
202,male,chest,armor-m-pl202-chest,armor-mod/m/pl202/m_body202.arc,romfs-player-model-inventory
202,male,waist,armor-m-pl202-waist,armor-mod/m/pl202/m_wst202.arc,romfs-player-model-inventory
202,male,legs,armor-m-pl202-legs,armor-mod/m/pl202/m_leg202.arc,romfs-player-model-inventory
203,female,head,armor-f-pl203-head,armor-mod/f/pl203/f_helm203.arc,romfs-player-model-inventory
203,female,chest,armor-f-pl203-chest,armor-mod/f/pl203/f_body203.arc,romfs-player-model-inventory
203,female,arms,armor-f-pl203-arms,armor-mod/f/pl203/f_arm203.arc,romfs-player-model-inventory
203,female,waist,armor-f-pl203-waist,armor-mod/f/pl203/f_wst203.arc,romfs-player-model-inventory
203,female,legs,armor-f-pl203-legs,armor-mod/f/pl203/f_leg203.arc,romfs-player-model-inventory
203,male,head,armor-m-pl203-head,armor-mod/m/pl203/m_helm203.arc,romfs-player-model-inventory
203,male,chest,armor-m-pl203-chest,armor-mod/m/pl203/m_body203.arc,romfs-player-model-inventory
203,male,arms,armor-m-pl203-arms,armor-mod/m/pl203/m_arm203.arc,romfs-player-model-inventory
203,male,waist,armor-m-pl203-waist,armor-mod/m/pl203/m_wst203.arc,romfs-player-model-inventory
203,male,legs,armor-m-pl203-legs,armor-mod/m/pl203/m_leg203.arc,romfs-player-model-inventory
204,female,head,armor-f-pl204-head,armor-mod/f/pl204/f_helm204.arc,romfs-player-model-inventory
204,female,chest,armor-f-pl204-chest,armor-mod/f/pl204/f_body204.arc,romfs-player-model-inventory
204,female,arms,armor-f-pl204-arms,armor-mod/f/pl204/f_arm204.arc,romfs-player-model-inventory
204,female,waist,armor-f-pl204-waist,armor-mod/f/pl204/f_wst204.arc,romfs-player-model-inventory
204,female,legs,armor-f-pl204-legs,armor-mod/f/pl204/f_leg204.arc,romfs-player-model-inventory
204,male,head,armor-m-pl204-head,armor-mod/m/pl204/m_helm204.arc,romfs-player-model-inventory
204,male,chest,armor-m-pl204-chest,armor-mod/m/pl204/m_body204.arc,romfs-player-model-inventory
204,male,arms,armor-m-pl204-arms,armor-mod/m/pl204/m_arm204.arc,romfs-player-model-inventory
204,male,waist,armor-m-pl204-waist,armor-mod/m/pl204/m_wst204.arc,romfs-player-model-inventory
204,male,legs,armor-m-pl204-legs,armor-mod/m/pl204/m_leg204.arc,romfs-player-model-inventory
205,female,head,armor-f-pl205-head,armor-mod/f/pl205/f_helm205.arc,romfs-player-model-inventory
205,female,chest,armor-f-pl205-chest,armor-mod/f/pl205/f_body205.arc,romfs-player-model-inventory
205,female,arms,armor-f-pl205-arms,armor-mod/f/pl205/f_arm205.arc,romfs-player-model-inventory
205,female,waist,armor-f-pl205-waist,armor-mod/f/pl205/f_wst205.arc,romfs-player-model-inventory
205,female,legs,armor-f-pl205-legs,armor-mod/f/pl205/f_leg205.arc,romfs-player-model-inventory
205,male,head,armor-m-pl205-head,armor-mod/m/pl205/m_helm205.arc,romfs-player-model-inventory
205,male,chest,armor-m-pl205-chest,armor-mod/m/pl205/m_body205.arc,romfs-player-model-inventory
205,male,arms,armor-m-pl205-arms,armor-mod/m/pl205/m_arm205.arc,romfs-player-model-inventory
205,male,waist,armor-m-pl205-waist,armor-mod/m/pl205/m_wst205.arc,romfs-player-model-inventory
205,male,legs,armor-m-pl205-legs,armor-mod/m/pl205/m_leg205.arc,romfs-player-model-inventory
206,female,head,armor-f-pl206-head,armor-mod/f/pl206/f_helm206.arc,romfs-player-model-inventory
206,female,chest,armor-f-pl206-chest,armor-mod/f/pl206/f_body206.arc,romfs-player-model-inventory
206,female,arms,armor-f-pl206-arms,armor-mod/f/pl206/f_arm206.arc,romfs-player-model-inventory
206,female,waist,armor-f-pl206-waist,armor-mod/f/pl206/f_wst206.arc,romfs-player-model-inventory
206,female,legs,armor-f-pl206-legs,armor-mod/f/pl206/f_leg206.arc,romfs-player-model-inventory
206,male,head,armor-m-pl206-head,armor-mod/m/pl206/m_helm206.arc,romfs-player-model-inventory
207,female,head,armor-f-pl207-head,armor-mod/f/pl207/f_helm207.arc,romfs-player-model-inventory
207,female,chest,armor-f-pl207-chest,armor-mod/f/pl207/f_body207.arc,romfs-player-model-inventory
207,female,arms,armor-f-pl207-arms,armor-mod/f/pl207/f_arm207.arc,romfs-player-model-inventory
207,female,waist,armor-f-pl207-waist,armor-mod/f/pl207/f_wst207.arc,romfs-player-model-inventory
207,female,legs,armor-f-pl207-legs,armor-mod/f/pl207/f_leg207.arc,romfs-player-model-inventory
208,female,chest,armor-f-pl208-chest,armor-mod/f/pl208/f_body208.arc,romfs-player-model-inventory
208,female,waist,armor-f-pl208-waist,armor-mod/f/pl208/f_wst208.arc,romfs-player-model-inventory
208,female,legs,armor-f-pl208-legs,armor-mod/f/pl208/f_leg208.arc,romfs-player-model-inventory
208,male,chest,armor-m-pl208-chest,armor-mod/m/pl208/m_body208.arc,romfs-player-model-inventory
208,male,waist,armor-m-pl208-waist,armor-mod/m/pl208/m_wst208.arc,romfs-player-model-inventory
208,male,legs,armor-m-pl208-legs,armor-mod/m/pl208/m_leg208.arc,romfs-player-model-inventory
209,female,head,armor-f-pl209-head,armor-mod/f/pl209/f_helm209.arc,romfs-player-model-inventory
209,female,chest,armor-f-pl209-chest,armor-mod/f/pl209/f_body209.arc,romfs-player-model-inventory
209,female,arms,armor-f-pl209-arms,armor-mod/f/pl209/f_arm209.arc,romfs-player-model-inventory
209,female,waist,armor-f-pl209-waist,armor-mod/f/pl209/f_wst209.arc,romfs-player-model-inventory
209,female,legs,armor-f-pl209-legs,armor-mod/f/pl209/f_leg209.arc,romfs-player-model-inventory
209,male,head,armor-m-pl209-head,armor-mod/m/pl209/m_helm209.arc,romfs-player-model-inventory
209,male,chest,armor-m-pl209-chest,armor-mod/m/pl209/m_body209.arc,romfs-player-model-inventory
209,male,arms,armor-m-pl209-arms,armor-mod/m/pl209/m_arm209.arc,romfs-player-model-inventory
209,male,waist,armor-m-pl209-waist,armor-mod/m/pl209/m_wst209.arc,romfs-player-model-inventory
209,male,legs,armor-m-pl209-legs,armor-mod/m/pl209/m_leg209.arc,romfs-player-model-inventory
210,female,head,armor-f-pl210-head,armor-mod/f/pl210/f_helm210.arc,romfs-player-model-inventory
210,female,chest,armor-f-pl210-chest,armor-mod/f/pl210/f_body210.arc,romfs-player-model-inventory
210,female,arms,armor-f-pl210-arms,armor-mod/f/pl210/f_arm210.arc,romfs-player-model-inventory
210,female,waist,armor-f-pl210-waist,armor-mod/f/pl210/f_wst210.arc,romfs-player-model-inventory
210,female,legs,armor-f-pl210-legs,armor-mod/f/pl210/f_leg210.arc,romfs-player-model-inventory
210,male,head,armor-m-pl210-head,armor-mod/m/pl210/m_helm210.arc,romfs-player-model-inventory
210,male,chest,armor-m-pl210-chest,armor-mod/m/pl210/m_body210.arc,romfs-player-model-inventory
210,male,arms,armor-m-pl210-arms,armor-mod/m/pl210/m_arm210.arc,romfs-player-model-inventory
210,male,waist,armor-m-pl210-waist,armor-mod/m/pl210/m_wst210.arc,romfs-player-model-inventory
210,male,legs,armor-m-pl210-legs,armor-mod/m/pl210/m_leg210.arc,romfs-player-model-inventory
211,female,head,armor-f-pl211-head,armor-mod/f/pl211/f_helm211.arc,romfs-player-model-inventory
211,female,chest,armor-f-pl211-chest,armor-mod/f/pl211/f_body211.arc,romfs-player-model-inventory
211,female,arms,armor-f-pl211-arms,armor-mod/f/pl211/f_arm211.arc,romfs-player-model-inventory
211,female,legs,armor-f-pl211-legs,armor-mod/f/pl211/f_leg211.arc,romfs-player-model-inventory
211,male,head,armor-m-pl211-head,armor-mod/m/pl211/m_helm211.arc,romfs-player-model-inventory
211,male,chest,armor-m-pl211-chest,armor-mod/m/pl211/m_body211.arc,romfs-player-model-inventory
211,male,arms,armor-m-pl211-arms,armor-mod/m/pl211/m_arm211.arc,romfs-player-model-inventory
211,male,legs,armor-m-pl211-legs,armor-mod/m/pl211/m_leg211.arc,romfs-player-model-inventory
212,female,head,armor-f-pl212-head,armor-mod/f/pl212/f_helm212.arc,romfs-player-model-inventory
212,female,chest,armor-f-pl212-chest,armor-mod/f/pl212/f_body212.arc,romfs-player-model-inventory
212,female,arms,armor-f-pl212-arms,armor-mod/f/pl212/f_arm212.arc,romfs-player-model-inventory
212,female,legs,armor-f-pl212-legs,armor-mod/f/pl212/f_leg212.arc,romfs-player-model-inventory
212,male,head,armor-m-pl212-head,armor-mod/m/pl212/m_helm212.arc,romfs-player-model-inventory
212,male,chest,armor-m-pl212-chest,armor-mod/m/pl212/m_body212.arc,romfs-player-model-inventory
212,male,arms,armor-m-pl212-arms,armor-mod/m/pl212/m_arm212.arc,romfs-player-model-inventory
212,male,legs,armor-m-pl212-legs,armor-mod/m/pl212/m_leg212.arc,romfs-player-model-inventory
213,female,head,armor-f-pl213-head,armor-mod/f/pl213/f_helm213.arc,romfs-player-model-inventory
213,male,head,armor-m-pl213-head,armor-mod/m/pl213/m_helm213.arc,romfs-player-model-inventory
